"date","ticker","monthly_return"
2014-08-28,"BAJAJELEC",-0.0811150702158877
2014-08-28,"APARINDS",0.167247386759581
2014-08-28,"EVEREADY",0.0365602471678683
2014-08-28,"TIMKEN",-0.0298694779116467
2014-08-28,"THOMASCOOK",-0.0281983345950034
2014-08-28,"JINDALPOLY",0.0265486725663717
2014-08-28,"JKCEMENT",0.168373151308305
2014-08-28,"TATASTLLP",0.0336791305699535
2014-08-28,"LOVABLE",-0.0522908629709874
2014-08-28,"SWANCORP",0.000854700854700852
2014-08-28,"RSSOFTWARE",0.344310451453309
2014-08-28,"63MOONS",-0.117767015039511
2014-08-28,"MPHASIS",-0.0451592947726571
2014-08-28,"RELIGARE",0.00309501702259363
2014-08-28,"SADBHAV",0.0751743987511588
2014-08-28,"ATUL",0.0205108359133126
2014-08-28,"COFORGE",0.114566284779051
2014-08-28,"GRANULES",0.140290255701451
2014-08-28,"INOXLEISUR",0.0160724722384569
2014-08-28,"COLPAL",0.136641852770885
2014-09-30,"INDIANB",0.0963606286186933
2014-09-30,"KOLTEPATIL",0.0334814814814817
2014-09-30,"KOPRAN",-0.0872309435183686
2014-09-30,"COROMANDEL",0.0891561664757548
2014-09-30,"CCL",0.151904997525977
2014-09-30,"GABRIEL",0.0322128851540617
2014-09-30,"BASF",-0.0718562874251499
2014-09-30,"JYOTISTRUC",0.170091324200913
2014-09-30,"BAYERCROP",-0.0374408762758275
2014-09-30,"CHENNPETRO",0.0181347150259066
2014-09-30,"SUNDRMFAST",-0.00362187613183651
2014-09-30,"RAMCOCEM",0.0976581963129048
2014-09-30,"TVTODAY",0.0684728699385595
2014-09-30,"TEXRAIL",0.0898172323759789
2014-09-30,"PCJEWELLER",0.0442669682403696
2014-09-30,"JYOTHYLAB",0.0568218298555376
2014-09-30,"TIMKEN",0.0296395193591454
2014-09-30,"BALKRISIND",-0.0218642117376296
2014-09-30,"SCI",0.0773067331670823
2014-09-30,"JKTYRE",0.0219780219780217
2014-10-31,"TATASTLBSL",-0.090440487347704
2014-10-31,"IFBIND",0.136999288931026
2014-10-31,"KSL",-0.0711756373937676
2014-10-31,"KITEX",0.0531701656292858
2014-10-31,"GSFC",-0.161486702979814
2014-10-31,"CRISIL",0.0642647204517683
2014-10-31,"EMAMILTD",-0.0351270553064272
2014-10-31,"INDHOTEL",0.0599128540305012
2014-10-31,"GRANULES",-0.0387902695595004
2014-10-31,"HINDOILEXP",-0.214348206474191
2014-10-31,"CUB",0.111254572842694
2014-10-31,"OBEROIRLTY",0.0618120237087219
2014-10-31,"TATASTLLP",-0.0762270521763027
2014-10-31,"BAJAJFINSV",0.094757094757095
2014-10-31,"DELTACORP",0.0136109818520238
2014-10-31,"JKTYRE",0.335689045936395
2014-10-31,"OMAXE",-0.052655435521644
2014-10-31,"RSSOFTWARE",-0.119524893225676
2014-10-31,"SUNDRMFAST",0.206544686840253
2014-10-31,"GABRIEL",0.07027027027027
2014-11-28,"NCC",0.276014890976777
2014-11-28,"SYMPHONY",0.0230485015541613
2014-11-28,"RNAVAL",0.148571428571429
2014-11-28,"NDTV",-0.0707081103334706
2014-11-28,"BAJAJHLDNG",-0.0135823429541596
2014-11-28,"AMRUTANJAN",0.0480890913692738
2014-11-28,"PEL",0.0567497850386933
2014-11-28,"SMLMAH",-0.0575060532687653
2014-11-28,"SOBHA",-0.0231958762886598
2014-11-28,"GSPL",0.0268218623481782
2014-11-28,"63MOONS",0.102346140768446
2014-11-28,"PERSISTENT",0.0162784170642716
2014-11-28,"NOCIL",-0.0810810810810809
2014-11-28,"TATAMETALI",0.0264732922511162
2014-11-28,"NETWORK18",0.199821587867975
2014-11-28,"DEN",-0.132167152575316
2014-11-28,"ATUL",0.0924927416009953
2014-11-28,"GODREJCP",-0.000000000000000111022302462516
2014-11-28,"JINDALSAW",-0.105328376703841
2014-11-28,"TEXRAIL",0.108765315739868
2014-12-31,"KALPATPOWR",0.0194371571667069
2014-12-31,"JBFIND",-0.0160944206008584
2014-12-31,"TFCILTD",0.0212454212454212
2014-12-31,"CENTURYPLY",0.150752125572269
2014-12-31,"ATULAUTO",-0.113802383698578
2014-12-31,"REDINGTON",-0.111254851228978
2014-12-31,"NETWORK18",-0.105654761904762
2014-12-31,"BBTC",0.11637239165329
2014-12-31,"ONMOBILE",0.166240844830523
2014-12-31,"VAKRANGEE",0.0305285250906318
2014-12-31,"FINCABLES",-0.0345772717689229
2014-12-31,"CONCOR",0.0299175922608388
2014-12-31,"CENTRALBK",0.129760701044826
2014-12-31,"JSWENERGY",0.181015452538631
2014-12-31,"TITAGARH",0.14616019818332
2014-12-31,"AJANTPHARM",0.0834470834470833
2014-12-31,"AMRUTANJAN",0.00924349306738015
2014-12-31,"CUB",-0.0101106447920639
2014-12-31,"LOVABLE",-0.012372158719364
2014-12-31,"J&KBANK",0.0156934306569343
2015-01-30,"OBEROIRLTY",0.153526970954357
2015-01-30,"GLOBOFFS",-0.0540604066282757
2015-01-30,"JAICORPLTD",-0.000627647889534177
2015-01-30,"PIIND",0.199216737091621
2015-01-30,"GPPL",0.0234276845761585
2015-01-30,"SADBHAV",0.117758478967871
2015-01-30,"SKFINDIA",-0.026114973715449
2015-01-30,"RAMCOCEM",-0.0870494372417723
2015-01-30,"BAYERCROP",-0.0134158209370221
2015-01-30,"63MOONS",-0.100963031997515
2015-01-30,"NATCOPHARM",0.0078062449959968
2015-01-30,"GDL",0.0839732888146909
2015-01-30,"JSWDULUX",-0.0253346509747546
2015-01-30,"INDIANB",-0.0134907251264753
2015-01-30,"GODREJCP",0.0631982125758064
2015-01-30,"BAJAJCON",0.0669411405916438
2015-01-30,"KANSAINER",-0.00461572276357269
2015-01-30,"RNAVAL",0.491
2015-01-30,"KALPATPOWR",-0.00689734452235924
2015-01-30,"BFUTILITIE",0
2015-02-28,"PRSMJOHNSN",-0.145962732919255
2015-02-28,"THOMASCOOK",0.0399159663865547
2015-02-28,"TAKE",-0.187385620915033
2015-02-28,"RADICO",0.0178784266984504
2015-02-28,"DBREALTY",-0.163989856297548
2015-02-28,"CRISIL",-0.0459213988625752
2015-02-28,"TVTODAY",-0.0803921568627454
2015-02-28,"PCJEWELLER",0.18176762587532
2015-02-28,"GODREJPROP",-0.156812776078831
2015-02-28,"GLOBOFFS",-0.199019790309573
2015-02-28,"NATCOPHARM",0.476644423260247
2015-02-28,"JYOTHYLAB",-0.0551322277005825
2015-02-28,"SUNDARMFIN",-0.0332606324972736
2015-02-28,"JUBILANT",-0.043887147335423
2015-02-28,"CENTURYPLY",-0.0604660927986566
2015-02-28,"GLAXO",0.108545438642526
2015-02-28,"TTKPRESTIG",0.13910986884541
2015-02-28,"AJANTPHARM",0.0473264574647063
2015-02-28,"BAYERCROP",-0.021288654316177
2015-02-28,"GSFC",-0.0871075097670383
2015-03-31,"SADBHAV",-0.145235244297772
2015-03-31,"ASHOKA",-0.12873213228453
2015-03-31,"AXISCADES",-0.24963202826023
2015-03-31,"HINDOILEXP",-0.0142857142857142
2015-03-31,"SHRIRAMCIT",-0.0335967561752657
2015-03-31,"GILLETTE",-0.115985576923077
2015-03-31,"GVPIL",-0.0245014245014247
2015-03-31,"SCHNEIDER",-0.162006213936973
2015-03-31,"APLLTD",0.0410700828937454
2015-03-31,"BAJAJCON",-0.0612836438923396
2015-03-31,"TORNTPHARM",0.00543478260869557
2015-03-31,"J&KBANK",-0.0238280815054007
2015-03-31,"ROLTA",-0.3281677301732
2015-03-31,"THERMAX",-0.107601088646967
2015-03-31,"PEL",0.0676788471435923
2015-03-31,"OFSS",0.0188487009679061
2015-03-31,"CUB",-0.039714494875549
2015-03-31,"TATACOFFEE",-0.0553764643978204
2015-03-31,"ATULAUTO",-0.13920961231578
2015-03-31,"BAJAJFINSV",0.00495750708215326
2015-04-30,"SMLMAH",-0.0988188976377953
2015-04-30,"AEGISLOG",0.0184442662389737
2015-04-30,"SHARDACROP",0.127712557808609
2015-04-30,"DYNAMATECH",-0.0918151615826033
2015-04-30,"TATASTLBSL",-0.105095541401274
2015-04-30,"SHRIRAMCIT",-0.127101893494515
2015-04-30,"AARTIDRUGS",-0.094944512946979
2015-04-30,"KRBL",0.0418914630276102
2015-04-30,"ASHOKA",0.117243379083704
2015-04-30,"SOBHA",0.0412457912457913
2015-04-30,"SYMPHONY",0.0545117142194385
2015-04-30,"ECLERX",-0.00511654349062007
2015-04-30,"METALFORGE",-0.233984457046839
2015-04-30,"SWANCORP",0.0333333333333334
2015-04-30,"RAJESHEXPO",-0.0457795642056272
2015-04-30,"FINCABLES",-0.0898008939455506
2015-04-30,"NAUKRI",0.0554803788903921
2015-04-30,"PIIND",0.0471698113207548
2015-04-30,"RALLIS",0.0544221236629274
2015-04-30,"KEC",0.17879746835443
2015-05-29,"WELSPUNLIV",0.139872315728381
2015-05-29,"GLOBOFFS",-0.173662855035042
2015-05-29,"AXISCADES",0.183306920232435
2015-05-29,"CANFINHOME",0.143373493975904
2015-05-29,"NILKAMAL",0.0995859213250518
2015-05-29,"BAYERCROP",0.0906653426017878
2015-05-29,"BSOFT",-0.117860380779692
2015-05-29,"SUNDARMFIN",0.0652263544157665
2015-05-29,"CIEINDIA",0.0608801955990219
2015-05-29,"OBEROIRLTY",-0.11432460020415
2015-05-29,"KANSAINER",-0.019887023137042
2015-05-29,"OFSS",0.0521458237194272
2015-05-29,"KRBL",-0.0978658536585367
2015-05-29,"ATULAUTO",0.0408722456901478
2015-05-29,"GODREJIND",-0.0500271886895052
2015-05-29,"INDHOTEL",-0.103370786516854
2015-05-29,"PRSMJOHNSN",-0.0103546229267845
2015-05-29,"HINDZINC",-0.00386996904024806
2015-05-29,"KARURVYSYA",0.0112781954887218
2015-05-29,"BAJAJFINSV",0.0181390661740009
2015-06-30,"CARERATING",-0.00733054074638229
2015-06-30,"JUBILANT",0.568874868559411
2015-06-30,"IGARASHI",0.282596530498041
2015-06-30,"SOBHA",-0.00769477396601459
2015-06-30,"BBTC",0.191427130610187
2015-06-30,"EVEREADY",-0.00264057160608888
2015-06-30,"KSCL",0.0162971663485536
2015-06-30,"CASTROLIND",0.129042288557215
2015-06-30,"KITEX",-0.214693790378557
2015-06-30,"PEL",0.0104292990540868
2015-06-30,"PFS",-0.0606729178157747
2015-06-30,"EROSMEDIA",0.0663817404746747
2015-06-30,"OIL",-0.0370705244122963
2015-06-30,"BAJAJFINSV",0.187276858162934
2015-06-30,"DISHTV",0.0948744869714608
2015-06-30,"PAGEIND",-0.0912454673277583
2015-06-30,"MFSL",0.128939828080229
2015-06-30,"AIAENG",-0.0133606292425383
2015-06-30,"NOCIL",-0.0662664511660126
2015-06-30,"CUB",-0.00336939173612305
2015-07-31,"NILKAMAL",0.109143476689555
2015-07-31,"TIL",-0.389637039887136
2015-07-31,"MEP",-0.0920144816205757
2015-07-31,"KALPATPOWR",-0.090328376085438
2015-07-31,"ICIL",0.093993993993994
2015-07-31,"ELECON",-0.195838433292533
2015-07-31,"METALFORGE",-0.5704
2015-07-31,"NOCIL",-0.156857916769268
2015-07-31,"IGARASHI",-0.16043771043771
2015-07-31,"GRANULES",0.0729357798165136
2015-07-31,"SYMPHONY",0.122429964594074
2015-07-31,"CHENNPETRO",0.274748923959828
2015-07-31,"MRPL",-0.226228462029355
2015-07-31,"HCL-INSYS",-0.13953488372093
2015-07-31,"TITAGARH",-0.0541284403669727
2015-07-31,"RIIL",-0.169106580927623
2015-07-31,"BOMDYEING",-0.272638277043563
2015-07-31,"CENTURYPLY",-0.250697084917617
2015-07-31,"JUBILANT",0.306104993050359
2015-07-31,"ATULAUTO",-0.0907504363001744
2015-08-31,"LAOPALA",0.018106131026957
2015-08-31,"TNPL",0.00937676254935171
2015-08-31,"SUPPETRO",0.125760088446656
2015-08-31,"COFORGE",0.00986436498150423
2015-08-31,"HIMATSEIDE",0.118737649657096
2015-08-31,"INOXLEISUR",0.000440237728373427
2015-08-31,"SCI",0.1875
2015-08-31,"NILKAMAL",0.0148491879350343
2015-08-31,"ZENSARTECH",-0.00548646671543529
2015-08-31,"RALLIS",0.0510489127457958
2015-08-31,"GLOBOFFS",0.118294127601963
2015-08-31,"UFLEX",0.0642468239564427
2015-08-31,"SRIPIPES",0.0923196276183087
2015-08-31,"KEI",-0.0428134556574924
2015-08-31,"JUBILANT",0.0839732888146911
2015-08-31,"GSPL",-0.0148975791433889
2015-08-31,"VTL",0.0655737704918031
2015-08-31,"PVRINOX",0.00471522521404633
2015-08-31,"MPHASIS",-0.0229007633587787
2015-08-31,"SMLMAH",0.0624120131393711
2015-09-30,"SYMPHONY",0.14516227614449
2015-09-30,"FDC",-0.0024059492563433
2015-09-30,"AXISCADES",0.10419734904271
2015-09-30,"SREINFRA",0.0419664268585129
2015-09-30,"ATUL",0.0427685275873324
2015-09-30,"ICIL",0.00691105769230793
2015-09-30,"TVTODAY",-0.119861289781308
2015-09-30,"GLOBOFFS",-0.407041616405308
2015-09-30,"EVEREADY",-0.0480905233380481
2015-09-30,"TVSSRICHAK",0.135210257329866
2015-09-30,"CUB",-0.0205927636643569
2015-09-30,"GDL",-0.0594483620458802
2015-09-30,"CAPLIPOINT",-0.111394712853236
2015-09-30,"SOBHA",0.179571663920923
2015-09-30,"JSWENERGY",0.0440446650124071
2015-09-30,"ESCORTS",0.141483516483516
2015-09-30,"ACLGATI",0.0199232051003406
2015-09-30,"CIEINDIA",0.0020977554017203
2015-09-30,"PIIND",0.0528944567264391
2015-09-30,"VAKRANGEE",-0.0202199361475697
2015-10-30,"TAKE",0.0859361809893635
2015-10-30,"KWALITY",0.305257510729614
2015-10-30,"SNOWMAN",0.0419712331997171
2015-10-30,"AARTIIND",-0.0103039670273054
2015-10-30,"UNICHEMLAB",0.00837320574162681
2015-10-30,"TORNTPOWER",-0.0275352585627935
2015-10-30,"TVTODAY",0.0766523769914902
2015-10-30,"SCI",0.01018675721562
2015-10-30,"PFIZER",-0.0331486524556301
2015-10-30,"FDC",0.0473064735174287
2015-10-30,"GAYAPROJ",0.078202380072437
2015-10-30,"TV18BRDCST",0.117370892018779
2015-10-30,"ABBOTINDIA",-0.0508687460749424
2015-10-30,"JBCHEPHARM",-0.00480192076830732
2015-10-30,"CANFINHOME",0.0408401400233367
2015-10-30,"SWANCORP",-0.0323943661971831
2015-10-30,"OBEROIRLTY",-0.14004829251466
2015-10-30,"KITEX",-0.00427382469820781
2015-10-30,"ENGINERSIN",0.118917362510798
2015-10-30,"BERGEPAINT",0.00702189178025603
2015-11-30,"GODFRYPHLP",-0.0215215215215216
2015-11-30,"COSMOFIRST",-0.0294916569654641
2015-11-30,"LYKALABS",-0.022484756097561
2015-11-30,"ASTRAMICRO",-0.0979706088173545
2015-11-30,"KPRMILL",0.0561941251596425
2015-11-30,"TCI",-0.0802980132450331
2015-11-30,"ARCOTECH",-0.0740740740740741
2015-11-30,"MPHASIS",-0.00480897675661252
2015-11-30,"PEL",0.0236380009004957
2015-11-30,"KRBL",-0.0457155984378592
2015-11-30,"BFUTILITIE",0.0839550709190786
2015-11-30,"GMBREW",0.0109509287496534
2015-11-30,"CIGNITITEC",-0.072324414715719
2015-11-30,"COFORGE",-0.00396825396825407
2015-11-30,"NOCIL",0.0229763912310286
2015-11-30,"TAKE",-0.16132341626058
2015-11-30,"ZENSARTECH",0.0347163420829808
2015-11-30,"TORNTPOWER",-0.0907877169559412
2015-11-30,"HCL-INSYS",-0.0617706550490119
2015-11-30,"GHCL",-0.0821167883211681
2015-12-31,"KAJARIACER",-0.00793650793650813
2015-12-31,"TANLA",-0.112385321100917
2015-12-31,"KOPRAN",-0.230967004713612
2015-12-31,"KAYA",-0.134512279488066
2015-12-31,"SADBHAV",-0.104094256259205
2015-12-31,"ONMOBILE",0.00730534492324764
2015-12-31,"MRPL",-0.0536779324055666
2015-12-31,"PFS",-0.150734192388373
2015-12-31,"SNOWMAN",-0.146728971962617
2015-12-31,"BALRAMCHIN",0.236863379143088
2015-12-31,"ECLERX",-0.0137309590216694
2015-12-31,"GUJGASLTD",-0.0900594732370437
2015-12-31,"REPCOHOME",-0.0820159649397403
2015-12-31,"LYKALABS",-0.269511726259131
2015-12-31,"NAUKRI",-0.0978067575577949
2015-12-31,"CUB",-0.134225621414914
2015-12-31,"JBFIND",-0.0577310835190491
2015-12-31,"NOCIL",-0.158800891229492
2015-12-31,"EIDPARRY",-0.090439978272678
2015-12-31,"ASTRAMICRO",-0.097727272727273
2016-01-29,"SREINFRA",-0.196277495769882
2016-01-29,"MTEDUCARE",-0.135504398278121
2016-01-29,"JAICORPLTD",-0.158422350041085
2016-01-29,"RNAVAL",-0.157534246575343
2016-01-29,"KANSAINER",-0.00313656608744761
2016-01-29,"TREEHOUSE",-0.411895910780669
2016-01-29,"NETWORK18",-0.189673340358272
2016-01-29,"RADICO",-0.170886075949367
2016-01-29,"RIIL",0.000580467276157348
2016-01-29,"INDHOTEL",-0.109090909090909
2016-01-29,"GSPL",-0.0663119115841181
2016-01-29,"NILKAMAL",-0.294446664003196
2016-01-29,"BERGEPAINT",-0.164378975560764
2016-01-29,"SUPREMEIND",-0.093337357579416
2016-01-29,"BALRAMCHIN",-0.123904881101377
2016-01-29,"KSCL",-0.0306451612903225
2016-01-29,"CASTROLIND",-0.115711082639334
2016-01-29,"JISLJALEQS",-0.16521453230314
2016-01-29,"TV18BRDCST",-0.210772833723653
2016-01-29,"SWANCORP",-0.0331023864511163
2016-02-29,"ECLERX",-0.0374914792092705
2016-02-29,"ONMOBILE",0.12594210813763
2016-02-29,"COSMOFIRST",0.224631396357329
2016-02-29,"TEXRAIL",-0.037749737118822
2016-02-29,"ARCOTECH",0.114041339985745
2016-02-29,"ACLGATI",0.0149743986088298
2016-02-29,"CANFINHOME",0.160762942779292
2016-02-29,"KITEX",0.168076706147772
2016-02-29,"ENGINERSIN",0.0809963421006794
2016-02-29,"SHREECEM",0.194921208471344
2016-02-29,"KARURVYSYA",0.146608315098468
2016-02-29,"JUBILANT",0.305438564365501
2016-02-29,"UBL",0.0237275162648298
2016-02-29,"KTKBANK",0.134010152284264
2016-02-29,"DHFL",0.24869109947644
2016-02-29,"WELSPUNLIV",0.105651731160896
2016-02-29,"PERSISTENT",0.243258017492711
2016-02-29,"UNIONBANK",0.16211273666093
2016-02-29,"AJANTPHARM",0.0739475211140483
2016-02-29,"GAIL",0.109919571045576
2016-03-31,"SADBHAV",-0.103401876897599
2016-03-31,"BSOFT",0.0639498432601877
2016-03-31,"SRIPIPES",0.144876783398185
2016-03-31,"CHENNPETRO",0.0538116591928246
2016-03-31,"TAKE",-0.0996598393283635
2016-03-31,"PCJEWELLER",0.0177810588971199
2016-03-31,"JINDALPOLY",0.144302799316599
2016-03-31,"TVTODAY",0.0197087807030447
2016-03-31,"ABFRL",0.0495049504950493
2016-03-31,"EIDPARRY",0.0455797645880289
2016-03-31,"GMBREW",-0.232511435903157
2016-03-31,"ICIL",0.0635581459894534
2016-03-31,"PEL",0.135274679884346
2016-03-31,"CANFINHOME",0.0146419583619311
2016-03-31,"SMLMAH",0.241795043536504
2016-03-31,"TATASTLLP",0.220974304859536
2016-03-31,"PERSISTENT",0.00195930670685707
2016-03-31,"AIAENG",0.0316379215643194
2016-03-31,"KRBL",0.0405573525752672
2016-03-31,"ESCORTS",0.214448669201521
2016-04-29,"DHAMPURSUG",0.0229411764705882
2016-04-29,"DALMIASUG",-0.0528169014084507
2016-04-29,"VADILALIND",-0.0594982078853046
2016-04-29,"CIEINDIA",0.104212253829322
2016-04-29,"GALLISPAT",-0.0410901467505244
2016-04-29,"CUB",0.134650905060953
2016-04-29,"KITEX",-0.00220238785209215
2016-04-29,"PFIZER",0.0770755039289366
2016-04-29,"EIDPARRY",0.0316272332206664
2016-04-29,"DELTACORP",0.032990516895953
2016-04-29,"SCI",-0.0360623781676416
2016-04-29,"DCBBANK",0.0333878122811115
2016-04-29,"MPHASIS",0.0797799174690503
2016-04-29,"COSMOFIRST",-0.0118424676397687
2016-04-29,"OFSS",-0.0466434176111596
2016-04-29,"KAJARIACER",0.0278685177623517
2016-04-29,"BAJAJELEC",0.0175483870967741
2016-04-29,"AXISCADES",-0.0563681769532648
2016-04-29,"ARCOTECH",-0.00373641304347827
2016-04-29,"PVRINOX",0.0691632105391564
2016-05-31,"REPCOHOME",0.145872229888789
2016-05-31,"KIRIINDUS",0.964581178903827
2016-05-31,"TATAMETALI",0.476030746547984
2016-05-31,"GSFC",0.0833627070849483
2016-05-31,"HIMATSEIDE",0.0396319197624035
2016-05-31,"CRISIL",-0.0936286038952459
2016-05-31,"MRPL",-0.00067147893234798
2016-05-31,"CANFINHOME",0.0112132765193986
2016-05-31,"KARURVYSYA",0.0729729729729727
2016-05-31,"KANSAINER",0.0769141665701378
2016-05-31,"JINDALPOLY",-0.0680753992075882
2016-05-31,"GALLISPAT",0.0352941176470589
2016-05-31,"RALLIS",0.0601027860427372
2016-05-31,"CENTURYPLY",0.156802928615009
2016-05-31,"ATUL",0.0943343566843429
2016-05-31,"ASTRAMICRO",0.0937499999999998
2016-05-31,"TATACHEM",0.0048293625241469
2016-05-31,"SUPREMEIND",-0.0164130110414803
2016-05-31,"BAJAJELEC",0.041884816753927
2016-05-31,"PERSISTENT",-0.0532140691328079
2016-06-30,"MUTHOOTFIN",0.154801324503311
2016-06-30,"VGUARD",0.143605870020965
2016-06-30,"ROLTA",0.0202676864244744
2016-06-30,"SNOWMAN",0.142684401451028
2016-06-30,"MTEDUCARE",-0.069474703461632
2016-06-30,"TAKE",0.0250072191741266
2016-06-30,"BERGEPAINT",0.210988296488946
2016-06-30,"ARCOTECH",-0.00915930650965002
2016-06-30,"GHCL",0.211331247827598
2016-06-30,"PIIND",0.0487647227808097
2016-06-30,"EDELWEISS",0.250314465408806
2016-06-30,"TATAMETALI",0.247342548759705
2016-06-30,"EIDPARRY",-0.00671704450041977
2016-06-30,"DHAMPURSUG",0.0303295740720464
2016-06-30,"GMBREW",-0.235241502683363
2016-06-30,"CASTROLIND",0.123815800313041
2016-06-30,"KEC",-0.00149031296572277
2016-06-30,"ABB",0.0340586565752126
2016-06-30,"PVRINOX",0.114052351899232
2016-06-30,"KTKBANK",0.0834938985228002
2016-07-29,"KCPSUGIND",-0.15027027027027
2016-07-29,"ASTEC",0.181081081081081
2016-07-29,"A2ZINFRA",-0.0469135802469134
2016-07-29,"INDIANB",0.448558067030397
2016-07-29,"SATIN",-0.0185958718562664
2016-07-29,"TATAMETALI",0.0583681907784028
2016-07-29,"THOMASCOOK",0.0222893298820819
2016-07-29,"ATUL",0.158407798537774
2016-07-29,"DALMIASUG",-0.317380352644836
2016-07-29,"UGARSUGAR",-0.402360346184107
2016-07-29,"KITEX",-0.0134921471487296
2016-07-29,"NAVA",0.0137994480220791
2016-07-29,"KCP",-0.0357376334713444
2016-07-29,"CENTURYPLY",-0.0562906481273827
2016-07-29,"TATACOFFEE",0.0782163607857607
2016-07-29,"NAUKRI",0.0192926045016077
2016-07-29,"VTL",-0.0679187033702081
2016-07-29,"RAYMOND",-0.0976645435244163
2016-07-29,"RCF",-0.0226315789473684
2016-07-29,"MERCATOR",0.148526077097505
2016-08-31,"CARBORUNIV",0.00291431902078854
2016-08-31,"JMFINANCIL",-0.00999999999999979
2016-08-31,"SUDARSCHEM",-0.0862666666666666
2016-08-31,"BAJAJELEC",-0.0441110613524405
2016-08-31,"OFSS",-0.0647899910634494
2016-08-31,"BAYERCROP",0.139423953332928
2016-08-31,"PHILIPCARB",-0.050531914893617
2016-08-31,"SATIN",-0.0385313697801088
2016-08-31,"GICHSGFIN",0.0478081192772066
2016-08-31,"GABRIEL",-0.0240295748613679
2016-08-31,"APLLTD",0.0427980579032545
2016-08-31,"SCI",0.0317796610169492
2016-08-31,"BAJAJHLDNG",0.0488888888888888
2016-08-31,"HCL-INSYS",0.0804364374524231
2016-08-31,"MERCATOR",-0.0712166172106822
2016-08-31,"ADANITRANS",-0.0205391527599484
2016-08-31,"KANSAINER",-0.0174744027303755
2016-08-31,"EDELWEISS",0.00878230028711369
2016-08-31,"NOCIL",0.142267267267267
2016-08-31,"CROMPTON",-0.0782013685239494
2016-09-30,"WELSPUNLIV",0.0573964497041419
2016-09-30,"BBTC",-0.00136297810716413
2016-09-30,"PRAKASH",0.151528776978417
2016-09-30,"GMBREW",-0.153114534494307
2016-09-30,"ALPHAGEO",-0.0352892997133331
2016-09-30,"JKIL",0.131608868675384
2016-09-30,"HINDOILEXP",0.122344944774851
2016-09-30,"APTECHT",0.324299703939877
2016-09-30,"SUNDRMFAST",0.0588766480043341
2016-09-30,"SUPREMEIND",-0.00803750837240469
2016-09-30,"PGHH",0.0265311396330434
2016-09-30,"OBEROIRLTY",0.230524079320114
2016-09-30,"ENERGYDEV",-0.0335512645076275
2016-09-30,"CARERATING",0.0296444484859506
2016-09-30,"LINCOLN",0.00467190486302838
2016-09-30,"PARAGMILK",0.0544574700109051
2016-09-30,"AIAENG",-0.0106203234371229
2016-09-30,"AEGISLOG",-0.0173883395840434
2016-09-30,"BLUEDART",-0.0687265917602997
2016-09-30,"GMDCLTD",0.315828402366864
2016-10-30,"TVSSRICHAK",-0.101016260162601
2016-10-30,"AARTIDRUGS",-0.0385942893002826
2016-10-30,"VIVIMEDLAB",-0.0707507281781453
2016-10-30,"MBLINFRA",-0.19236276849642
2016-10-30,"NAVA",-0.159272727272727
2016-10-30,"TFCILTD",-0.209442060085837
2016-10-30,"PATELENG",-0.135564378899603
2016-10-30,"JKPAPER",-0.0368722186904006
2016-10-30,"PRESTIGE",-0.203883495145631
2016-10-30,"ASIANTILES",-0.185404580152672
2016-10-30,"JSLHISAR",-0.0931520644511581
2016-10-30,"SUNTECK",-0.329163688348821
2016-10-30,"SUDARSCHEM",-0.204566697823474
2016-10-30,"PFS",-0.0789620535714287
2016-10-30,"TNPL",-0.0764011222026489
2016-10-30,"JBFIND",-0.154131465073151
2016-10-30,"SCI",-0.159521435692921
2016-10-30,"ALANKIT",-0.159188690842041
2016-10-30,"COSMOFIRST",-0.180840664711632
2016-10-30,"PRABHAT",-0.128661087866109
2016-11-30,"MOIL",-0.0541424418604651
2016-11-30,"GUJALKALI",-0.0351973684210525
2016-11-30,"ASTEC",0.0584764879403092
2016-11-30,"JBMA",0.00225988700564939
2016-11-30,"UNOMINDA",-0.00742311770943782
2016-11-30,"GMDCLTD",-0.0962264150943396
2016-11-30,"BLUEDART",-0.0665051750715699
2016-11-30,"SHRIRAMCIT",-0.0328344422474632
2016-11-30,"NILKAMAL",-0.0992874481246574
2016-11-30,"OMAXE",-0.00753355279817691
2016-11-30,"KARURVYSYA",-0.0030150753768845
2016-11-30,"NESTLEIND",-0.0357575757575759
2016-11-30,"FRETAIL",0.0533223954060704
2016-11-30,"COFORGE",-0.00132802124834019
2016-11-30,"STAR",-0.0128262826282629
2016-11-30,"REPCOHOME",-0.0493769760089273
2016-11-30,"GODREJCP",0.00889679715302516
2016-11-30,"SPARC",-0.0625864985391359
2016-11-30,"CESC",0.0731407498463428
2016-11-30,"AEGISLOG",-0.137233259749816
2016-12-30,"MRPL",-0.0146330222375849
2016-12-30,"JAICORPLTD",-0.0332385087587962
2016-12-30,"RBL",-0.0283145792563599
2016-12-30,"JKLAKSHMI",0.0200468247000298
2016-12-30,"HINDOILEXP",0.0742157612853866
2016-12-30,"BLISSGVS",-0.065758884091664
2016-12-30,"SUDARSCHEM",0.0231749710312863
2016-12-30,"HCL-INSYS",-0.000846596681340794
2016-12-30,"HINDCOPPER",0.0447390223695114
2016-12-30,"A2ZINFRA",-0.0142348754448398
2016-12-30,"QUICKHEAL",0.0298325191905093
2016-12-30,"RIIL",0.00663327467172037
2016-12-30,"CHAMBLFERT",0.128095644748079
2016-12-30,"PATELENG",0.012909441233141
2016-12-30,"RUSHIL",0.194710975895156
2016-12-30,"DHAMPURSUG",0.198351502260037
2016-12-30,"ICIL",0.0592783505154646
2016-12-30,"CHENNPETRO",0.165760869565217
2016-12-30,"SWANCORP",0.0653942428035046
2016-12-30,"JKIL",0.0546153846153847
2017-01-31,"ARCOTECH",0.161729857819905
2017-01-31,"MASTEK",0
2017-01-31,"DATAMATICS",-0.0551387846961744
2017-01-31,"GODFRYPHLP",0.0111831804965332
2017-01-31,"BAYERCROP",-0.0487855023937497
2017-01-31,"RBL",-0.00105919003115285
2017-01-31,"CENTURYPLY",0.209725685785536
2017-01-31,"DHAMPURSUG",0.0356401631718315
2017-01-31,"TEXRAIL",-0.154486687849238
2017-01-31,"TATACOFFEE",-0.000817394877658972
2017-01-31,"TANLA",-0.112727272727273
2017-01-31,"CANFINHOME",0.0183927560837576
2017-01-31,"SONATSOFTW",-0.00281690140845092
2017-01-31,"PTC",0.0309771309771312
2017-01-31,"JAICORPLTD",0.0761948389067035
2017-01-31,"RAMCOCEM",-0.0685376235480842
2017-01-31,"MERCATOR",0.00107296137338997
2017-01-31,"INTELLECT",-0.214754731556586
2017-01-31,"NATIONALUM",-0.106696935300794
2017-01-31,"ROLTA",-0.0171793847383137
2017-02-28,"FRETAIL",0.0331790123456792
2017-02-28,"CARBORUNIV",0.109306056959487
2017-02-28,"DEEPAKFERT",0.0300715990453462
2017-02-28,"NFL",0.0146403564608526
2017-02-28,"RAIN",0.240507859733978
2017-02-28,"PRAKASH",-0.0464628297362111
2017-02-28,"IPCALAB",0.12611441307578
2017-02-28,"CHAMBLFERT",0.0447542186353631
2017-02-28,"WELSPUNLIV",-0.0239470517448853
2017-02-28,"ZUARI",-0.0170446847139794
2017-02-28,"LTFOODS",0.211847389558233
2017-02-28,"JMFINANCIL",0.051103043842502
2017-02-28,"SHRIRAMCIT",0.247363073003878
2017-02-28,"ADANITRANS",-0.00155642023346292
2017-02-28,"ABFRL",-0.0308663626797619
2017-02-28,"KANSAINER",0.0643784873634354
2017-02-28,"SATIN",-0.138291446729168
2017-02-28,"CUB",0.034474616292798
2017-02-28,"JKPAPER",0.0478087649402397
2017-02-28,"KEC",0.241961158866604
2017-03-31,"GFLLIMITED",0.00684184432325252
2017-03-31,"EROSMEDIA",-0.216407098877219
2017-03-31,"JSL",-0.0657894736842104
2017-03-31,"MTEDUCARE",-0.0573099415204679
2017-03-31,"FRETAIL",0.129084672323524
2017-03-31,"DBL",0.152270210409745
2017-03-31,"PRABHAT",-0.00850093302923505
2017-03-31,"ORIENTCEM",0.217147310989867
2017-03-31,"PRESTIGE",0.0873508353221959
2017-03-31,"PRAKASH",0.118405275779377
2017-03-31,"MEGH",0.0138248847926268
2017-03-31,"INDHOTEL",0.00806813088301239
2017-03-31,"AEGISLOG",-0.011170064227869
2017-03-31,"VENKEYS",0.173875096974399
2017-03-31,"SPARC",-0.0532517899761337
2017-03-31,"WHIRLPOOL",-0.0190349528282281
2017-03-31,"PARAGMILK",0.0382006738721392
2017-03-31,"PHILIPCARB",0.207532365633582
2017-03-31,"AIAENG",-0.0514637700357665
2017-03-31,"PRSMJOHNSN",0.198640407877637
2017-04-28,"FLFL",0.125960866526905
2017-04-28,"RUPA",-0.0621860865221853
2017-04-28,"TDPOWERSYS",-0.114699331848552
2017-04-28,"ITI",-0.330184435447593
2017-04-28,"VMART",0.0336206896551727
2017-04-28,"TVSSRICHAK",-0.0500066111331482
2017-04-28,"INOXLEISUR",-0.00865837976853845
2017-04-28,"KOLTEPATIL",-0.0533370566880756
2017-04-28,"TFCILTD",0.0295652173913044
2017-04-28,"DREDGECORP",-0.0830394357165755
2017-04-28,"A2ZINFRA",-0.150210084033613
2017-04-28,"WELENT",0.0181582360570691
2017-04-28,"PRESTIGE",0.00517241379310329
2017-04-28,"CENTENKA",-0.0537730243612596
2017-04-28,"NCLIND",-0.0753921038399135
2017-04-28,"NEULANDLAB",0.00299625468164844
2017-04-28,"ASTRAL",0.0861999190611087
2017-04-28,"AARTIIND",0.032369942196532
2017-04-28,"DBL",0.0448532948532949
2017-04-28,"ARCOTECH",-0.245330359632005
2017-05-31,"MASTEK",-0.0345233424872502
2017-05-31,"HUBTOWN",-0.102839600920951
2017-05-31,"ADFFOODS",-0.0857142857142857
2017-05-31,"ITDC",0.0400654916690744
2017-05-31,"ATLANTAA",-0.0800842028189636
2017-05-31,"DCMSHRIRAM",-0.059818352646414
2017-05-31,"DHANI",0.0338407264650162
2017-05-31,"JKCEMENT",-0.151837524177949
2017-05-31,"CYIENT",0.0259592250221601
2017-05-31,"RADICO",-0.0239867659222498
2017-05-31,"IIFL",0.184589931458284
2017-05-31,"SOBHA",-0.0156343956704755
2017-05-31,"ASTRAMICRO",0.0743405275779379
2017-05-31,"VASCONEQ",-0.230986483760339
2017-05-31,"GODREJPROP",0.0620831195484866
2017-05-31,"CHAMBLFERT",-0.0417910447761195
2017-05-31,"CENTRALBK",-0.153745469190495
2017-05-31,"TATASTLBSL",-0.172075933864054
2017-05-31,"GSFC",-0.136044880785414
2017-05-31,"ATUL",-0.056346623270952
2017-06-30,"ASTRAL",-0.0824075609351682
2017-06-30,"AVANTIFEED",0.0961172653015552
2017-06-30,"RAMCOIND",-0.0545645330535151
2017-06-30,"SHAKTIPUMP",0.0473269062226118
2017-06-30,"LTFOODS",0.0223107569721115
2017-06-30,"ARIHANTSUP",-0.0356156819436776
2017-06-30,"KRBL",0.18876404494382
2017-06-30,"BALAJITELE",0.158897139713971
2017-06-30,"SATIN",0.0513022297170695
2017-06-30,"QUESS",-0.0406203840472675
2017-06-30,"MHRIL",-0.00671065876300203
2017-06-30,"JINDALPOLY",-0.068936991589687
2017-06-30,"IGARASHI",0.0451739103857207
2017-06-30,"KOLTEPATIL",-0.0178406644109502
2017-06-30,"LAURUSLABS",-0.0734929810074323
2017-06-30,"ADANITRANS",-0.0114624505928854
2017-06-30,"TIMETECHNO",0.00245416486213346
2017-06-30,"UNOMINDA",0.212590799031477
2017-06-30,"IPCALAB",-0.0269311064718164
2017-06-30,"EIDPARRY",0.0683027286768492
2017-07-31,"GSPL",0.00521587945523017
2017-07-31,"SHRIRAMCIT",-0.124056441436274
2017-07-31,"TATAINVEST",-0.00683994528043763
2017-07-31,"TINPLATE",0.20925576407931
2017-07-31,"GFLLIMITED",-0.0652585433894592
2017-07-31,"FEL",0.240641711229946
2017-07-31,"CARERATING",-0.0926487003667675
2017-07-31,"GRAPHITE",0.279287722586692
2017-07-31,"LUXIND",0.0665730082479832
2017-07-31,"GPPL",-0.118000829531315
2017-07-31,"BALAJITELE",-0.020812392833915
2017-07-31,"HUBTOWN",-0.0725902419674729
2017-07-31,"SHAKTIPUMP",0.0739236393176281
2017-07-31,"CEMPRO",-0.0187734668335418
2017-07-31,"HSCL",0.210310486233158
2017-07-31,"WELCORP",0.0986301369863014
2017-07-31,"JTEKTINDIA",-0.0289639806906795
2017-07-31,"MEP",-0.0174620090920189
2017-07-31,"MERCATOR",0.0541871921182266
2017-07-31,"RUPA",0.00488640837405363
2017-08-31,"PHOENIXLTD",-0.0327214684756583
2017-08-31,"JSLHISAR",-0.0576766856214461
2017-08-31,"JSL",0.129989764585466
2017-08-31,"NFL",-0.124498692240628
2017-08-31,"TNPL",0.0435667308600702
2017-08-31,"TIRUMALCHM",0.111174319382364
2017-08-31,"HEG",0.381479840496234
2017-08-31,"RELIGARE",-0.166294642857143
2017-08-31,"MASTEK",-0.0608856088560883
2017-08-31,"HUDCO",-0.0118290960451978
2017-08-31,"NAVINFLUOR",0.0511882998171846
2017-08-31,"PRESTIGE",0.0137667304015299
2017-08-31,"TRIVENI",-0.105904059040591
2017-08-31,"RADICO",0.01055900621118
2017-08-31,"ARCOTECH",-0.0915149961548321
2017-08-31,"HIMATSEIDE",-0.0338708673183489
2017-08-31,"SUNFLAG",0.128928283642224
2017-08-31,"CARBORUNIV",-0.0904590459045904
2017-08-31,"TIMETECHNO",0.0709677419354839
2017-08-31,"QUESS",-0.00900163666121101
2017-09-29,"HINDOILEXP",0.0323119777158776
2017-09-29,"VISAKAIND",0.100310880829015
2017-09-29,"IMFA",0.0766871165644172
2017-09-29,"JBMA",-0.0554293502953206
2017-09-29,"INSECTICID",-0.0472461053886096
2017-09-29,"SUNFLAG",0.0518518518518518
2017-09-29,"GRAVITA",0.187878787878788
2017-09-29,"WELENT",0.15550041356493
2017-09-29,"AIAENG",-0.00673834039975763
2017-09-29,"JAMNAAUTO",0.230703806081225
2017-09-29,"TATAINVEST",-0.0158730158730156
2017-09-29,"ADFFOODS",0.000000000000000222044604925031
2017-09-29,"NATHBIOGEN",0.0703006417596463
2017-09-29,"CENTRALBK",0.101649888143177
2017-09-29,"AARTIIND",0.0965011286681718
2017-09-29,"DEEPAKNTR",0.123546904568802
2017-09-29,"KEI",-0.06984667802385
2017-09-29,"ACLGATI",0.105738172145164
2017-09-29,"JAICORPLTD",0.157976805379592
2017-09-29,"HCL-INSYS",0.0148619957537153
2017-10-31,"SPIC",-0.0619872379216044
2017-10-31,"INDIAGLYCO",0.194646494035497
2017-10-31,"TVSELECT",0.000515397500321813
2017-10-31,"PGEL",-0.0844748858447486
2017-10-31,"CAMLINFINE",0.227921550423581
2017-10-31,"OBEROIRLTY",0.00212224108658776
2017-10-31,"SHOPERSTOP",-0.042428483947161
2017-10-31,"WALCHANNAG",0.0198744769874482
2017-10-31,"AJMERA",0.187647521636506
2017-10-31,"PROZONINTU",0.102745098039215
2017-10-31,"GUJGASLTD",-0.0380040615027558
2017-10-31,"INDHOTEL",0.0769944341372915
2017-10-31,"GHCL",0.234191382204812
2017-10-31,"GENUSPOWER",0.0340715502555369
2017-10-31,"ITI",-0.0765223054379679
2017-10-31,"PERSISTENT",-0.00552208835341372
2017-10-31,"TIMETECHNO",0.0398401398776076
2017-10-31,"DEEPAKNTR",-0.0277507302823755
2017-10-31,"SANGHIIND",-0.0871385083713853
2017-10-31,"JSL",-0.066239316239316
2017-11-30,"MPHASIS",0.0078152136158387
2017-11-30,"PURVA",0.234461890742558
2017-11-30,"TATASTLBSL",0.0137481910274966
2017-11-30,"PENIND",0.0700389105058365
2017-11-30,"GOACARBON",0.0386128228661333
2017-11-30,"IFBIND",-0.0722604372403461
2017-11-30,"KOLTEPATIL",-0.00383795309168455
2017-11-30,"UNICHEMLAB",0.123108157991879
2017-11-30,"RELIGARE",0.201543739279588
2017-11-30,"ELECON",0.230579531442664
2017-11-30,"BASF",0.0469511888604035
2017-11-30,"NETWORK18",0.132899628252788
2017-11-30,"ANDHRSUGAR",-0.0332298493733474
2017-11-30,"ZUARI",0.0763067904250119
2017-11-30,"ZENTEC",0.435328185328185
2017-11-30,"SUNTECK",0.0249590318920969
2017-11-30,"CEREBRAINT",-0.0779816513761468
2017-11-30,"ECLERX",0.139473101616117
2017-11-30,"SDBL",0.0380273321449798
2017-11-30,"SRIPIPES",0.0140935756188296
2017-12-29,"TEAMLEASE",-0.0631763673588773
2017-12-29,"COFFEEDAY",0.139335476956055
2017-12-29,"INDOCO",-0.0368405859854225
2017-12-29,"TEXINFRA",-0.0492834162035684
2017-12-29,"ZUARIGLOB",-0.190095155709343
2017-12-29,"SADBHIN",-0.00822902980430162
2017-12-29,"MIRCELECTR",-0.0717522658610269
2017-12-29,"GENUSPOWER",0.0861070911722144
2017-12-29,"WSTCSTPAPR",-0.152209197475203
2017-12-29,"PENINLAND",-0.0488505747126438
2017-12-29,"SPECIALITY",-0.0882473262813392
2017-12-29,"DEN",0.0174953959484347
2017-12-29,"VASCONEQ",-0.136945392491468
2017-12-29,"ZENTEC",-0.210735586481113
2017-12-29,"ASHAPURMIN",-0.0661725780836421
2017-12-29,"LTTS",0.126603227141084
2017-12-29,"CAMLINFINE",-0.0640190140305144
2017-12-29,"NUCLEUS",-0.145288111723976
2017-12-29,"VISAKAIND",0.136372233780973
2017-12-29,"ADFFOODS",-0.134290540540541
2018-01-31,"ECLERX",-0.121865203761755
2018-01-31,"TVTODAY",0.0218666136566941
2018-01-31,"ALEMBICLTD",0.00153475115106305
2018-01-31,"APEX",0.0837258405067405
2018-01-31,"GMBREW",0.0253647372937924
2018-01-31,"3MINDIA",0.0744831492495044
2018-01-31,"SONATSOFTW",0.0806962025316453
2018-01-31,"WHIRLPOOL",-0.0463587437836367
2018-01-31,"SUNFLAG",0.185857321652065
2018-01-31,"RNAVAL",-0.0849377123442807
2018-01-31,"NAVA",-0.00547195622435004
2018-01-31,"HONAUT",0.0165175085590723
2018-01-31,"KNRCON",0.00919632147141147
2018-01-31,"MANINDS",0.000542888165038224
2018-01-31,"CHOLAHLDNG",-0.038611713665944
2018-01-31,"GAYAPROJ",-0.00796626054358041
2018-01-31,"GANESHHOU",-0.0638510142999665
2018-01-31,"ROLTA",0.0407854984894258
2018-01-31,"BLUEDART",-0.0835079977937117
2018-01-31,"BBL",0.191198786039454
2018-02-28,"SYMPHONY",0.00123747434504451
2018-02-28,"LTTS",-0.124744376278119
2018-02-28,"COFFEEDAY",-0.0185125563425624
2018-02-28,"NAVKARCORP",-0.117612638970158
2018-02-28,"SHAKTIPUMP",-0.038300835654596
2018-02-28,"NAUKRI",-0.0955969853232843
2018-02-28,"JKIL",-0.147941970310391
2018-02-28,"3MINDIA",-0.0761276241945542
2018-02-28,"CEREBRAINT",-0.0150176678445231
2018-02-28,"OFSS",-0.0289855072463768
2018-02-28,"MOTILALOFS",-0.131255901794145
2018-02-28,"LTM",-0.0466474635941752
2018-02-28,"VISAKAIND",-0.0552091804463719
2018-02-28,"IPCALAB",-0.0444477701287044
2018-02-28,"GODREJPROP",-0.0721609595666471
2018-02-28,"SUPREMEIND",0.00192254875034337
2018-02-28,"MANINDS",-0.0206409560021729
2018-02-28,"CROMPTON",0.0176456930578126
2018-02-28,"REPCOHOME",-0.0189361499666951
2018-02-28,"INTELLECT",-0.157729531781324
2018-03-28,"THERMAX",0.0136181326368807
2018-03-28,"OBEROIRLTY",0.0961103107635317
2018-03-28,"ASHOKA",0.10967968612754
2018-03-28,"RELIGARE",0.0663594470046085
2018-03-28,"EXCELINDUS",0.562342342342343
2018-03-28,"V2RETAIL",-0.00870162583008938
2018-03-28,"CERA",-0.0589905362776021
2018-03-28,"GOACARBON",-0.207403375068046
2018-03-28,"SWANCORP",-0.0893765052180892
2018-03-28,"CENTRALBK",-0.00558084887648713
2018-03-28,"BBL",0.149535423925667
2018-03-28,"KALPATPOWR",0.01019221182075
2018-03-28,"WHIRLPOOL",0.0250373567989373
2018-03-28,"SONATSOFTW",0.138805970149254
2018-03-28,"PHILIPCARB",0.143990384615384
2018-03-28,"CHAMBLFERT",0.199483775811209
2018-03-28,"GICRE",-0.0411727010573533
2018-03-28,"SYMPHONY",0.0149959348369417
2018-03-28,"IIFL",0.0908020850849167
2018-03-28,"GHCL",0.0235378031383735
2018-04-30,"TEAMLEASE",0.00401887766388898
2018-04-30,"TVTODAY",-0.0146740200906045
2018-04-30,"JSL",-0.0602477477477478
2018-04-30,"FEL",0.0784844384303109
2018-04-30,"RPPINFRA",-0.0198892052012002
2018-04-30,"NAVKARCORP",-0.176886126024301
2018-04-30,"PURVA",-0.187567606547919
2018-04-30,"BIRLACORPN",-0.00969048307781284
2018-04-30,"MMTC",-0.163910505836576
2018-04-30,"BLISSGVS",-0.118458734704504
2018-04-30,"PRAJIND",0.0090799031476998
2018-04-30,"HINDOILEXP",0.0204582651391163
2018-04-30,"AKSHOPTFBR",-0.0289473684210527
2018-04-30,"GMBREW",0.00636841267314114
2018-04-30,"CEREBRAINT",-0.0220197418375091
2018-04-30,"JSLHISAR",-0.0216066481994459
2018-04-30,"CENTRALBK",0.0613864350950739
2018-04-30,"WALCHANNAG",-0.131501182033097
2018-04-30,"TVSELECT",-0.132902679233294
2018-04-30,"GODFRYPHLP",-0.13391707442699
2018-05-31,"ABBOTINDIA",0.086291829454731
2018-05-31,"BIRLANU",-0.147872802257434
2018-05-31,"SHAKTIPUMP",-0.13371266002845
2018-05-31,"BFINVEST",-0.165964462355743
2018-05-31,"ACLGATI",-0.183597594313833
2018-05-31,"CHAMBLFERT",-0.0623405030987971
2018-05-31,"SCI",-0.0629139072847683
2018-05-31,"INTELLECT",-0.0293587432397633
2018-05-31,"CIEINDIA",0.0721535745807591
2018-05-31,"WELENT",-0.0789306174411205
2018-05-31,"TEAMLEASE",0.0705954573357894
2018-05-31,"FLFL",-0.0257866636373963
2018-05-31,"PHOENIXLTD",-0.0286058416139718
2018-05-31,"GHCL",-0.0145421495114749
2018-05-31,"REPCOHOME",-0.0645191065165224
2018-05-31,"KHADIM",0.00739394124566495
2018-05-31,"NILKAMAL",-0.0509208400646203
2018-05-31,"SAREGAMA",-0.142553191489362
2018-05-31,"CYIENT",0.0405842808531831
2018-05-31,"OBEROIRLTY",-0.0633192175841905
2018-06-29,"BAJAJHLDNG",0.0209238057639163
2018-06-29,"BAYERCROP",-0.0173515981735159
2018-06-29,"SYNGENE",0.0058040286787302
2018-06-29,"PGHL",-0.0286624203821655
2018-06-29,"AIAENG",0.0827114002054088
2018-06-29,"CGPOWER",0.118479221927498
2018-06-29,"CAPACITE",-0.0287702495416966
2018-06-29,"VMART",-0.0282212546363488
2018-06-29,"PFIZER",0.0568155357891307
2018-06-29,"SUNDRMFAST",0.0202321724709786
2018-06-29,"JSWENERGY",0.0477815699658704
2018-06-29,"DCMSHRIRAM",0.129429892141756
2018-06-29,"DIXON",-0.0421402343066973
2018-06-29,"CAMLINFINE",-0.0411627648951512
2018-06-29,"VIPIND",0.148972602739726
2018-06-29,"ALKEM",0.147430249632892
2018-06-29,"RALLIS",0.0830126117591334
2018-06-29,"STAR",-0.0102286401925394
2018-06-29,"NAUKRI",0.145878290893397
2018-06-29,"RAJESHEXPO",-0.0476658976794681
2018-07-31,"ASTRAZEN",0.179764556156538
2018-07-31,"INDIAGLYCO",-0.0948667966211827
2018-07-31,"MMTC",-0.0456745311554748
2018-07-31,"HGINFRA",-0.0450802799505967
2018-07-31,"JKPAPER",0.127838519764508
2018-07-31,"HINDOILEXP",0.100572655690766
2018-07-31,"VENKEYS",0.231189209029179
2018-07-31,"WALCHANNAG",0.0171268787137362
2018-07-31,"LALPATHLAB",0.123117379870905
2018-07-31,"GREAVESCOT",0.0770773000668303
2018-07-31,"DREDGECORP",-0.0476580077725501
2018-07-31,"KRBL",0.138336778502147
2018-07-31,"GMBREW",0.0829519450800915
2018-07-31,"CROMPTON",0.0290812954395243
2018-07-31,"SPARC",0.0884787623829562
2018-07-31,"DCMSHRIRAM",0.155901251268177
2018-07-31,"WHIRLPOOL",0.0148436585080223
2018-07-31,"ABBOTINDIA",0.0866187893888311
2018-07-31,"QUESS",-0.0375113327289208
2018-07-31,"PERSISTENT",-0.00431598221292162
2018-08-31,"GUJALKALI",0.0554875560995514
2018-08-31,"BEPL",-0.116341627437794
2018-08-31,"TITAGARH",-0.192618223760092
2018-08-31,"TINPLATE",-0.256133487064554
2018-08-31,"3MINDIA",-0.131268126602497
2018-08-31,"APEX",-0.0711379446121538
2018-08-31,"JKPAPER",-0.121492007104796
2018-08-31,"ACLGATI",-0.233675905740683
2018-08-31,"ENDURANCE",-0.140680582589435
2018-08-31,"MOTILALOFS",-0.200757575757576
2018-08-31,"ABFRL",-0.0917734601074821
2018-08-31,"TATACOFFEE",-0.165950176366843
2018-08-31,"INOXLEISUR",-0.129334677419355
2018-08-31,"GLAXO",-0.164802334468144
2018-08-31,"DCAL",-0.186959654178675
2018-08-31,"TAKE",-0.248946820637359
2018-08-31,"MEGH",-0.140615748963884
2018-08-31,"MIDHANI",-0.234224598930481
2018-08-31,"ALKEM",-0.0653883972468045
2018-08-31,"SPTL",-0.246433203631647
2018-09-28,"ZENSARTECH",-0.200854700854701
2018-09-28,"VINATIORGA",0.265006706908115
2018-09-28,"JBCHEPHARM",0.0394252026529112
2018-09-28,"VIYASH",-0.00612244897959224
2018-09-28,"COFFEEDAY",-0.047261403187397
2018-09-28,"HIKAL",-0.0181398628293052
2018-09-28,"REDINGTON",-0.0971337579617834
2018-09-28,"ANTELOPUS",0.0409102531321912
2018-09-28,"GFLLIMITED",0.123153654325724
2018-09-28,"CUB",-0.0107571369466281
2018-09-28,"DCAL",-0.0220895273091699
2018-09-28,"ITI",-0.029066171923315
2018-09-28,"SONATSOFTW",-0.141527001862197
2018-09-28,"MARKSANS",-0.013986013986014
2018-09-28,"UNIVCABLES",0.41068447412354
2018-09-28,"CIEINDIA",0.0394518272425251
2018-09-28,"TATAMETALI",-0.0188090891155462
2018-09-28,"ABBOTINDIA",-0.00911764705882367
2018-09-28,"SOLARA",0.192798353909465
2018-09-28,"CHAMBLFERT",-0.029246794871795
2018-10-31,"GSPL",0.0396873120865908
2018-10-31,"PRAJIND",-0.0241273100616021
2018-10-31,"WABAG",-0.0254572883273619
2018-10-31,"DHAMPURSUG",-0.022347279993475
2018-10-31,"GODFRYPHLP",0.199151343705799
2018-10-31,"ANDHRSUGAR",-0.0761000862812773
2018-10-31,"GOACARBON",-0.0896212778259615
2018-10-31,"BIRLACORPN",0.0846306255307103
2018-10-31,"ATUL",0.0297135855414303
2018-10-31,"BSE",-0.0168918918918921
2018-10-31,"CROMPTON",0.00772104607721058
2018-10-31,"JKTYRE",-0.053996823716252
2018-10-31,"EIDPARRY",-0.0434040477932208
2018-10-31,"AVADHSUGAR",-0.157398212512413
2018-10-31,"OBEROIRLTY",0.0394925801819053
2018-10-31,"KARURVYSYA",0.010335917312662
2018-10-31,"HSCL",0.0358280254777068
2018-10-31,"IDBI",0.00249243368346108
2018-10-31,"ICICIGI",-0.0199654917426669
2018-10-31,"DEEPAKNTR",0.0205803663305208
2018-11-30,"DHANI",0.0211152219873152
2018-11-30,"ISEC",0.0178020413007354
2018-11-30,"INDIAGLYCO",0.0846036585365859
2018-11-30,"UNIVCABLES",-0.0232035928143713
2018-11-30,"KIRIINDUS",-0.0572742474916386
2018-11-30,"CENTURYPLY",-0.000868809730669273
2018-11-30,"TAKE",0.116903633491311
2018-11-30,"RAIN",-0.00547248342839535
2018-11-30,"QUESS",-0.0301051290219817
2018-11-30,"KEI",0.00282965478211672
2018-11-30,"ORIENTPPR",-0.0177690029615006
2018-11-30,"BFUTILITIE",0.0311990686845165
2018-11-30,"MOTILALOFS",0.079427083333333
2018-11-30,"ABAN",-0.0145502645502645
2018-11-30,"TIRUMALCHM",-0.00786001684289273
2018-11-30,"JSWENERGY",0.00308880308880322
2018-11-30,"HINDCOPPER",0.0628328008519698
2018-11-30,"PGHL",0.108608015176666
2018-11-30,"HIKAL",0.038179046563193
2018-11-30,"SUNDRMFAST",0.0597848572610675
2018-12-31,"VMART",-0.00698203498862504
2018-12-31,"DEEPAKFERT",-0.208137715179969
2018-12-31,"SHANKARA",-0.276888045540797
2018-12-31,"GODREJPROP",0.107635763576358
2018-12-31,"ASTRAL",-0.00859004739336477
2018-12-31,"IOLCP",0.169647617512492
2018-12-31,"JUBILANT",-0.00747542049240246
2018-12-31,"PGHH",0.0014087681731092
2018-12-31,"UNOMINDA",-0.146984924623115
2018-12-31,"SUNTECK",-0.0166984033982719
2018-12-31,"LINDEINDIA",-0.299696509863429
2018-12-31,"VIPIND",-0.0501324638271856
2018-12-31,"KARURVYSYA",-0.041116005873715
2018-12-31,"FSL",0.0130548302872064
2018-12-31,"SPARC",-0.174940898345154
2018-12-31,"OIL",-0.0276461295418639
2018-12-31,"GSPL",-0.000000000000000111022302462516
2018-12-31,"AUBANK",-0.0578673602080624
2018-12-31,"RECLTD",0.0477855477855478
2018-12-31,"HSCL",-0.10244470314319
2019-01-31,"THERMAX",-0.0974056827900786
2019-01-31,"APTECHT",-0.0847828351213415
2019-01-31,"DREDGECORP",-0.157071960297767
2019-01-31,"3MINDIA",0.128114070486952
2019-01-31,"PRAKASH",0.0512236767216843
2019-01-31,"BOMDYEING",-0.0358955765047138
2019-01-31,"BLISSGVS",0.229046242774567
2019-01-31,"BFUTILITIE",-0.0845429080723198
2019-01-31,"SYNGENE",-0.0091618595181544
2019-01-31,"QUESS",0.134731084776664
2019-01-31,"VBL",-0.0293193717277488
2019-01-31,"GOACARBON",-0.0956401063952819
2019-01-31,"AIAENG",0.0721972216787321
2019-01-31,"RAMCOCEM",0.113863906329544
2019-01-31,"MOTILALOFS",-0.105480016481252
2019-01-31,"PRAJIND",0.105010893246188
2019-01-31,"KEI",-0.0664627363737484
2019-01-31,"WHIRLPOOL",-0.107939665174872
2019-01-31,"EMAMILTD",-0.0547869396790259
2019-01-31,"CASTROLIND",-0.0381637671919119
2019-02-28,"ASTRAL",0.0713617949516987
2019-02-28,"PRESTIGE",0.236828901154039
2019-02-28,"VMART",0.0501882057716443
2019-02-28,"SOBHA",0.186299292214358
2019-02-28,"KRBL",-0.0857517864955523
2019-02-28,"VENKEYS",0.0464177118966169
2019-02-28,"AVANTIFEED",0.183036418098691
2019-02-28,"LUXIND",0.19051830886255
2019-02-28,"SUNTECK",0.325283463407451
2019-02-28,"LALPATHLAB",0.0254292545098893
2019-02-28,"VAKRANGEE",0.163063784360822
2019-02-28,"GRANULES",0.101240694789082
2019-02-28,"IOLCP",-0.0114038263388007
2019-02-28,"EMAMILTD",0.0110160892883027
2019-02-28,"CYIENT",-0.000833796553640909
2019-02-28,"OBEROIRLTY",0.0862032537502639
2019-02-28,"PGHL",0.13344384583506
2019-02-28,"ABB",0.0572748267898384
2019-02-28,"DISHTV",-0.0592503022974603
2019-02-28,"MFSL",0.0833955688324619
2019-03-29,"ENDURANCE",0.0224982001439884
2019-03-29,"NAM-INDIA",-0.0231143552311437
2019-03-29,"MEGH",0.0550082101806237
2019-03-29,"SPENCERS",-0.108843959315307
2019-03-29,"VIYASH",-0.0422730422730425
2019-03-29,"PIIND",0.00857523039771335
2019-03-29,"RAIN",0.109072478459199
2019-03-29,"EROSMEDIA",-0.107298814722396
2019-03-29,"BFUTILITIE",-0.0744734202607822
2019-03-29,"VBL",-0.0223953261927944
2019-03-29,"HSCL",-0.0468476357267951
2019-03-29,"UNOMINDA",0.0563674321503131
2019-03-29,"SHANKARA",0.205308056872038
2019-03-29,"WELCORP",-0.0942201108471893
2019-03-29,"SUNDARMFIN",-0.0735142562693234
2019-03-29,"SANOFI",-0.0265098746209949
2019-03-29,"GFLLIMITED",-0.0532105046060771
2019-03-29,"KEI",-0.031219748305905
2019-03-29,"INTELLECT",0.0512820512820515
2019-03-29,"IIFL",-0.00990099009901002
2019-04-30,"KALPATPOWR",0.0535109630863169
2019-04-30,"J&KBANK",-0.0198652617032303
2019-04-30,"MASTEK",0.00208285119185381
2019-04-30,"USHAMART",-0.0528000000000002
2019-04-30,"KIRIINDUS",0.000744047619047228
2019-04-30,"JMFINANCIL",0.0906014058838849
2019-04-30,"ACE",0.0701754385964912
2019-04-30,"TATAMETALI",-0.0256301328704014
2019-04-30,"THERMAX",0.0347522974543151
2019-04-30,"PERSISTENT",-0.0739412568306016
2019-04-30,"ADVENZYMES",0.121787709497207
2019-04-30,"ATGL",0.256518404907975
2019-04-30,"SUPREMEIND",-0.0308244075025446
2019-04-30,"SUNTECK",0.0850206958272739
2019-04-30,"JINDALSAW",0.0845070422535212
2019-04-30,"SHANKARA",-0.00800435188063453
2019-04-30,"TAKE",0.0413916391639166
2019-04-30,"PGHL",0.232967032967033
2019-04-30,"GODREJAGRO",-0.0209820462902873
2019-04-30,"GRANULES",-0.00556586270871984
2019-05-31,"SUPREMEIND",0.070061448574595
2019-05-31,"BLUESTARCO",-0.0310576385002796
2019-05-31,"EPL",0.0132001427042456
2019-05-31,"NAM-INDIA",0.00385250412768312
2019-05-31,"DALBHARAT",-0.118981641842744
2019-05-31,"KARURVYSYA",-0.116161616161616
2019-05-31,"RAJESHEXPO",0.0967905094721357
2019-05-31,"MEGH",-0.0404780262143404
2019-05-31,"BBTC",-0.191938409804876
2019-05-31,"DCMSHRIRAM",0.0579470198675494
2019-05-31,"TRIVENI",-0.104076520154862
2019-05-31,"BEPL",-0.152700729927007
2019-05-31,"CASTROLIND",-0.11422807186089
2019-05-31,"APLAPOLLO",-0.0467258966765385
2019-05-31,"LTTS",0.0158233905442484
2019-05-31,"COROMANDEL",-0.043078833022967
2019-05-31,"INOXLEISUR",-0.0968590009685899
2019-05-31,"MFSL",-0.0896921017402945
2019-05-31,"CUB",0.0188817232896752
2019-05-31,"HDFCAMC",0.155456761795497
2019-06-28,"JKCEMENT",-0.0332294911734164
2019-06-28,"RITES",0.0796557120500785
2019-06-28,"ASTRON",-0.31890270038577
2019-06-28,"RATNAMANI",-0.0772770549032051
2019-06-28,"KEI",-0.0912162162162165
2019-06-28,"ATGL",-0.108803743784732
2019-06-28,"HSCL",-0.236084452975048
2019-06-28,"ITI",-0.165840220385675
2019-06-28,"ADANIGREEN",0.0285714285714282
2019-06-28,"SOBHA",0.027126249235162
2019-06-28,"THERMAX",0.0573020294468762
2019-06-28,"HONAUT",-0.0738205817648495
2019-06-28,"BIRLACORPN",-0.0195652173913043
2019-06-28,"NAM-INDIA",0.0296703296703298
2019-06-28,"TRENT",-0.120678079892581
2019-06-28,"PIIND",-0.0790496944836133
2019-06-28,"VENKEYS",-0.259680811579859
2019-06-28,"IOLCP",-0.128983155506411
2019-06-28,"FCONSUMER",-0.313414634146342
2019-06-28,"WHIRLPOOL",-0.0474209390346897
2019-07-31,"GSPL",0.0415384615384617
2019-07-31,"AAVAS",0.0166382543470851
2019-07-31,"QUESS",0.0447874493927127
2019-07-31,"RITES",-0.0770019030888599
2019-07-31,"DBL",-0.129822412737293
2019-07-31,"SPARC",0.000625586487331686
2019-07-31,"SANOFI",0.00219763272545004
2019-07-31,"EMAMILTD",-0.0643952907599001
2019-07-31,"DREDGECORP",-0.0209267563527653
2019-07-31,"GFLLIMITED",-0.688681602398601
2019-07-31,"MPHASIS",0.0703339882121807
2019-07-31,"CREDITACC",0.117457763475463
2019-07-31,"TORNTPOWER",-0.0848982785602502
2019-07-31,"VAKRANGEE",-0.0951252538930263
2019-07-31,"CROMPTON",0.0102492429536452
2019-07-31,"GNFC",-0.101865561148948
2019-07-31,"IOLCP",-0.0914444724969536
2019-07-31,"OBEROIRLTY",0.0135184508586044
2019-07-31,"ARVIND",-0.142587346553353
2019-07-31,"PGHL",-0.131494547787043
2019-08-30,"GSPL",0.0196572580645167
2019-08-30,"AIAENG",0.177905701754386
2019-08-30,"GUJGASLTD",0.0383788762665027
2019-08-30,"COROMANDEL",0.0931219926408149
2019-08-30,"BFUTILITIE",0.14036201968879
2019-08-30,"HEIDELBERG",0.0178185745140385
2019-08-30,"BAJAJELEC",0.0435729847494557
2019-08-30,"FRETAIL",-0.0376547889815513
2019-08-30,"TRENT",0.0732323232323233
2019-08-30,"IOLCP",0.0571257640946796
2019-08-30,"PGHH",0.193842957130359
2019-08-30,"GRANULES",0.161731207289294
2019-08-30,"VBL",-0.00915750915750868
2019-08-30,"TATACOMM",0.485788113695091
2019-08-30,"ABFRL",0.131127998807927
2019-08-30,"PHILIPCARB",0.0914664051005396
2019-08-30,"LALPATHLAB",0.176853055916775
2019-08-30,"PFIZER",0.143406854966677
2019-08-30,"PGHL",0.147911401813587
2019-08-30,"NATCOPHARM",0.073111606709978
2019-09-30,"BBTC",0.0535520115984052
2019-09-30,"J&KBANK",0.0324569944823112
2019-09-30,"ITI",0.147847785402371
2019-09-30,"DIXON",0.0403560318008986
2019-09-30,"RITES",0.0692779110045301
2019-09-30,"DREDGECORP",0.0638234416940056
2019-09-30,"INOXLEISUR",0.108655897592197
2019-09-30,"NAM-INDIA",0.363013698630137
2019-09-30,"NOCIL",0.191275167785235
2019-09-30,"BOMDYEING",0.105750622062483
2019-09-30,"PARAGMILK",-0.0820589575063448
2019-09-30,"HEIDELBERG",0.00834454912516835
2019-09-30,"JKPAPER",-0.12707405908539
2019-09-30,"RIIL",0.108971732896354
2019-09-30,"UNOMINDA",0.0697743467933492
2019-09-30,"DALBHARAT",0.0119445157975857
2019-09-30,"THERMAX",-0.00980036297640619
2019-09-30,"PRAJIND",0.0617977528089886
2019-09-30,"DCMSHRIRAM",-0.0716855798505399
2019-09-30,"BALRAMCHIN",0.0207482993197279
2019-10-31,"ADANIGREEN",0.523333333333333
2019-10-31,"DIXON",0.0976523476523472
2019-10-31,"KIRIINDUS",-0.114039349040563
2019-10-31,"HONAUT",-0.0228914800772586
2019-10-31,"KEI",-0.109677419354838
2019-10-31,"KALPATPOWR",0.0512339704814904
2019-10-31,"COROMANDEL",-0.0043973390461155
2019-10-31,"TINPLATE",0.138813773210745
2019-10-31,"DELTACORP",0.0482606690916545
2019-10-31,"ALKEM",0.0144617032672738
2019-10-31,"GUJGASLTD",0.0827770360480642
2019-10-31,"DHAMPURSUG",-0.216031552049772
2019-10-31,"AFFLE",0.0889246734657363
2019-10-31,"INDHOTEL",-0.0111966410076977
2019-10-31,"GNFC",-0.128307939053729
2019-10-31,"JKPAPER",0.00188857412653398
2019-10-31,"ASTRAL",0.0155557346659145
2019-10-31,"FORTIS",-0.0801335559265443
2019-10-31,"HSCL",-0.0938337801608577
2019-10-31,"VIPIND",-0.0959242929347243
2019-11-29,"NIACL",-0.0835105628810435
2019-11-29,"WINPRO",-0.161133905259232
2019-11-29,"BFINVEST",-0.0354367423064963
2019-11-29,"JAYBARMARU",0.0154770154770156
2019-11-29,"GICRE",-0.144734098018769
2019-11-29,"ITDC",-0.0854891465953016
2019-11-29,"ORIENTELEC",-0.0868192976303795
2019-11-29,"GRSE",-0.0346950195858985
2019-11-29,"ASTRAZEN",-0.0685403445149592
2019-11-29,"EMBDL",0.101993865030675
2019-11-29,"HINDCOPPER",0.00127388535031825
2019-11-29,"SUDARSCHEM",0.0342210386151798
2019-11-29,"KALPATPOWR",-0.0816122388937924
2019-11-29,"GRANULES",-0.0124481327800833
2019-11-29,"NAVINFLUOR",0.175119904076738
2019-11-29,"CYIENT",0.0766995932597325
2019-11-29,"JKIL",-0.0790006752194458
2019-11-29,"SCI",0.0610778443113769
2019-11-29,"ADANITRANS",0.0052687038988406
2019-11-29,"IOLCP",0.00292813335430053
2019-12-31,"DHANI",-0.157371001407698
2019-12-31,"EIDPARRY",0.0305810397553521
2019-12-31,"GAYAPROJ",-0.346200241254523
2019-12-31,"ACLGATI",0.18127147766323
2019-12-31,"NH",0.145538461538461
2019-12-31,"DIXON",0.191662919904939
2019-12-31,"CREDITACC",0.064442658092176
2019-12-31,"DREDGECORP",-0.0523726851851851
2019-12-31,"BFINVEST",-0.0394232244209233
2019-12-31,"UNOMINDA",0.0851726089417095
2019-12-31,"GODFRYPHLP",-0.1059375
2019-12-31,"PRESTIGE",0.162128712871287
2019-12-31,"ADANITRANS",-0.0688349922893591
2019-12-31,"TTKPRESTIG",-0.00317115158104575
2019-12-31,"SANOFI",-0.0520020273694883
2019-12-31,"IDBI",-0.09861932938856
2019-12-31,"JKTYRE",-0.0448275862068964
2019-12-31,"EDELWEISS",-0.20714175297573
2019-12-31,"SUNTECK",-0.0773165219459973
2019-12-31,"HEIDELBERG",0.0988107373428473
2020-01-31,"BLISSGVS",-0.285555142963238
2020-01-31,"TRIVENI",-0.168177697189483
2020-01-31,"WINPRO",0.083373727581193
2020-01-31,"AVADHSUGAR",-0.208256693235234
2020-01-31,"KIRIINDUS",0.0169220519653566
2020-01-31,"APEX",-0.252831832704037
2020-01-31,"SWSOLAR",-0.401654081265732
2020-01-31,"HSCL",-0.200164744645799
2020-01-31,"GNFC",-0.146658014276443
2020-01-31,"ISEC",0.0616763310490247
2020-01-31,"TINPLATE",-0.149710517003832
2020-01-31,"QUESS",-0.172068901648453
2020-01-31,"KRBL",-0.0459886547811994
2020-01-31,"NH",-0.0738028169014087
2020-01-31,"TATAMETALI",-0.00940832467519259
2020-01-31,"EMBDL",-0.256916996047431
2020-01-31,"BIRLACORPN",-0.0958183328717809
2020-01-31,"MOTILALOFS",-0.0411652944901832
2020-01-31,"PHOENIXLTD",0.00692620014330059
2020-01-31,"HINDCOPPER",-0.242537313432836
2020-02-28,"WESTLIFE",-0.275360685302074
2020-02-28,"GMMPFAUDLR",-0.121339356896094
2020-02-28,"INDOSTAR",-0.111309949892627
2020-02-28,"SPENCERS",-0.137538172421893
2020-02-28,"NESCO",-0.28993460121777
2020-02-28,"ORIENTELEC",-0.244455159112825
2020-02-28,"INDIAMART",-0.198968891995806
2020-02-28,"ADANIGREEN",-0.0179372197309414
2020-02-28,"RALLIS",-0.171994299093964
2020-02-28,"ALKYLAMINE",-0.207867073584266
2020-02-28,"VIYASH",-0.0848556275780791
2020-02-28,"IEX",-0.268873403019744
2020-02-28,"UNOMINDA",-0.343183718985224
2020-02-28,"WELSPUNLIV",-0.458949515553289
2020-02-28,"METROPOLIS",-0.326079564773887
2020-02-28,"SUNDARMFIN",-0.226575230852798
2020-02-28,"SPANDANA",-0.457252501700184
2020-02-28,"WINPRO",-0.131555153707052
2020-02-28,"AIAENG",-0.184762473857186
2020-02-28,"SUPREMEIND",-0.336864235465352
2020-03-31,"SANOFI",0.204072679413592
2020-03-31,"NAVINFLUOR",0.305955608268384
2020-03-31,"THYROCARE",0.0175438596491229
2020-03-31,"MIDHANI",0.233912778286063
2020-03-31,"JSWDULUX",-0.0432966412644652
2020-03-31,"IPCALAB",0.158055818698535
2020-03-31,"ABBOTINDIA",0.135509679262804
2020-03-31,"INDIACEM",0.0093734583127778
2020-03-31,"SHREECEM",0.194595597328716
2020-03-31,"TORNTPHARM",0.19762174405436
2020-03-31,"DRREDDY",0.271844660194174
2020-03-31,"ASIANPAINT",0.0969888647295249
2020-03-31,"NESTLEIND",0.145082266910421
2020-03-31,"INDIGO",-0.00350877192982457
2020-03-31,"EICHERMOT",0.131241084165478
2020-03-31,"HINDUNILVR",0.00702636167812121
2020-03-31,"TCS",0.178880197612186
2020-03-31,"HDFC",0.209977964912979
2020-03-31,"HDFCBANK",0.207433725061492
2020-03-31,"SUNPHARMA",0.351820294345469
2020-04-30,"PERSISTENT",0.133227776521149
2020-04-30,"GNFC",-0.0512268618166163
2020-04-30,"SPARC",0.0166790214974055
2020-04-30,"PRAJIND",-0.00905797101449279
2020-04-30,"CYIENT",-0.112006040775233
2020-04-30,"PARAGMILK",-0.00335027726432524
2020-04-30,"LAURUSLABS",-0.0433646812957156
2020-04-30,"PHILIPCARB",-0.0510551395507147
2020-04-30,"CEATLTD",0.0489405331510593
2020-04-30,"ORIENTELEC",-0.0513030746705709
2020-04-30,"WELCORP",-0.0321428571428571
2020-04-30,"QUESS",0.0830039525691697
2020-04-30,"BIRLACORPN",0.285395030892599
2020-04-30,"MOTILALOFS",0.0383104125736737
2020-04-30,"GODREJAGRO",-0.0476594541083301
2020-04-30,"GODFRYPHLP",-0.0404757337425662
2020-04-30,"GLAXO",-0.0749959980790782
2020-04-30,"ENDURANCE",0.176285240464345
2020-04-30,"INDIAGLYCO",0.0127807900852055
2020-04-30,"SUDARSCHEM",-0.0332221652129298
2020-05-29,"JMFINANCIL",0.0703735881841872
2020-05-29,"IOLCP",0.190678055172124
2020-05-29,"BALAMINES",0.2173198482933
2020-05-29,"GRAPHITE",-0.04396875903963
2020-05-29,"AFFLE",-0.0507069722086785
2020-05-29,"SWSOLAR",0.511179910560715
2020-05-29,"APLAPOLLO",-0.00162972620599733
2020-05-29,"BAJAJELEC",0.0414718745287286
2020-05-29,"AARTIDRUGS",0.329639889196676
2020-05-29,"DEEPAKFERT",0.133120340788073
2020-05-29,"VENKEYS",0.103581998163078
2020-05-29,"ALKYLAMINE",0.04555910543131
2020-05-29,"HEG",0.0340411189753957
2020-05-29,"JKLAKSHMI",0.0397150874163608
2020-05-29,"APEX",0.320981071714209
2020-05-29,"FRETAIL",0.447752808988765
2020-05-29,"GODREJAGRO",0.144608567208272
2020-05-29,"RAJESHEXPO",-0.0468443949609288
2020-05-29,"SUMICHEM",0.0532251681836169
2020-05-29,"VIYASH",0.0714704159343877
2020-06-30,"REDINGTON",0.00843881856540096
2020-06-30,"KEI",0.0141384388807069
2020-06-30,"BSOFT",0.371037911746426
2020-06-30,"ASTEC",0.146952526799387
2020-06-30,"SKFINDIA",-0.0504322766570604
2020-06-30,"HEIDELBERG",0.0343873244309134
2020-06-30,"JKCEMENT",0.0846698992913089
2020-06-30,"ADANITRANS",-0.106628787878788
2020-06-30,"SWSOLAR",-0.0261153427638734
2020-06-30,"AAVAS",0.0418091980235655
2020-06-30,"BALRAMCHIN",-0.0603517186251002
2020-06-30,"DBL",0.0284122562674096
2020-06-30,"SUPREMEIND",0.14827553712778
2020-06-30,"AFFLE",0.163880751335516
2020-06-30,"ORIENTELEC",-0.0903862389193751
2020-06-30,"SCI",-0.0397022332506204
2020-06-30,"AARTIDRUGS",0.363592852584557
2020-06-30,"SPENCERS",-0.141248720573183
2020-06-30,"JKLAKSHMI",0.134358559287739
2020-06-30,"KANSAINER",-0.0355932807874744
2020-07-31,"ALOKINDS",-0.131506849315069
2020-07-31,"SHILPAMED",-0.111604853871133
2020-07-31,"KIRIINDUS",0.0770222045995241
2020-07-31,"ASTRAMICRO",0.160115052732502
2020-07-31,"TINPLATE",0.0276449618491059
2020-07-31,"ALEMBICLTD",0.00531067445565592
2020-07-31,"NETWORK18",-0.0464240903387706
2020-07-31,"HAL",0.0359109109109108
2020-07-31,"GHCL",0.179150240911082
2020-07-31,"HINDCOPPER",0.00999999999999979
2020-07-31,"BALAMINES",0.278627532038032
2020-07-31,"BODALCHEM",-0.103809903093057
2020-07-31,"LINDEINDIA",0.151960784313725
2020-07-31,"HIKAL",0.00680618281279743
2020-07-31,"SHREDIGCEM",-0.03870343492985
2020-07-31,"RAMCOSYS",0.794586577678903
2020-07-31,"DHANI",0.718340611353712
2020-07-31,"CAPLIPOINT",0.0889543767736309
2020-07-31,"BFUTILITIE",0.119344262295082
2020-07-31,"INSECTICID",0.134583864505555
2020-08-31,"POLYMED",0.143901209677419
2020-08-31,"INTELLECT",0.192160087719298
2020-08-31,"ZENSARTECH",0.113839285714286
2020-08-31,"NFL",-0.0926365795724472
2020-08-31,"TINPLATE",-0.0558330202647452
2020-08-31,"SOLARA",0.166064981949459
2020-08-31,"MOIL",-0.06638198757764
2020-08-31,"REPCOHOME",-0.000000000000000333066907387547
2020-08-31,"GESHIP",-0.0925751879699251
2020-08-31,"ALOKINDS",-0.351575456053068
2020-08-31,"THYROCARE",0.00757575757575735
2020-08-31,"MASTEK",0.247805025734181
2020-08-31,"UNICHEMLAB",0.0189886921271605
2020-08-31,"CREDITACC",0.0631761142362619
2020-08-31,"POLYPLEX",0.0262598957327675
2020-08-31,"COSMOFIRST",0.078699551569507
2020-08-31,"GODREJAGRO",0.0476566911349519
2020-08-31,"IDBI",-0.105520805004079
2020-08-31,"EVEREADY",0.056322267810518
2020-08-31,"JSWENERGY",0.0196445275958836
2020-09-30,"PRINCEPIPE",-0.0639354438237121
2020-09-30,"RAMCOSYS",0.058559569216962
2020-09-30,"DFMFOODS",-0.0231521426517111
2020-09-30,"ASIANTILES",-0.020522597286083
2020-09-30,"GLOBUSSPR",0.0230050323508268
2020-09-30,"WABAG",-0.0558586645882044
2020-09-30,"FLFL",-0.147816349384098
2020-09-30,"CANTABIL",0.0148710647049519
2020-09-30,"SUNDARMFIN",0.0423529411764705
2020-09-30,"TANLA",0.175043663885116
2020-09-30,"WELSPUNLIV",-0.00637219406227352
2020-09-30,"POWERINDIA",-0.00517063081695979
2020-09-30,"TIINDIA",0.0264198702736911
2020-09-30,"NUCLEUS",-0.0993778912107195
2020-09-30,"KPITTECH",-0.243087082129591
2020-09-30,"SUPREMEIND",0.02227954095174
2020-09-30,"FINEORG",0.015202047622741
2020-09-30,"JAMNAAUTO",-0.0946411012782694
2020-09-30,"3MINDIA",0.0243800167724932
2020-09-30,"AFFLE",-0.0718531468531464
2020-10-30,"ICIL",0.0347101700798331
2020-10-30,"IFBIND",0.117494600431965
2020-10-30,"RAMCOSYS",-0.0401636696457413
2020-10-30,"GLOBUSSPR",0.0967568536104635
2020-10-30,"KRBL",0.0282544997907073
2020-10-30,"BIRLACORPN",0.116831683168316
2020-10-30,"QUICKHEAL",-0.0192538307794802
2020-10-30,"DALBHARAT",0.313248594475678
2020-10-30,"LINDEINDIA",0.0936739659367394
2020-10-30,"KPITTECH",0.178268251273345
2020-10-30,"MARKSANS",0.155999999999999
2020-10-30,"KAJARIACER",0.14915475856916
2020-10-30,"BAJAJHLDNG",0.323515439429928
2020-10-30,"TTKPRESTIG",0.0115851415961756
2020-10-30,"PRESTIGE",0.0957711442786071
2020-10-30,"JKCEMENT",0.121315192743764
2020-10-30,"BFUTILITIE",0.10139335476956
2020-10-30,"AAVAS",0.12757750035068
2020-10-30,"VIPIND",0.323982909158462
2020-10-30,"HSCL",-0.10287610619469
2020-11-27,"JSL",0.184834123222749
2020-11-27,"TEJASNET",0.284518828451882
2020-11-27,"RESPONIND",0.0600556280865079
2020-11-27,"ESTER",-0.0585801754095645
2020-11-27,"NCLIND",0.0220059880239525
2020-11-27,"TATASTLLP",0.0881091982944593
2020-11-27,"TIINDIA",-0.014209148697495
2020-11-27,"JMFINANCIL",0.0454232622161048
2020-11-27,"CRISIL",-0.0424337734877038
2020-11-27,"WELCORP",0.0464098073555164
2020-11-27,"COCHINSHIP",0.01591263650546
2020-11-27,"SOBHA",0.28187250996016
2020-11-27,"BFUTILITIE",0.0796591330122269
2020-11-27,"GSFC",0.0883826143157214
2020-11-27,"DCAL",0.0160829163688352
2020-11-27,"SHREDIGCEM",0.00407766990291258
2020-11-27,"KSCL",0.0746077489593335
2020-11-27,"OBEROIRLTY",0.227476038338658
2020-11-27,"DEEPAKFERT",0.0787572254335263
2020-11-27,"EMAMILTD",-0.0430788330229671
2020-12-31,"FLUOROCHEM",-0.0577851790174858
2020-12-31,"VALIANTORG",-0.118416344058037
2020-12-31,"GVPIL",-0.0851877607788594
2020-12-31,"ACE",-0.101623147494707
2020-12-31,"SNOWMAN",-0.115732060678371
2020-12-31,"HINDCOPPER",-0.0354785478547854
2020-12-31,"IIFL",0.272003745318352
2020-12-31,"HEMIPROP",0.568220101066816
2020-12-31,"CHOLAHLDNG",-0.143544782533953
2020-12-31,"UJJIVANSFB",-0.108631352514117
2020-12-31,"GALAXYSURF",-0.028723982795274
2020-12-31,"BEPL",-0.0430351075877693
2020-12-31,"SHK",-0.0292914962864053
2020-12-31,"TATASTLLP",0.0105245455946859
2020-12-31,"EVEREADY",-0.104501982738512
2020-12-31,"SUNDRMFAST",0.0255477944694289
2020-12-31,"SANGHIIND",0.0171673819742488
2020-12-31,"NH",0.000000000000000222044604925031
2020-12-31,"CGCL",0.16532861613825
2020-12-31,"CARERATING",-0.0798708288482239
2021-01-29,"SCHAEFFLER",0.207241253200049
2021-01-29,"GAYAPROJ",-0.0913190529875989
2021-01-29,"SUVEN",0.140248356464572
2021-01-29,"SEAMECLTD",0.0509982638888886
2021-01-29,"OLECTRA",0.252595155709342
2021-01-29,"CYBERTECH",-0.0106508875739643
2021-01-29,"BORORENEW",0.0399558092432333
2021-01-29,"HINDOILEXP",0.215980024968789
2021-01-29,"BOROLTD",-0.0144070462409561
2021-01-29,"LMW",0.197458270106222
2021-01-29,"TATAINVEST",0.0324214792299897
2021-01-29,"TANLA",0.332987469071753
2021-01-29,"TEJASNET",0.388949079089925
2021-01-29,"CANTABIL",0.0230874316939891
2021-01-29,"NRBBEARING",0.119348054679285
2021-01-29,"SWSOLAR",-0.0524017467248911
2021-01-29,"JSL",-0.0397805212620032
2021-01-29,"SANGHIIND",0.100645161290323
2021-01-29,"ECLERX",-0.0505392912172573
2021-01-29,"TATASTLLP",0.0421243541844498
2021-02-26,"BRIGADE",-0.0490081680280048
2021-02-26,"UFLEX",0.0360067777463997
2021-02-26,"SCHNEIDER",-0.167548500881834
2021-02-26,"APTECHT",-0.190189208128942
2021-02-26,"IGARASHI",-0.152961562696912
2021-02-26,"NEULANDLAB",0.019287833827893
2021-02-26,"VAIBHAVGBL",0.0798358370760417
2021-02-26,"TIRUMALCHM",-0.132366845256854
2021-02-26,"EPL",0.0701967329186259
2021-02-26,"JYOTHYLAB",-0.0750462107208872
2021-02-26,"UJJIVANSFB",-0.0989500477251036
2021-02-26,"CEMPRO",-0.0537700865265762
2021-02-26,"PNBHOUSING",-0.133201357466063
2021-02-26,"HINDZINC",-0.090770015298317
2021-02-26,"ACE",-0.00585175552665795
2021-02-26,"ORIENTELEC",0.146708991471297
2021-02-26,"BHARATRAS",-0.0936463875395174
2021-02-26,"CHOLAHLDNG",-0.0104391052195526
2021-02-26,"BEPL",0.0119229593396515
2021-02-26,"WABAG",-0.106478167501789
2021-03-31,"THERMAX",0.114096032113633
2021-03-31,"CIEINDIA",0.0209059233449478
2021-03-31,"MANALIPETC",0.210249671484888
2021-03-31,"ONMOBILE",0.145895646394151
2021-03-31,"ASIANTILES",-0.0174116688728237
2021-03-31,"GARFIBRES",0.0017827077349708
2021-03-31,"WELSPUNLIV",-0.061869293608842
2021-03-31,"NIACL",-0.0629736436188051
2021-03-31,"MRPL",0.0797514241325734
2021-03-31,"PRSMJOHNSN",-0.0283476314807909
2021-03-31,"RATNAMANI",-0.0308240396530359
2021-03-31,"DEEPAKFERT",0.112166440524649
2021-03-31,"EKC",0.624577226606538
2021-03-31,"AEGISLOG",0.00962566844919754
2021-03-31,"GICRE",-0.0165113182423433
2021-03-31,"MSTCLTD",-0.169443315725315
2021-03-31,"KEI",-0.0146722560975613
2021-03-31,"GALAXYSURF",0.147606328333675
2021-03-31,"MANGCHEFER",0.0582386363636362
2021-03-31,"ORIENTCEM",0.0359480519480524
2021-04-30,"JSLHISAR",0.075657894736842
2021-04-30,"SWSOLAR",-0.264490988796882
2021-04-30,"HGS",0.0452596809333052
2021-04-30,"USHAMART",-0.103607770582793
2021-04-30,"APOLLOPIPE",-0.104161347970386
2021-04-30,"PRAKASH",-0.0296411856474259
2021-04-30,"SHANKARA",0.183632734530938
2021-04-30,"JSL",-0.0032840722495896
2021-04-30,"FDC",0.101040118870728
2021-04-30,"SKFINDIA",0.030645641178221
2021-04-30,"BEPL",-0.0260565206118746
2021-04-30,"JINDALPOLY",0.0622599555286034
2021-04-30,"EKC",-0.191917552544024
2021-04-30,"TTKPRESTIG",0.155849582172701
2021-04-30,"SAREGAMA",0.378637951105937
2021-04-30,"LTFOODS",-0.0592447916666665
2021-04-30,"ORIENTCEM",0.241105223315669
2021-04-30,"DCAL",0.287997492948919
2021-04-30,"ZENSARTECH",0.0655771195097039
2021-04-30,"GLAXO",0.0401603206412819
2021-05-31,"ANDHRSUGAR",0.460674157303371
2021-05-31,"AARTISURF",0.0162528379401057
2021-05-31,"GUFICBIO",0.0625177607274794
2021-05-31,"SHAKTIPUMP",0.0416666666666667
2021-05-31,"PANACEABIO",-0.105586323139899
2021-05-31,"AVADHSUGAR",0.586127372715984
2021-05-31,"INDRAMEDCO",-0.060515278609946
2021-05-31,"BUTTERFLY",-0.115831084896781
2021-05-31,"JSWISPL",-0.336607142857143
2021-05-31,"VIMTALABS",0.23719806763285
2021-05-31,"GAEL",0.0664072307306054
2021-05-31,"NURECA",0.0342140588678255
2021-05-31,"MRPL",0.0219008264462814
2021-05-31,"BFUTILITIE",0.551976573938507
2021-05-31,"ONMOBILE",-0.114951899559759
2021-05-31,"SHK",0.11596548004315
2021-05-31,"SUPPETRO",-0.0285922780947331
2021-05-31,"TRIVENI",0.289120715350224
2021-05-31,"EKC",-0.0604248298618272
2021-05-31,"CHENNPETRO",0.129662522202487
2021-06-30,"TCIEXP",0.0827819438317896
2021-06-30,"HESTERBIO",-0.0800000000000001
2021-06-30,"ELECON",0.00222222222222257
2021-06-30,"DOLLAR",0.14222972972973
2021-06-30,"APEX",0.106350420811018
2021-06-30,"MARINE",-0.152892561983471
2021-06-30,"COFFEEDAY",-0.0193704600484262
2021-06-30,"ACRYSIL",-0.00528481523317736
2021-06-30,"IGPL",0.0810538680986745
2021-06-30,"SCHNEIDER",0.117788461538461
2021-06-30,"HGINFRA",0.311725691402828
2021-06-30,"IGARASHI",0.0528279060389154
2021-06-30,"SUNDARMFIN",-0.0174760345575761
2021-06-30,"PATANJALI",-0.00859106529209619
2021-06-30,"NURECA",0.0795943357719235
2021-06-30,"POKARNA",0.1575
2021-06-30,"HIMATSEIDE",0.31440600205106
2021-06-30,"GOKEX",0.406405693950178
2021-06-30,"NEOGEN",0.0396798170383075
2021-06-30,"RUPA",0.0825364649892035
2021-07-30,"JSWISPL",-0.230864197530864
2021-07-30,"SADBHAV",-0.29876722262509
2021-07-30,"AVADHSUGAR",-0.13887358095448
2021-07-30,"NELCO",0.380822664124217
2021-07-30,"GRAVITA",0.0242296549907821
2021-07-30,"SKIPPER",-0.0986804360298339
2021-07-30,"AJMERA",0.0963776430093428
2021-07-30,"KCP",-0.14840297942179
2021-07-30,"CENTRUM",-0.27035175879397
2021-07-30,"FILATEX",-0.123644251626898
2021-07-30,"DALMIASUG",-0.0869068038879359
2021-07-30,"ANDHRSUGAR",-0.0580257677031872
2021-07-30,"RPSGVENT",-0.0145559384009561
2021-07-30,"ISGEC",-0.114220268680741
2021-07-30,"UFLEX",-0.13335820199571
2021-07-30,"DLINKINDIA",-0.145572025845686
2021-07-30,"STOVEKRAFT",0.224190866061149
2021-07-30,"ACCELYA",-0.0731361617688746
2021-07-30,"NUCLEUS",-0.181473284856149
2021-07-30,"UTIAMC",0.137129246299552
2021-08-31,"SCHAEFFLER",0.0362520516663096
2021-08-31,"MAHLIFE",0.052530017152659
2021-08-31,"APOLLOPIPE",0.153334697217676
2021-08-31,"MANGLMCEM",0.0512702609495346
2021-08-31,"DATAMATICS",-0.0700094607379375
2021-08-31,"SPENCERS",0.252709359605912
2021-08-31,"GOODLUCK",0.0111768573307038
2021-08-31,"ADANIGREEN",0.0618633080200037
2021-08-31,"VSSL",-0.0435702199661588
2021-08-31,"QUESS",0.0795119334942345
2021-08-31,"NAHARSPING",0.119082939986514
2021-08-31,"RTNINDIA",-0.0326441784548419
2021-08-31,"ONMOBILE",0.00125134072220234
2021-08-31,"GOKEX",0.0663195395998903
2021-08-31,"HITECH",0.0498380712486504
2021-08-31,"GILLETTE",0.0165149666885613
2021-08-31,"GSPL",-0.0912264723740133
2021-08-31,"TTML",-0.036784741144414
2021-08-31,"EQUITAS",-0.0319999999999998
2021-08-31,"HOMEFIRST",0.0338018146237324
2021-09-30,"TEJASNET",-0.167846407446912
2021-09-30,"BLS",-0.146943445570448
2021-09-30,"GMDCLTD",-0.0260999254287844
2021-09-30,"PUNJABCHEM",-0.108922880815806
2021-09-30,"CAPACITE",0.000304321363359561
2021-09-30,"FIEMIND",0.136510500807755
2021-09-30,"DYNAMATECH",-0.162395900064061
2021-09-30,"MAHSCOOTER",-0.0554768649669498
2021-09-30,"HLEGLAS",-0.00746499574533932
2021-09-30,"DCW",-0.0325203252032522
2021-09-30,"RPSGVENT",-0.196028994642294
2021-09-30,"SADBHAV",-0.00104166666666694
2021-09-30,"LTFOODS",-0.033236994219653
2021-09-30,"ACLGATI",0.00947867298578231
2021-09-30,"DATAMATICS",0.0438416922552027
2021-09-30,"SHRIRAMCIT",0.0529494364569483
2021-09-30,"NIACL",-0.0595399188092017
2021-09-30,"GAYAPROJ",-0.144422310756972
2021-09-30,"AWHCL",-0.167697396807133
2021-09-30,"IGPL",0.12712793161394
2021-10-29,"KARURVYSYA",-0.0122116689280869
2021-10-29,"CHALET",-0.0341463414634143
2021-10-29,"CIGNITITEC",-0.0374979259996679
2021-10-29,"APCOTEXIND",-0.0979187037295715
2021-10-29,"PRICOLLTD",0.0386046511627909
2021-10-29,"ZENTEC",-0.0358490566037737
2021-10-29,"CHENNPETRO",-0.157749077490775
2021-10-29,"IIFL",-0.0897134805072807
2021-10-29,"HUDCO",-0.091798561151079
2021-10-29,"GPIL",-0.23816724633298
2021-10-29,"DEEPAKFERT",-0.0871676891615544
2021-10-29,"NEOGEN",0.127512409471886
2021-10-29,"SFL",0.312759524289458
2021-10-29,"RTNINDIA",0.0413625304136251
2021-10-29,"HIMATSEIDE",-0.171821032990591
2021-10-29,"GMDCLTD",-0.126228269085412
2021-10-29,"SURYAROSNI",-0.0487640600794773
2021-10-29,"MSTCLTD",-0.112632935868514
2021-10-29,"EIHOTEL",-0.143838091796169
2021-10-29,"JAMNAAUTO",0.0143519540737471
2021-11-30,"NEULANDLAB",-0.121979286536249
2021-11-30,"BOROLTD",0.424243641769456
2021-11-30,"ELECON",-0.106225296442688
2021-11-30,"FAIRCHEMOR",-0.0107109263585886
2021-11-30,"PARAS",0.0435760472308127
2021-11-30,"ARIHANTSUP",-0.0478991596638659
2021-11-30,"CERA",-0.0187054947390798
2021-11-30,"KKCL",-0.0134619699349336
2021-11-30,"JBMA",0.188263409453
2021-11-30,"BESTAGRO",-0.10188784008884
2021-11-30,"TCI",0.0881839568945892
2021-11-30,"ARVIND",0.0437989857076995
2021-11-30,"BORORENEW",0.051368421052632
2021-11-30,"TI",0.142241379310345
2021-11-30,"TTML",0.746508675412612
2021-11-30,"ROSSARI",0.00109589041095881
2021-11-30,"BCG",0.363078496548197
2021-11-30,"UJJIVAN",-0.0298014621153442
2021-11-30,"PARAGMILK",-0.0813424816070097
2021-11-30,"TTKPRESTIG",-0.00852688847039118
2021-12-31,"ASAHIINDIA",0.131029517638589
2021-12-31,"TVTODAY",-0.079447882577844
2021-12-31,"EKC",-0.0629637137644434
2021-12-31,"SPANDANA",-0.25719902856482
2021-12-31,"LYKALABS",-0.226075208286422
2021-12-31,"PRECAM",0.0962775420829347
2021-12-31,"LAOPALA",-0.0926555342101371
2021-12-31,"MHRIL",0.122395146399367
2021-12-31,"RVNL",0.0198388096714197
2021-12-31,"ELGIEQUIP",0.0869928201703125
2021-12-31,"THERMAX",0.147318169053636
2021-12-31,"RIIL",0.0162807100035263
2021-12-31,"CAMLINFINE",0.167941942099866
2021-12-31,"SOLARA",-0.139253079062376
2021-12-31,"ASTERDM",0.0356479762346824
2021-12-31,"PNBHOUSING",-0.112163509471585
2021-12-31,"JBMA",0.230784871899146
2021-12-31,"TRIVENI",0.188937321509093
2021-12-31,"LMW",0.229398919664406
2021-12-31,"CREDITACC",0.0486368226186469
2022-01-31,"JSLHISAR",-0.130370552751447
2022-01-31,"VARROC",-0.0997212366953878
2022-01-31,"ANANTRAJ",-0.086326402016383
2022-01-31,"KABRAEXTRU",-0.126453640649555
2022-01-31,"BCLIND",-0.217579562675904
2022-01-31,"WEBELSOLAR",-0.322580645161291
2022-01-31,"KITEX",-0.0819792302993282
2022-01-31,"CCL",-0.0498088476242488
2022-01-31,"PGEL",-0.203257328990228
2022-01-31,"MMTC",-0.192139737991266
2022-01-31,"EKC",-0.244243624659569
2022-01-31,"GRAVITA",-0.0837234921509227
2022-01-31,"SPARC",-0.180515322457692
2022-01-31,"DBL",-0.268952328916815
2022-01-31,"INOXWIND",-0.12151330554665
2022-01-31,"JSWISPL",-0.149156939040208
2022-01-31,"GOODLUCK",-0.148448825746593
2022-01-31,"CONFIPET",-0.061154058531198
2022-01-31,"NH",0.0620786957203325
2022-01-31,"TCI",-0.143605193314683
2022-02-28,"360ONE",0.118260869565217
2022-02-28,"MAHSEAMLES",0.0747221078633185
2022-02-28,"GMDCLTD",0.38291785860237
2022-02-28,"COFFEEDAY",-0.0387323943661971
2022-02-28,"DOLLAR",0.0422660098522163
2022-02-28,"BLS",0.0999428897772698
2022-02-28,"BDL",0.184611983196993
2022-02-28,"BIRLANU",-0.023771998949304
2022-02-28,"GREENPANEL",0.231746302374153
2022-02-28,"ELGIEQUIP",-0.204749493194324
2022-02-28,"AMBIKCO",-0.0393088744781026
2022-02-28,"BLUESTARCO",0.00238426385853296
2022-02-28,"OIL",-0.025009924573243
2022-02-28,"VIPIND",0.162702787840605
2022-02-28,"BIRLACORPN",0.0760679313117931
2022-02-28,"DWARKESH",0.375809435707678
2022-02-28,"AAVAS",-0.0816326530612244
2022-02-28,"POWERINDIA",0.0308189022600531
2022-02-28,"ONMOBILE",0.00791322130345851
2022-02-28,"ABSLAMC",0.0658776239392584
2022-03-31,"FINCABLES",0.0174403356936799
2022-03-31,"DBREALTY",-0.158855556741753
2022-03-31,"EXCELINDUS",-0.0125446128838475
2022-03-31,"SHANKARA",-0.0424542760805149
2022-03-31,"UGARSUGAR",-0.0383476667136613
2022-03-31,"UTTAMSUGAR",0.176725929346571
2022-03-31,"EVERESTIND",-0.210840033268644
2022-03-31,"JAGSNPHARM",-0.117713172486138
2022-03-31,"SCHNEIDER",0.108958837772397
2022-03-31,"SOLARA",-0.0865451725474987
2022-03-31,"ANDHRSUGAR",0.0465708192887113
2022-03-31,"SARDAEN",0.0626118067978534
2022-03-31,"HLEGLAS",-0.177416473110595
2022-03-31,"SHRIRAMCIT",0.00517707965643011
2022-03-31,"NAHARPOLY",-0.121946902654867
2022-03-31,"SETFNIFBK",-0.0245420353383664
2022-03-31,"TRITURBINE",-0.053904282115869
2022-03-31,"RHIM",-0.000751942518171789
2022-03-31,"MRPL",0.713081185256565
2022-03-31,"IPL",0.00497227687354651
2022-04-29,"USHAMART",-0.174184085075174
2022-04-29,"WSTCSTPAPR",-0.0257234726688106
2022-04-29,"OPTIEMUS",-0.250955078382295
2022-04-29,"NFL",-0.0891931902294597
2022-04-29,"ORIENTPPR",-0.172346640701071
2022-04-29,"PATANJALI",-0.00751553692730145
2022-04-29,"SPIC",-0.260647829083391
2022-04-29,"CHOLAHLDNG",-0.0169598985576158
2022-04-29,"PRAKASH",-0.222043873729267
2022-04-29,"BLS",0.020926090828139
2022-04-29,"MANALIPETC",-0.260659819483349
2022-04-29,"BCG",-0.195451674036639
2022-04-29,"TNPL",-0.16984487698844
2022-04-29,"TIMETECHNO",0.0970416853428957
2022-04-29,"PRICOLLTD",-0.117244004567948
2022-04-29,"KANSAINER",-0.138893622822864
2022-04-29,"DBREALTY",-0.165464743589743
2022-04-29,"CONFIPET",0.0108636610537751
2022-04-29,"MOL",-0.10384671639608
2022-04-29,"JBMA",-0.143344025661587
2022-05-31,"DCBBANK",-0.104182319058352
2022-05-31,"GOKEX",-0.273710744669677
2022-05-31,"CIEINDIA",0.216098226466575
2022-05-31,"GODFRYPHLP",-0.0734417780641003
2022-05-31,"APCOTEXIND",-0.0862167689161554
2022-05-31,"BLUEDART",0.017620561738209
2022-05-31,"CHENNPETRO",0.0633501748931209
2022-05-31,"JAICORPLTD",-0.0409735597968832
2022-05-31,"GODREJAGRO",-0.0406905055487056
2022-05-31,"ASIANTILES",-0.167356226727348
2022-05-31,"MRPL",0.0922730682670667
2022-05-31,"RIIL",0.00704717843886105
2022-05-31,"SETFNIF50",-0.0455882352941176
2022-05-31,"TIINDIA",0.150797638487627
2022-05-31,"ATGL",0.0288051668460712
2022-05-31,"APOLLOTYRE",-0.143133930733834
2022-05-31,"HINDPETRO",-0.0537761961249502
2022-05-31,"JKIL",0.163621088006721
2022-05-31,"IOC",-0.0578381795195955
2022-05-31,"MANYAVAR",-0.0918550065334172
2022-06-30,"TIMKEN",0.201654517159473
2022-06-30,"HINDOILEXP",-0.0359116022099448
2022-06-30,"RTNINDIA",0.0444177671068429
2022-06-30,"NAVA",0.143032535297729
2022-06-30,"NAVKARCORP",0.443478260869565
2022-06-30,"KTKBANK",0.0807993049522151
2022-06-30,"RELIGARE",0.129544504805684
2022-06-30,"FINEORG",0.114315547666284
2022-06-30,"HIKAL",0.0549174749021606
2022-06-30,"VADILALIND",0.082435479829617
2022-06-30,"AEGISLOG",0.227045908183632
2022-06-30,"NH",0.0315122723673791
2022-06-30,"RATNAMANI",0.0796316710978535
2022-06-30,"RBA",0.0830699774266361
2022-06-30,"SUNDARMFIN",0.148784309174259
2022-06-30,"GPIL",0.125180449577233
2022-06-30,"DHAMPURSUG",0.0604460093896715
2022-06-30,"JSL",0.190524707080998
2022-06-30,"VRLLOG",0.00717410323709555
2022-06-30,"UTTAMSUGAR",0.205244277417151
2022-07-29,"ASAHIINDIA",0.110086910718989
2022-07-29,"CHEMPLASTS",-0.115348349921425
2022-07-29,"SPARC",0.0272503908867545
2022-07-29,"PRICOLLTD",0.0836990595611287
2022-07-29,"MANGCHEFER",0.070385126162019
2022-07-29,"USHAMART",-0.0245614035087725
2022-07-29,"SIYSIL",-0.0726256983240224
2022-07-29,"JISLJALEQS",0.13490959666203
2022-07-29,"CENTURYPLY",0.137084398976982
2022-07-29,"JAMNAAUTO",-0.0912187422115146
2022-07-29,"STLTECH",0.182284382284383
2022-07-29,"NAVKARCORP",-0.195954487989886
2022-07-29,"FIEMIND",-0.0342618384401113
2022-07-29,"ARVIND",-0.0112660944206006
2022-07-29,"GESHIP",0.141972477064221
2022-07-29,"KEC",-0.127858854280113
2022-07-29,"APARINDS",0.102195945945946
2022-07-29,"HIKAL",0.310787737679473
2022-07-29,"HEMIPROP",-0.0127178520960907
2022-07-29,"CARBORUNIV",-0.00810875268304312
2022-08-30,"BCG",-0.210526315789474
2022-08-30,"PCJEWELLER",0.158149171270718
2022-08-30,"NDTV",-0.246431025269105
2022-08-30,"KKCL",-0.0384102750514961
2022-08-30,"GNA",-0.0788412722114382
2022-08-30,"ANANTRAJ",0.121653084982537
2022-08-30,"METROBRAND",0.179035250463822
2022-08-30,"SHOPERSTOP",0.20213706113923
2022-08-30,"CEMPRO",0.0359281437125751
2022-08-30,"WSTCSTPAPR",-0.214728489957848
2022-08-30,"LUMAXTECH",0.0682085456683656
2022-08-30,"ACUTAAS",-0.0967934674367654
2022-08-30,"SUPRAJIT",0.00360090022505655
2022-08-30,"GRAVITA",-0.0199345896277839
2022-08-30,"CARTRADE",-0.0481366459627327
2022-08-30,"EQUITAS",-0.056612749762131
2022-08-30,"GPIL",-0.0524493681841788
2022-08-30,"FINCABLES",0.0364272019848877
2022-08-30,"VMART",-0.0529157667386609
2022-08-30,"TNPL",-0.0917542104385527
2022-09-30,"KIRLOSENG",0.135280898876404
2022-09-30,"FAIRCHEMOR",-0.0828840970350405
2022-09-30,"NELCO",-0.047025957397276
2022-09-30,"CONFIPET",0.000682314410480389
2022-09-30,"KOLTEPATIL",0.0469808995686998
2022-09-30,"BFUTILITIE",-0.00786103714973951
2022-09-30,"VERANDA",0.0017094017094017
2022-09-30,"APTUS",0.0205479452054793
2022-09-30,"SURYAROSNI",-0.0880790381209806
2022-09-30,"RTNINDIA",0.0318133616118768
2022-09-30,"CAPACITE",0.0168253968253973
2022-09-30,"TRITURBINE",0.0950956937799043
2022-09-30,"WONDERLA",-0.0622851643063385
2022-09-30,"AGI",0.0197690969476518
2022-09-30,"HPAL",0.00176278015613174
2022-09-30,"FORCEMOT",0.120232172470979
2022-09-30,"GRAVITA",0.182569253199417
2022-09-30,"ANANTRAJ",0.210075026795284
2022-09-30,"SUBEXLTD",-0.0443037974683548
2022-09-30,"MAZDOCK",0.239627605747825
2022-10-31,"GODFRYPHLP",0.134776987718165
2022-10-31,"ARVINDFASN",-0.105964723306853
2022-10-31,"GRSE",0.122012292283177
2022-10-31,"DBREALTY",-0.0151116951379763
2022-10-31,"LIBERTSHOE",0.207725464190981
2022-10-31,"VISHNU",-0.119811189782035
2022-10-31,"SCHNEIDER",-0.0822222222222222
2022-10-31,"RITES",-0.0181667516573178
2022-10-31,"KALPATPOWR",0.0886551465063856
2022-10-31,"MAHSEAMLES",-0.0409934570703698
2022-10-31,"GRAVITA",-0.00280938334035663
2022-10-31,"BLUESTARCO",0.00133555926544249
2022-10-31,"CEATLTD",0.210028003733831
2022-10-31,"VERANDA",-0.0994406463642011
2022-10-31,"VADILALIND",0.107885714285715
2022-10-31,"CHEMCON",-0.261458146735931
2022-10-31,"ANANTRAJ",-0.108849557522124
2022-10-31,"TCI",0.000223613595706995
2022-10-31,"CEMPRO",0.00341588385994918
2022-10-31,"MIDHANI",0.0324716940824608
2022-11-30,"SUNDARMFIN",0.0243106617647064
2022-11-30,"USHAMART",0.280060882800608
2022-11-30,"CAMLINFINE",0.015582391897156
2022-11-30,"PENIND",-0.0863599677158999
2022-11-30,"DLINKINDIA",-0.190675308383859
2022-11-30,"FORCEMOT",-0.116249197174053
2022-11-30,"JAMNAAUTO",-0.0668115668115665
2022-11-30,"SHOPERSTOP",0.0120559280924526
2022-11-30,"JSLHISAR",0.287056061050778
2022-11-30,"JSL",0.35572211011819
2022-11-30,"RAINBOW",-0.0435237223892299
2022-11-30,"DELHIVERY",-0.0234236888626989
2022-11-30,"RAILTEL",-0.0830815709969789
2022-11-30,"JKLAKSHMI",0.142485361093039
2022-11-30,"CIGNITITEC",-0.00457142857142867
2022-11-30,"HOMEFIRST",-0.0239772419398536
2022-11-30,"LATENTVIEW",-0.0119776417354275
2022-11-30,"RAJRATAN",-0.0479028936815866
2022-11-30,"IPCALAB",-0.0249578218628195
2022-11-30,"POLICYBZR",-0.0275488069414317
2022-12-30,"SWANCORP",0.0634358396393497
2022-12-30,"NFL",-0.0925352112676057
2022-12-30,"PANAMAPET",-0.0739788199697428
2022-12-30,"HONDAPOWER",-0.0751595367525408
2022-12-30,"SPIC",-0.177415599534342
2022-12-30,"REFEX",-0.0725294650951948
2022-12-30,"GICRE",-0.0194146624166912
2022-12-30,"GOODLUCK",0.193626789089927
2022-12-30,"QUESS",-0.134031694869729
2022-12-30,"UGARSUGAR",-0.0960547277668444
2022-12-30,"VADILALIND",0.0814828754234096
2022-12-30,"MSTCLTD",-0.0282220131702732
2022-12-30,"CONFIPET",-0.0708031975637611
2022-12-30,"JMFINANCIL",-0.119947275922672
2022-12-30,"GESHIP",-0.0514964052833977
2022-12-30,"NEULANDLAB",-0.10915706488781
2022-12-30,"COFFEEDAY",-0.13298969072165
2022-12-30,"NH",-0.0300822878726563
2022-12-30,"TIMKEN",-0.0234006893716596
2022-12-30,"RELINFRA",-0.0924918389553864
2023-01-31,"SHARDACROP",-0.00652315720808871
2023-01-31,"SUNFLAG",-0.0227867015315655
2023-01-31,"GICHSGFIN",-0.137489962142939
2023-01-31,"ORIENTPPR",-0.147729945895083
2023-01-31,"TRACXN",-0.183706943685074
2023-01-31,"HINDWAREAP",-0.135041722213993
2023-01-31,"HARIOMPIPE",0.00704402515723279
2023-01-31,"CHEMPLASTS",-0.102881610924662
2023-01-31,"EQUITASBNK",0.343846153846154
2023-01-31,"NELCAST",-0.084489872468117
2023-01-31,"TATAMETALI",-0.136842305873553
2023-01-31,"PNCINFRA",-0.181504071147432
2023-01-31,"PONNIERODE",0.00516351118760738
2023-01-31,"USHAMART",-0.0405254332029067
2023-01-31,"JSLHISAR",0.0352655474606698
2023-01-31,"RATEGAIN",0.00729300729300753
2023-01-31,"SWANCORP",-0.182548609995179
2023-01-31,"HIKAL",-0.156620938628159
2023-01-31,"KAMDHENU",-0.13218085106383
2023-01-31,"WELENT",-0.135368043087971
2023-02-28,"IIFL",0.118583223644849
2023-02-28,"DATAPATTNS",0.028994261552401
2023-02-28,"ATULAUTO",-0.115064238317097
2023-02-28,"MOLDTECH",-0.0406797534068789
2023-02-28,"TVSELECT",0.0190314095621231
2023-02-28,"NIITLTD",-0.020067728583971
2023-02-28,"KALPATPOWR",-0.0225048028542678
2023-02-28,"NH",0.0421596627226981
2023-02-28,"BESTAGRO",-0.0869683380894145
2023-02-28,"APARINDS",0.0574514038876888
2023-02-28,"PTC",-0.0810534390181543
2023-02-28,"360ONE",-0.0285501489572989
2023-02-28,"AIAENG",0.072529940119761
2023-02-28,"ACE",0.154548046763616
2023-02-28,"BLS",0.0199613249329422
2023-02-28,"SKFINDIA",-0.0490249321155271
2023-02-28,"SHARDACROP",0.026642217667997
2023-02-28,"RKFORGE",0.0699999999999998
2023-02-28,"SHAREINDIA",-0.0137058261700095
2023-02-28,"JSLHISAR",0.111154985192497
2023-03-31,"OLECTRA",0.0194324491054905
2023-03-31,"JBMA",0.13988603988604
2023-03-31,"DCAL",0.0564885496183205
2023-03-31,"NDTV",0.0179284216223532
2023-03-31,"NUCLEUS",-0.106405996445406
2023-03-31,"PENIND",-0.0295698924731181
2023-03-31,"FINCABLES",0.0957027584912742
2023-03-31,"JSWENERGY",0.0415140415140418
2023-03-31,"CREDITACC",0.0411361410381978
2023-03-31,"ATGL",0.11786306562426
2023-03-31,"GESHIP",0.0491519556940119
2023-03-31,"SPARC",0.084679665738161
2023-03-31,"ISMTLTD",-0.0472653612424038
2023-03-31,"QUESS",-0.0287492590397157
2023-03-31,"ZENTEC",-0.140911782119598
2023-03-31,"GPPL",-0.0305789213260763
2023-03-31,"HINDZINC",0.0541523153463448
2023-03-31,"SCI",0.0250746268656716
2023-03-31,"SONATSOFTW",-0.00499126528575
2023-03-31,"GLOBUSSPR",0.117056642373098
2023-04-28,"WABAG",0.192016697104096
2023-04-28,"PRICOLLTD",-0.049240869922035
2023-04-28,"MAHSEAMLES",0.0438053634267683
2023-04-28,"NETWORK18",0.0496575342465748
2023-04-28,"JISLJALEQS",0.0993006993006993
2023-04-28,"FACT",-0.142427712567993
2023-04-28,"DHAMPURSUG",0.0238482384823846
2023-04-28,"POWERINDIA",0.114658925979681
2023-04-28,"EMAMILTD",0.029354749376904
2023-04-28,"LMW",0.0115757358219672
2023-04-28,"STOVEKRAFT",-0.02108082925693
2023-04-28,"TRIVENI",-0.0111624557402624
2023-04-28,"CEMPRO",0.316347329800244
2023-04-28,"DWARKESH",-0.0256693958840447
2023-04-28,"CHEMPLASTS",0.0568538542029995
2023-04-28,"SPARC",-0.0314738996929373
2023-04-28,"SOBHA",0.11301446051168
2023-04-28,"ATULAUTO",0.0408311537343795
2023-04-28,"DCBBANK",0.0743582457137444
2023-04-28,"SYRMA",0.314102564102564
2023-05-31,"RELIGARE",0.0785671282360028
2023-05-31,"CAMLINFINE",-0.0499074682108529
2023-05-31,"JWL",0.363492690636113
2023-05-31,"GUJALKALI",0.0444204583194954
2023-05-31,"HARSHA",0.0719492123207148
2023-05-31,"KECL",0.142413487133984
2023-05-31,"HINDOILEXP",0.12316076294278
2023-05-31,"PSB",-0.0476043276661517
2023-05-31,"GOODLUCK",-0.0788775961113568
2023-05-31,"WESTLIFE",0.0329856900315306
2023-05-31,"CARBORUNIV",0.0358707077785561
2023-05-31,"REFEX",0.0354066985645933
2023-05-31,"LUMAXTECH",0.143142809531745
2023-05-31,"EIHOTEL",-0.0188191013879092
2023-05-31,"KSOLVES",0.0282453796944722
2023-05-31,"ASTRAMICRO",0.0662174040433636
2023-05-31,"LTFOODS",0.102432778489116
2023-05-31,"SAKSOFT",0.261823273179838
2023-05-31,"ASHOKA",0.0217530390275111
2023-05-31,"TVSELECT",0.135686941726925
2023-06-30,"MIDHANI",0.14701826956222
2023-06-30,"SANGHVIMOV",0.29818712231715
2023-06-30,"APTECHT",-0.0601725290079586
2023-06-30,"BEPL",0.00390675869253809
2023-06-30,"VASCONEQ",-0.00344431687715296
2023-06-30,"REFEX",0.558809855880986
2023-06-30,"SAFARI",-0.0491256174075561
2023-06-30,"VOLTAMP",0.146335245379222
2023-06-30,"RBA",0.0980483271375465
2023-06-30,"RICOAUTO",-0.0105027021515239
2023-06-30,"TARIL",-0.130218687872763
2023-06-30,"EPL",0.0539138169598736
2023-06-30,"KAYNES",0.1691593604951
2023-06-30,"CAPACITE",0.0338903271357964
2023-06-30,"DLINKINDIA",0.127618225005398
2023-06-30,"RATEGAIN",0.0295528047284486
2023-06-30,"FOODSIN",-0.0509560944343551
2023-06-30,"DBL",0.0988191423244247
2023-06-30,"NEULANDLAB",0.228774422735347
2023-06-30,"ELGIEQUIP",-0.00329504801355673
2023-07-31,"GODREJIND",0.123510971786834
2023-07-31,"GOCOLORS",0.0824078544986322
2023-07-31,"TDPOWERSYS",0.0109636468551646
2023-07-31,"SURYODAY",-0.0750453043385564
2023-07-31,"JTLIND",0.0489089203851032
2023-07-31,"SSWL",0.0588980367321095
2023-07-31,"SHRIPISTON",-0.237521391899601
2023-07-31,"PRAKASH",0.256054210175516
2023-07-31,"PARADEEP",0.0407641395908542
2023-07-31,"POLYMED",0.207991378595706
2023-07-31,"KPIGREEN",0.0850013709898545
2023-07-31,"ISEC",-0.00274633821571235
2023-07-31,"CONFIPET",0.150911893141536
2023-07-31,"DCAL",-0.0261600747430709
2023-07-31,"AETHER",-0.0613738223726332
2023-07-31,"SHYAMMETL",0.185089974293059
2023-07-31,"CSBBANK",0.10431293881645
2023-07-31,"PARAGMILK",0.110676258992806
2023-07-31,"JSWISPL",0.00515463917525771
2023-07-31,"SHILPAMED",0.0723206505954113
2023-08-31,"VESUVIUS",-0.073608617594255
2023-08-31,"ICIL",-0.0936213991769549
2023-08-31,"ASHAPURMIN",0.272428164071068
2023-08-31,"TFCILTD",-0.113791533909877
2023-08-31,"PREMEXPLN",-0.12434554973822
2023-08-31,"IMAGICAA",-0.072310405643739
2023-08-31,"HPL",-0.0708098744045039
2023-08-31,"CARTRADE",-0.0241177513743572
2023-08-31,"SANGHIIND",0.0281051677243882
2023-08-31,"CAPLIPOINT",-0.0572863858420135
2023-08-31,"MMTC",0.334857142857143
2023-08-31,"APOLLO",0.0357142857142856
2023-08-31,"ANANDRATHI",0.201670644391408
2023-08-31,"TI",-0.0600418896904819
2023-08-31,"PATELENG",-0.0839241233952864
2023-08-31,"ASTERDM",-0.00621990369181413
2023-08-31,"ADVENZYMES",-0.0124461464815704
2023-08-31,"JBCHEPHARM",0.0601175174439954
2023-08-31,"SUBEXLTD",-0.0895104895104898
2023-08-31,"KOLTEPATIL",0.0381696428571427
2023-09-29,"GOKEX",0.0789558700006465
2023-09-29,"GVT&D",-0.0716136631330976
2023-09-29,"NRBBEARING",-0.0507204610951009
2023-09-29,"GRWRHITECH",-0.000683760683760193
2023-09-29,"SHAKTIPUMP",0.184556786703601
2023-09-29,"OPTIEMUS",0.0760757314974185
2023-09-29,"KOPRAN",0.00554664221865719
2023-09-29,"POWERINDIA",0.0247402276100939
2023-09-29,"PAKKA",0.0811380400421498
2023-09-29,"AGARIND",-0.0280299591466181
2023-09-29,"IONEXCHANG",-0.00235804565176378
2023-09-29,"ASIANTILES",0.307448494453249
2023-09-29,"ATULAUTO",0.0185632231748938
2023-09-29,"EVEREADY",-0.0680434207042627
2023-09-29,"MANINDS",0.162002567394095
2023-09-29,"SHOPERSTOP",-0.0654110089064096
2023-09-29,"TRU",0.253048780487805
2023-09-29,"COFFEEDAY",-0.0441323971915745
2023-09-29,"GABRIEL",0.0129270544783009
2023-09-29,"EMUDHRA",-0.0304552254755289
2023-10-31,"JAIBALAJI",0.0623430211697169
2023-10-31,"ITI",0.00921572315215347
2023-10-31,"MAPMYINDIA",0.0526165420694256
2023-10-31,"ORISSAMINE",0.11286378087552
2023-10-31,"MANINDS",0.0712462781794982
2023-10-31,"DEN",0.209944751381216
2023-10-31,"AFSL",0.12162833029952
2023-10-31,"DATAMATICS",-0.0422696990581207
2023-10-31,"HITECH",0.0440757828605083
2023-10-31,"KSB",0.14214400541501
2023-10-31,"ELECTCAST",0.415530163410739
2023-10-31,"ABREL",0.170513775130305
2023-10-31,"TARC",0.114697120158888
2023-10-31,"NIITLTD",-0.0534017324026574
2023-10-31,"DWARKESH",0.0376418809358348
2023-10-31,"NETWORK18",0.29082774049217
2023-10-31,"CYIENTDLM",0.0230120576877608
2023-10-31,"BRIGADE",0.312175605536332
2023-10-31,"VOLTAMP",0.127201771964982
2023-10-31,"ASHOKA",0.100313479623825
2023-11-30,"PDSL",-0.035787778473651
2023-11-30,"REPCOHOME",-0.0261613067891778
2023-11-30,"KCP",0.0488157532360229
2023-11-30,"SHALBY",-0.0157770954465281
2023-11-30,"TFCILTD",0.160655737704918
2023-11-30,"MMTC",0.16003879728419
2023-11-30,"OSIAHYPER",-0.0725581395348837
2023-11-30,"PREMEXPLN",0.139442946990117
2023-11-30,"PPL",-0.026845637583893
2023-11-30,"BBTC",0.114623935325538
2023-11-30,"NIITLTD",0.00212652844231798
2023-11-30,"ICIL",0.00397088021178083
2023-11-30,"IONEXCHANG",0.00332076826422556
2023-11-30,"ASIANTILES",0.0224032586558038
2023-11-30,"KOLTEPATIL",-0.0768716577540108
2023-11-30,"HEMIPROP",0.125642909625275
2023-11-30,"HIMATSEIDE",0.0291818013913678
2023-11-30,"CIGNITITEC",-0.0640350877192982
2023-11-30,"VAIBHAVGBL",-0.0821716801173881
2023-11-30,"GENSOL",0.105438619427376
2023-12-29,"TECHNOE",0.00515527950310557
2023-12-29,"NETWEB",0.180770859805167
2023-12-29,"RPSGVENT",0.0260511574542748
2023-12-29,"INDRAMEDCO",0.0576648586925497
2023-12-29,"TALBROAUTO",-0.0592340425531916
2023-12-29,"SNOWMAN",0.110373181530677
2023-12-29,"ATL",0.356255012028869
2023-12-29,"AGSTRA",0.224511357633386
2023-12-29,"VARROC",-0.00742928750447569
2023-12-29,"POWERINDIA",0.0869405722670575
2023-12-29,"BLISSGVS",-0.100486223662885
2023-12-29,"SHARDAMOTR",0.052656850192061
2023-12-29,"BASF",-0.0116693037974687
2023-12-29,"PRSMJOHNSN",-0.0195280716029291
2023-12-29,"GATEWAY",0.0741200828157349
2023-12-29,"GMRP&UI",-0.0571428571428571
2023-12-29,"EKC",0.122883713536285
2023-12-29,"THOMASCOOK",0.248438181025715
2023-12-29,"BCLIND",0.105898533007335
2023-12-29,"TI",0.0143929912390488
2024-01-31,"LLOYDSME",0.0666068222621183
2024-01-31,"TVSHLTD",0.134289615726487
2024-01-31,"JKIL",0.00940785832872137
2024-01-31,"NRBBEARING",-0.123173277661796
2024-01-31,"KIRIINDUS",-0.0451844515969299
2024-01-31,"TARIL",0.00319303338171273
2024-01-31,"MAITHANALL",-0.0269134520043439
2024-01-31,"HPL",0.0908330545332889
2024-01-31,"TFCILTD",0.217821782178218
2024-01-31,"KFINTECH",0.0924761048933911
2024-01-31,"SPCENET",0.0656698915274117
2024-01-31,"AXISCADES",-0.195342983008181
2024-01-31,"GULFOILLUB",0.267517653449213
2024-01-31,"MADRASFERT",-0.150575730735164
2024-01-31,"KAMOPAINTS",-0.121086556169429
2024-01-31,"PPL",-0.118082788671024
2024-01-31,"BBTC",0.0127199239182119
2024-01-31,"FIEMIND",-0.0155600742639904
2024-01-31,"BLAL",0.0368805224740687
2024-01-31,"GILLETTE",-0.000319182891796554
2024-02-29,"CGCL",-0.175074904850595
2024-02-29,"METROBRAND",0.00695993575443921
2024-02-29,"SHILPAMED",0.0982548410231887
2024-02-29,"ALIVUS",-0.0964799438662145
2024-02-29,"SAMHI",-0.0460288808664258
2024-02-29,"KSL",-0.176915799432356
2024-02-29,"WEBELSOLAR",0.220880503144654
2024-02-29,"SURYODAY",-0.143914606018345
2024-02-29,"JKLAKSHMI",-0.0701382087278274
2024-02-29,"GOLDIAM",-0.0869407057111679
2024-02-29,"GUJALKALI",-0.16962676962677
2024-02-29,"EMIL",-0.120321469575201
2024-02-29,"ONEPOINT",-0.124382207578253
2024-02-29,"ORCHPHARMA",-0.110765957446809
2024-02-29,"UDS",-0.11626746506986
2024-02-29,"DHANBANK",-0.136258064516129
2024-02-29,"SHK",-0.00221391321460196
2024-02-29,"DYNAMATECH",0.0303030303030303
2024-02-29,"BAJEL",-0.0135228370360146
2024-02-29,"ZUARIIND",0.0728019720624489
2024-03-28,"TRITURBINE",-0.0595850328072351
2024-03-28,"JUBLINGREA",0.18228316465339
2024-03-28,"ANURAS",-0.0539494650580467
2024-03-28,"EMUDHRA",0.0278876312559662
2024-03-28,"DCAL",-0.046024244914732
2024-03-28,"JLHL",0.034873949579832
2024-03-28,"ZAGGLE",0.0697715601204179
2024-03-28,"SALZERELEC",0.0246883100851749
2024-03-28,"RICOAUTO",-0.0232541601479165
2024-03-28,"INOXGREEN",0.161087866108787
2024-03-28,"GRINFRA",-0.0100906322239754
2024-03-28,"RHIM",0.130076309095693
2024-03-28,"GVT&D",0.305164319248826
2024-03-28,"KPIGREEN",0.130823529411765
2024-03-28,"SWELECTES",0.316628701594533
2024-03-28,"SUPRAJIT",0.00943396226415061
2024-03-28,"POWERINDIA",0.363817663817664
2024-03-28,"360ONE",0.12538860103627
2024-03-28,"INTELLECT",-0.000330173105042353
2024-03-28,"TVSHLTD",0.0518127380930395
2024-04-30,"TECHNOE",0.373641969266908
2024-04-30,"ASTERDM",0.0598366740905718
2024-04-30,"AURIONPRO",-0.115034538805364
2024-04-30,"MANINFRA",-0.122357858737472
2024-04-30,"ANUP",-0.0452371574860744
2024-04-30,"SDBL",-0.00917003419334783
2024-04-30,"SURYODAY",-0.138579743888242
2024-04-30,"BCLIND",-0.0985940558818297
2024-04-30,"GVPIL",-0.101404741000878
2024-04-30,"IIFLCAPS",0.313412091730368
2024-04-30,"TIPSMUSIC",-0.0620416715167037
2024-04-30,"PRAKASH",-0.0939666532974274
2024-04-30,"KOPRAN",-0.109515114627714
2024-04-30,"IOLCP",-0.0827179567865095
2024-04-30,"TAJGVK",-0.130878796022575
2024-04-30,"SALZERELEC",-0.157357357357357
2024-04-30,"SARDAEN",-0.151428571428571
2024-04-30,"DCXINDIA",-0.0386578011442712
2024-04-30,"GENESYS",-0.150511739915714
2024-04-30,"ICIL",-0.108060826268335
2024-05-31,"MAFANG",-0.00243103266039557
2024-05-31,"SPARC",0.135521965044875
2024-05-31,"SOLARA",0.337342005154006
2024-05-31,"SCILAL",0.164281542056075
2024-05-31,"JSFB",0.122505450276706
2024-05-31,"GEOJITFSL",0.0604283833911692
2024-05-31,"SWELECTES",-0.00522256146553113
2024-05-31,"LIKHITHA",0.315496130299179
2024-05-31,"AFSL",0.156015976035946
2024-05-31,"SAREGAMA",0.0603465057426515
2024-05-31,"SMCGLOBAL",-0.0260847436060567
2024-05-31,"63MOONS",0.0531254511332468
2024-05-31,"SHARDAMOTR",0.375390828556539
2024-05-31,"SERVOTECH",0.0555755180261106
2024-05-31,"DOLATALGO",-0.0459543276007894
2024-05-31,"SUDARSCHEM",0.172677381419051
2024-05-31,"NEWGEN",0.0741304470376007
2024-05-31,"HONASA",-0.0555313113680994
2024-05-31,"SHAKTIPUMP",0.408657202699558
2024-05-31,"HPL",0.0649208282582219
2024-06-28,"ISGEC",0.281093808087901
2024-06-28,"ORIENTELEC",0.0305340766049274
2024-06-28,"GIPCL",-0.00922422954303947
2024-06-28,"TCNSBRANDS",0.115871559633027
2024-06-28,"ISMTLTD",0.0257014675690059
2024-06-28,"DREDGECORP",0.0299732227692837
2024-06-28,"TEXINFRA",0.0420075978959675
2024-06-28,"TAJGVK",-0.0121525140513444
2024-06-28,"SMLMAH",0.0275488580174241
2024-06-28,"UGROCAP",-0.0507584808660075
2024-06-28,"SDBL",-0.0126637554585155
2024-06-28,"IWEL",0.223985395309647
2024-06-28,"TEAMLEASE",0.172880677649569
2024-06-28,"HARSHA",-0.0185334407735698
2024-06-28,"INDOTECH",0.260859259259259
2024-06-28,"GVPIL",0.204016262165824
2024-06-28,"INGERRAND",-0.044754993372127
2024-06-28,"BIKAJI",-0.00370344490252283
2024-06-28,"CAMPUS",0.0667902887950276
2024-06-28,"SALZERELEC",0.0544618318469907
2024-07-31,"ORIENTCEM",-0.10062520370974
2024-07-31,"BHAGCHEM",0.12103147095522
2024-07-31,"STYRENIX",0.0271433167122406
2024-07-31,"JINDALPOLY",-0.052144102965057
2024-07-31,"SURAJEST",0.0927460286976323
2024-07-31,"ROTO",-0.113177595106098
2024-07-31,"NAVKARCORP",0.0616224648985964
2024-07-31,"OMINFRAL",-0.12730139590966
2024-07-31,"ADSL",0.249108458941563
2024-07-31,"AVADHSUGAR",0.201005439261579
2024-07-31,"SKYGOLD",0.339326997174415
2024-07-31,"GRWRHITECH",0.314870559903673
2024-07-31,"LIKHITHA",-0.00695620751180059
2024-07-31,"REPCOHOME",-0.0358118933182545
2024-07-31,"DHANUKA",0.0523790252644971
2024-07-31,"PFS",0.0318254961559088
2024-07-31,"KAMOPAINTS",0.102642276422764
2024-07-31,"ASALCBR",0.0804126198950348
2024-07-31,"SANGHIIND",-0.0634434709173441
2024-07-31,"EPACK",-0.0201472297559085
2024-08-30,"WELENT",-0.0243083178644036
2024-08-30,"PCJEWELLER",0.649111440207331
2024-08-30,"VSTIND",-0.0946231509744071
2024-08-30,"HUBTOWN",0.24296577946768
2024-08-30,"ANTELOPUS",-0.118661733284694
2024-08-30,"MONARCH",0.00998483316481313
2024-08-30,"SKYGOLD",0.00148671250696863
2024-08-30,"GPTINFRA",-0.0742302052785923
2024-08-30,"SPORTKING",-0.223641510736726
2024-08-30,"DCW",0.182184197282335
2024-08-30,"SURAJEST",-0.00632040369030007
2024-08-30,"OPTIEMUS",0.43724660673365
2024-08-30,"AFSL",-0.326906222611744
2024-08-30,"RUPA",-0.0975656877897996
2024-08-30,"KERNEX",-0.0386343216531896
2024-08-30,"CONFIPET",-0.0190270023926172
2024-08-30,"VLEGOV",0.3430866807611
2024-08-30,"MMTC",-0.102124674283424
2024-08-30,"MANYAVAR",0.0882987822262042
2024-08-30,"ASIANTILES",-0.00413745546488897
2024-09-30,"AIIL",-0.0916597853014037
2024-09-30,"KITEX",0.0777598934339787
2024-09-30,"POKARNA",0.0260485860694626
2024-09-30,"SHK",-0.0161450656428891
2024-09-30,"KIRIINDUS",0.0820647661223355
2024-09-30,"SMSPHARMA",-0.213244147157191
2024-09-30,"DIAMONDYD",-0.00773532152842504
2024-09-30,"AVADHSUGAR",-0.233879711716309
2024-09-30,"STERTOOLS",-0.0937946609735867
2024-09-30,"AEROENTER",-0.0763502331879047
2024-09-30,"PPL",-0.0630397236614848
2024-09-30,"TIPSMUSIC",0.262372980481029
2024-09-30,"STOVEKRAFT",-0.135617895738843
2024-09-30,"GEOJITFSL",-0.154848944682025
2024-09-30,"AWFIS",-0.0355571327182398
2024-09-30,"HONASA",-0.133736263736264
2024-09-30,"NEWGEN",-0.0264688884607974
2024-09-30,"KOPRAN",-0.137543173273833
2024-09-30,"NIITLTD",-0.0860490009514751
2024-09-30,"GENESYS",-0.00198562783661105
2024-10-31,"LMW",-0.0266225961538461
2024-10-31,"BLUEDART",-0.0703489456988244
2024-10-31,"ASTRAZEN",-0.130739455419114
2024-10-31,"REFEX",0.0542912542096132
2024-10-31,"PRSMJOHNSN",-0.0203264711998338
2024-10-31,"PENIND",0.0609619686800895
2024-10-31,"ARMANFIN",-0.121328903654485
2024-10-31,"DPABHUSHAN",-0.161728670082424
2024-10-31,"JSWHL",0.441014669926651
2024-10-31,"BFUTILITIE",0.145620353159851
2024-10-31,"63MOONS",0.107904642409034
2024-10-31,"AMBER",-0.015581886057458
2024-10-31,"NSIL",0.235139522300378
2024-10-31,"DIAMONDYD",-0.0496179692534291
2024-10-31,"AVANTEL",-0.103581566708945
2024-10-31,"SAREGAMA",-0.0461759082217975
2024-10-31,"LLOYDSENGG",0.0254523152407233
2024-10-31,"GOPAL",-0.0932002880362101
2024-10-31,"CEMPRO",-0.076793323863636
2024-10-31,"EMUDHRA",-0.036523169728544
2024-11-29,"KIRLPNU",-0.126212471131639
2024-11-29,"PRUDENT",-0.100191343362365
2024-11-29,"SJS",-0.0762371465295627
2024-11-29,"PILANIINVS",-0.0727906414414715
2024-11-29,"PRECAM",0.0635942482401781
2024-11-29,"AJMERA",0.0232114770506648
2024-11-29,"INDOTECH",0.0471055004508567
2024-11-29,"KICL",-0.0423027989821879
2024-11-29,"IFBIND",0.100859365927302
2024-11-29,"MONARCH",0.0298666037067639
2024-11-29,"BOROLTD",-0.145782750976459
2024-11-29,"SUNDROP",-0.0612586986336161
2024-11-29,"RAINBOW",-0.0730692823441768
2024-11-29,"63MOONS",0.317843594981033
2024-11-29,"PIXTRANS",-0.0574000911715546
2024-11-29,"AVALON",0.0078410872974386
2024-11-29,"PRAKASH",-0.0730612987327954
2024-11-29,"SIYSIL",-0.00305133421084136
2024-11-29,"HIKAL",-0.113004545766042
2024-11-29,"GVPIL",-0.136792452830189
2024-12-31,"SARDAEN",-0.019016938584641
2024-12-31,"JKIL",-0.0414073249033611
2024-12-31,"ASHAPURMIN",0.178279196627821
2024-12-31,"DCAL",-0.185594111461619
2024-12-31,"SIMPLEXINF",-0.0634947227341265
2024-12-31,"VIMTALABS",-0.134427231960865
2024-12-31,"EKC",-0.167360221937686
2024-12-31,"JGCHEM",-0.105023952831348
2024-12-31,"JINDRILL",0.143460980379787
2024-12-31,"BAJAJHIND",-0.111253606925297
2024-12-31,"SHAILY",0.0687160940325497
2024-12-31,"STERTOOLS",-0.138148121949494
2024-12-31,"AWFIS",-0.0784871616932685
2024-12-31,"PREMEXPLN",-0.147061554173243
2024-12-31,"BANCOINDIA",-0.123790903478082
2024-12-31,"PGIL",-0.0532283250729851
2024-12-31,"FACT",-0.0696781365267041
2024-12-31,"TTML",-0.0729597107438015
2024-12-31,"GLOBUSSPR",0.0486492673992673
2024-12-31,"HOMEFIRST",-0.0468704793133378
2025-01-31,"360ONE",-0.0247901038302947
2025-01-31,"FINPIPE",-0.16002400360054
2025-01-31,"STAR",-0.0841539838854074
2025-01-31,"CIGNITITEC",-0.0778071886319306
2025-01-31,"JINDWORLD",0.0042501517911353
2025-01-31,"BAJAJHCARE",-0.124281870409425
2025-01-31,"ZOTA",-0.143255237898648
2025-01-31,"WEL",-0.00738998992274109
2025-01-31,"AVANTIFEED",-0.0483949585683449
2025-01-31,"AARTIPHARM",0.250578455737423
2025-01-31,"BANKNIFTY1",-0.0185221674876849
2025-01-31,"GHCL",-0.176154592255465
2025-01-31,"BECTORFOOD",-0.134366585670191
2025-01-31,"INTELLECT",-0.193081799716871
2025-01-31,"PFIZER",-0.112203506359574
2025-01-31,"AEGISLOG",0.112887632929279
2025-01-31,"BLUEDART",-0.0876938354594762
2025-01-31,"HEG",-0.0631842764806755
2025-01-31,"APOLLO",-0.133512889572913
2025-01-31,"SKYGOLD",-0.040422322775264
2025-02-28,"GODIGIT",-0.0141421025728402
2025-02-28,"WHIRLPOOL",0.0740075151119104
2025-02-28,"BLUEJET",0.148112042633392
2025-02-28,"KPEL",0.0131470829909612
2025-02-28,"GLOBUSSPR",0.190427583078144
2025-02-28,"JINDRILL",0.0430478100131582
2025-02-28,"AEROFLEX",0.0491347342398025
2025-02-28,"NIVABUPA",0.0978627671541057
2025-02-28,"HINDOILEXP",-0.0631982475355971
2025-02-28,"NBCC",0.111475409836066
2025-02-28,"ADSL",-0.00948093220338997
2025-02-28,"DIAMONDYD",0.0321285140562246
2025-02-28,"EMUDHRA",0.0534417478741234
2025-02-28,"IIFLCAPS",0.076903870162297
2025-02-28,"SCHNEIDER",0.11344327836082
2025-02-28,"TARC",0.0583634175691936
2025-02-28,"CENTRALBK",0.0182806324110676
2025-02-28,"TRITURBINE",0.178368121442125
2025-02-28,"POKARNA",0.154586099444519
2025-02-28,"SMALLCAP",0.0990873533246412
2025-03-28,"SCHAEFFLER",0.0761696477388112
2025-03-28,"GODREJIND",-0.00650779101741539
2025-03-28,"FIRSTCRY",-0.0759907394797765
2025-03-28,"VIJAYA",0.0280037063729024
2025-03-28,"ORCHPHARMA",0.0231191723080855
2025-03-28,"BLISSGVS",-0.00380067567567577
2025-03-28,"SHRIRAMPPS",0.0355682747342598
2025-03-28,"UFBL",0.159011830201809
2025-03-28,"MINDACORP",-0.106063398451898
2025-03-28,"ITI",0.0145013905442988
2025-03-28,"ASALCBR",-0.206654357191992
2025-03-28,"SAREGAMA",0.0150773448208341
2025-03-28,"HIMATSEIDE",-0.0762896106462875
2025-03-28,"JSFB",0.208207604103802
2025-03-28,"63MOONS",-0.206492946467073
2025-03-28,"IWEL",0.0566343042071196
2025-03-28,"TAJGVK",-0.104449802718106
2025-03-28,"INDOTECH",-0.00333012005959143
2025-03-28,"DCAL",-0.124291222499433
2025-03-28,"NELCO",-0.0779074988774138
2025-04-30,"APLLTD",0.160341500497047
2025-04-30,"KIRLPNU",0.118800252958714
2025-04-30,"RHIM",0.00935402222955894
2025-04-30,"VADILALIND",-0.146811070998797
2025-04-30,"SPARC",0.274698795180723
2025-04-30,"PARAGMILK",0.158507001874518
2025-04-30,"BFUTILITIE",0.0516478111165761
2025-04-30,"HITECH",0.0831723667765025
2025-04-30,"GOKEX",0.141203570400231
2025-04-30,"RAINBOW",0.0310861699771101
2025-04-30,"RAJESHEXPO",0.104522723525856
2025-04-30,"PANACEABIO",-0.0258905618802789
2025-04-30,"HEG",0.136876712328767
2025-04-30,"BALUFORGE",0.312447395492378
2025-04-30,"POWERMECH",0.195496535796766
2025-04-30,"GABRIEL",0.227630101085736
2025-04-30,"SUMICHEM",-0.0338025471607774
2025-04-30,"MOREPENLAB",0.0940518556176919
2025-04-30,"CONCORDBIO",0.173062555185764
2025-04-30,"CLEAN",0.326357490418981
2025-05-30,"AIIL",0.101884816753926
2025-05-30,"VTL",0.014870269715926
2025-05-30,"MANORAMA",0.0639848418597873
2025-05-30,"POKARNA",-0.0301877708233029
2025-05-30,"SANGHVIMOV",-0.0876415558838013
2025-05-30,"NORTHARC",0.0601229788203139
2025-05-30,"NIITLTD",-0.0487697392581712
2025-05-30,"VIMTALABS",-0.0685102401497039
2025-05-30,"LATENTVIEW",-0.0122419587133941
2025-05-30,"MANGCHEFER",0.00036812074360415
2025-05-30,"PREMEXPLN",-0.0137285764253234
2025-05-30,"POCL",0.121730707135938
2025-05-30,"NIBE",-0.00826495777684633
2025-05-30,"MARINE",0.0604628016919631
2025-05-30,"IDEAFORGE",0.119515885022693
2025-05-30,"ONEPOINT",-0.237830528846154
2025-05-30,"SHARDACROP",0.120106078581897
2025-05-30,"SAILIFE",0.0682226211849191
2025-05-30,"RBA",0.0138786538933919
2025-05-30,"MIDHANI",0.0469353281853282
2025-06-30,"CARERATING",-0.0707306240284254
2025-06-30,"BANCOINDIA",-0.117022900763359
2025-06-30,"COSMOFIRST",-0.130580357142857
2025-06-30,"MANINDS",0.0766269698063269
2025-06-30,"SHANKARA",0.148709448259531
2025-06-30,"DYCL",-0.126463187835029
2025-06-30,"DREDGECORP",-0.0656035809204084
2025-06-30,"WENDT",0.0882191480017565
2025-06-30,"IOB",-0.0598247809762202
2025-06-30,"THOMASCOOK",0.050376267180795
2025-06-30,"KPEL",-0.0110613140078194
2025-06-30,"VINATIORGA",-0.0640745781863943
2025-06-30,"GOODLUCK",-0.0277654965072067
2025-06-30,"SHRIRAMPPS",-0.0971958886338691
2025-06-30,"IIFLCAPS",-0.0957920436593421
2025-06-30,"BLACKBUCK",0.0740954136897904
2025-06-30,"VIYASH",-0.0831778192482004
2025-06-30,"MOSCHIP",-0.023393461104848
2025-06-30,"SUVEN",0.073512022073315
2025-06-30,"FIRSTCRY",-0.0907044491525426
2025-07-31,"STLTECH",-0.0103537532355487
2025-07-31,"JAIBALAJI",-0.0672086720867207
2025-07-31,"LLOYDSENT",-0.0391198044009778
2025-07-31,"SMLMAH",0.209214720370907
2025-07-31,"INDIACEM",0.0535763601215136
2025-07-31,"HUBTOWN",0.0592559255925591
2025-07-31,"SPMLINFRA",-0.0996373683301676
2025-07-31,"AGIIL",0.0566914498141267
2025-07-31,"PARKHOTELS",-0.0165839644815879
2025-07-31,"AKUMS",-0.116129032258064
2025-07-31,"DODLA",0.0585940547710075
2025-07-31,"JBCHEPHARM",-0.00788134360913173
2025-07-31,"MOBIKWIK",-0.0614596670934701
2025-07-31,"KIRLOSBROS",0.0398914007687972
2025-07-31,"MOL",-0.132775246370669
2025-07-31,"POCL",-0.10321199143469
2025-07-31,"ARVINDFASN",-0.0693051575931229
2025-07-31,"GRMOVER",-0.0208584035298839
2025-07-31,"SBISILVER",0.0730627306273064
2025-07-31,"VINCOFE",-0.0489424015619915
2025-08-29,"NESCO",-0.0939403431833208
2025-08-29,"SENCO",-0.0920651741952576
2025-08-29,"GALLANTT",0.11444605050591
2025-08-29,"EVEREADY",-0.127790697674419
2025-08-29,"JAYNECOIND",0.169011638005906
2025-08-29,"VIMTALABS",0.0805127024330341
2025-08-29,"KRISHANA",-0.235204211598879
2025-08-29,"DPABHUSHAN",-0.111884634510194
2025-08-29,"EMAMILTD",-0.0754138565297365
2025-08-29,"THYROCARE",-0.100383325347389
2025-08-29,"IXIGO",-0.108421583459405
2025-08-29,"HIRECT",0.0415012168566671
2025-08-29,"CHALET",-0.0671542879583721
2025-08-29,"AGI",-0.0349162809303389
2025-08-29,"VIJAYA",-0.0417784591797623
2025-08-29,"MANGCHEFER",-0.0924604839837738
2025-08-29,"PFOCUS",0.242146134839393
2025-08-29,"VSTTILLERS",-0.0686265469098688
2025-08-29,"SPMLINFRA",-0.144584837545126
2025-08-29,"SHRIPISTON",0.051486697965571
2025-09-30,"EIHOTEL",0.066071428571429
2025-09-30,"NSLNISP",-0.0902366863905328
2025-09-30,"LXCHEM",-0.0627785498634206
2025-09-30,"SPIC",-0.0136792964933236
2025-09-30,"BGRENERGY",0.750049910161709
2025-09-30,"YATRA",0.0161940505977205
2025-09-30,"JAICORPLTD",0.139339173622128
2025-09-30,"RICOAUTO",-0.110980810234542
2025-09-30,"MOSCHIP",-0.0199608610567513
2025-09-30,"AURIONPRO",0.049556213017752
2025-09-30,"AVANTEL",-0.053529996685449
2025-09-30,"IDEAFORGE",-0.0515767757147066
2025-09-30,"COFFEEDAY",0.0108643167551907
2025-09-30,"JISLJALEQS",-0.0111409911640414
2025-09-30,"CSBBANK",0.0860483447188651
2025-09-30,"IZMO",-0.291223519239083
2025-09-30,"PENIND",0.0921245038646332
2025-09-30,"PRAKASH",-0.011853902160178
2025-09-30,"RATEGAIN",-0.0786719595813785
2025-09-30,"GOODLUCK",-0.039048714998082
2025-10-31,"TSFINV",-0.229803921568628
2025-10-31,"METROBRAND",0.0138104751150874
2025-10-31,"V2RETAIL",-0.018352300048085
2025-10-31,"SANDUMA",-0.0536838372196116
2025-10-31,"SUNTECK",-0.0861864132195701
2025-10-31,"ZOTA",-0.000507904260046765
2025-10-31,"INDOTHAI",0.0933075933075933
2025-10-31,"VASCONEQ",-0.261019878997407
2025-10-31,"THYROCARE",0.076677667766776
2025-10-31,"BANCOINDIA",-0.0656618519293837
2025-10-31,"METROPOLIS",-0.0286290322580645
2025-10-31,"FSL",-0.0242214532871972
2025-10-31,"DAMCAPITAL",-0.0969917221885725
2025-10-31,"REFEX",-0.0735373054213633
2025-10-31,"THELEELA",-0.0555109530909508
2025-10-31,"KMEW",0.0316155782615137
2025-10-31,"ORIENTTECH",-0.240764479664375
2025-10-31,"LUMAXTECH",0.328619148843867
2025-10-31,"NSIL",-0.0255432436321776
2025-10-31,"PARAGMILK",0.0382812500000003
2025-11-28,"KITEX",-0.127862870312575
2025-11-28,"BGRENERGY",-0.127930029154519
2025-11-28,"POKARNA",-0.107884263740991
2025-11-28,"TATVA",-0.0714086859688194
2025-11-28,"KALAMANDIR",-0.0210713379030207
2025-11-28,"SOLEX",-0.273521820741436
2025-11-28,"EPACKPEB",-0.136535433070866
2025-11-28,"MUFIN",0.0842470246462377
2025-11-28,"PRECWIRE",-0.0362821035466776
2025-11-28,"ASHOKA",-0.0286010840733482
2025-11-28,"GRWRHITECH",-0.195550957061562
2025-11-28,"ARVIND",-0.0822116080474745
2025-11-28,"TVSELECT",-0.210502072777522
2025-11-28,"KMEW",0.256970104131676
2025-11-28,"BLUEDART",-0.0217930545712259
2025-11-28,"TIPSMUSIC",-0.0219839142091151
2025-11-28,"SOUTHBANK",-0.0391173520561684
2025-11-28,"GOKEX",-0.173101565546827
2025-11-28,"RAYMONDREL",0.0294582839066828
2025-11-28,"TBOTEK",-0.0124725307358792
2025-12-31,"PATELENG",0.00387051372273062
2025-12-31,"63MOONS",-0.110425240054869
2025-12-31,"AQYLON",0.00255133033653299
2025-12-31,"NEOGEN",0.0344387755102042
2025-12-31,"LUMAXIND",-0.0403105404598386
2025-12-31,"RICOAUTO",-0.159652299891344
2025-12-31,"UNIVCABLES",-0.241093880972339
2025-12-31,"MIDWESTLTD",-0.241535636405371
2025-12-31,"EUREKAFORB",-0.124004184437113
2025-12-31,"VENUSREM",0.0763971071663383
2025-12-31,"SAREGAMA",-0.0386315039201712
2025-12-31,"SILVERAG",0.415149708835802
2025-12-31,"JAMNAAUTO",-0.0170723996206132
2025-12-31,"DREDGECORP",0.128847889301113
2025-12-31,"MAHSCOOTER",-0.053904923599321
2025-12-31,"JSWHL",-0.101643489254109
2025-12-31,"WELSPUNLIV",-0.0614533606122603
2025-12-31,"BLISSGVS",0.0901207804273771
2025-12-31,"MEDIASSIST",-0.139497248894163
2025-12-31,"SILVERADD",0.299743142830933
2026-01-30,"NAZARA",-0.0649717514124294
2026-01-30,"SJVN",0.0413517752744901
2026-01-30,"JWL",-0.11800627166199
2026-01-30,"AETHER",-0.0466434609646944
2026-01-30,"PRIVISCL",0.0827677359434165
2026-01-30,"SPARC",-0.0488023952095807
2026-01-30,"MMTC",-0.0182626647609971
2026-01-30,"ORIENTTECH",-0.150700600514727
2026-01-30,"ORIENTCEM",0.00320177731312055
2026-01-30,"RMDRIP",-0.336772529421248
2026-01-30,"DCXINDIA",0.0404437661422872
2026-01-30,"CSBBANK",-0.0498505678421991
2026-01-30,"EQUITASBNK",-0.0661540693457131
2026-01-30,"INFOBEAN",-0.0305487459928346
2026-01-30,"BLISSGVS",0.246466431095406
2026-01-30,"KRISHNADEF",0.0814615154237797
2026-01-30,"IIFLCAPS",-0.0421646746347945
2026-01-30,"AARTIPHARM",-0.0157089425365523
2026-01-30,"RBA",-0.00609946825148577
2026-01-30,"JBMA",-0.00559112634141945
2026-02-27,"STLTECH",0.022615250797333
2026-02-27,"MANORAMA",-0.184468822170901
2026-02-27,"SHARDACROP",-0.234066901408451
2026-02-27,"PGIL",-0.0942565068262829
2026-02-27,"BBL",-0.137344766410408
2026-02-27,"STYLEBAAZA",-0.0684417136030039
2026-02-27,"VIMTALABS",-0.133721594153249
2026-02-27,"ANTELOPUS",0.058626776920933
2026-02-27,"WALCHANNAG",-0.220775377330571
2026-02-27,"GOODLUCK",-0.131483927785117
2026-02-27,"SBFC",-0.136809554275965
2026-02-27,"GENUSPOWER",-0.164463452566096
2026-02-27,"LOTUSDEV",-0.224317393271987
2026-02-27,"SCHNEIDER",-0.0313788364635823
2026-02-27,"INFOBEAN",-0.304901408450704
2026-02-27,"KERNEX",-0.183342862588146
2026-02-27,"AVANTEL",-0.106271653821679
2026-02-27,"BBOX",-0.131650485436893
2026-02-27,"LATENTVIEW",-0.231369548584545
2026-02-27,"IGIL",-0.0237949032852315
2026-03-30,"CONCORDBIO",0.119637045073479
2026-03-30,"MOREPENLAB",0.111827956989247
2026-03-30,"APOLLOPIPE",0.057804820968874
2026-03-30,"AGIIL",0.369870129870129
2026-03-30,"GVPIL",0.506037735849056
2026-03-30,"KSHINTL",0.490268871639105
2026-03-30,"IT",-0.0070164734594268
2026-03-30,"RGL",-0.0165979178943233
2026-03-30,"GENESYS",0.125960061443933
2026-03-30,"LUMAXIND",0.0592436974789914
2026-03-30,"STALLION",0.40233644859813
2026-03-30,"YATRA",0.0726699867872751
2026-03-30,"TVSSCS",0.198932049000105
2026-03-30,"VIKRAMSOLR",0.197674418604651
2026-03-30,"ANUP",0.192850532161037
2026-03-30,"BLUESTONE",0.112397970439003
2026-03-30,"PRECWIRE",0.369960988296489
2026-03-30,"JUSTDIAL",0.0180991095625243
2026-03-30,"MANINDS",0.517067550050411
2026-03-30,"TEJASNET",-0.0116652779431023
2026-04-30,"AIIL",0.0316776209460188
2026-04-30,"INDRAMEDCO",-0.0791671710446674
2026-04-30,"GANECOS",-0.121765601217656
2026-04-30,"STYLEBAAZA",-0.170809354720216
2026-04-30,"HITECH",-0.0636137811858734
2026-04-30,"MMTC",-0.00521312480834135
2026-04-30,"ELLEN",-0.0328264094955487
2026-04-30,"ADVAIT",-0.00132411357952056
2026-04-30,"CONFIPET",0.221301135339701
2026-04-30,"HPL",-0.0490222705051604
2026-04-30,"FACT",-0.0332321280706597
2026-04-30,"SHRINGARMS",0.0197068245801377
2026-04-30,"MUFIN",0.0778584550782955
2026-04-30,"ELECTCAST",-0.129654705484089
2026-04-30,"RSYSTEMS",0.0204042348411935
2026-04-30,"TRUALT",-0.00944737911418125
2026-04-30,"CEINSYS",-0.110233973749287
2026-04-30,"ACMESOLAR",0.0379916317991635
2026-04-30,"SAMHI",0.0224184782608701
2026-04-30,"SUDARSCHEM",-0.00530222693531235
2026-05-29,"TIPSMUSIC",-0.0433455433455431
2026-05-29,"JSFB",-0.0322081139671725
2026-05-29,"EMIL",0.0693078004216443
2026-05-29,"AGI",0.151424037417523
2026-05-29,"UNIVCABLES",0.146187023951546
2026-05-29,"VENKEYS",-0.0011162271522257
2026-05-29,"AQYLON",-0.330407931090525
2026-05-29,"BHARATWIRE",-0.0722885986848198
2026-05-29,"EPACKPEB",0.329155313351499
2026-05-29,"INDOTECH",0.247840505938609
2026-05-29,"NIACL",0.133757143774482
2026-05-29,"VSTIND",0.0276227101682998
2026-05-29,"MANINFRA",-0.0871012968804767
2026-05-29,"SBCL",0.0405719759168039
2026-05-29,"NITINSPIN",0.134470448234828
2026-05-29,"GENUSPOWER",-0.0331018892297754
2026-05-29,"LUXIND",-0.134787827437689
2026-05-29,"HAPPYFORGE",0.0768744734625104
2026-05-29,"CEMPRO",0.212548433779936
2026-05-29,"IIFLCAPS",-0.00162385591969294
2026-06-30,"SAREGAMA",0.0619478013608206
2026-06-30,"SFL",0.065090365538796
2026-06-30,"DECNGOLD",0.0466888994759409
2026-06-30,"SUVEN",0.12141683403323
2026-06-30,"MAYURUNIQ",-0.11808573106283
2026-06-30,"VENUSREM",-0.0972087447913694
2026-06-30,"OMNI",0.0198367418590366
2026-06-30,"SAKAR",0.0898738073253307
2026-06-30,"EXICOM",-0.0490572835354866
2026-06-30,"VADILALIND",0.18552296442363
2026-06-30,"TIMEX",0.0246509388541163
2026-06-30,"SUDARSCHEM",0.156364051094891
2026-06-30,"PINELABS",-0.108080354277646
2026-06-30,"PGHL",0.0409803767042318
2026-06-30,"ROSSTECH",-0.00996160630901755
2026-06-30,"SHANTIGOLD",-0.0154501381903854
2026-06-30,"HARIOMPIPE",-0.0177336184127784
2026-06-30,"MAPMYINDIA",0.396964666824757
2026-06-30,"NIBE",-0.167371090448014
2026-06-30,"SOLARA",-0.0930684326710818
