"SHARPE","RET","ID"
0.750505933643509,15.0698945686232,"COR"
0.917369227912422,20.5560813546499,"NAIVE"
0.910452414270643,14.7569042009887,"BENCH"
