"SHARPE","RET","ID"
0.981928895112379,16.8515995504853,"NAIVE"
1.34091323736555,30.3044093767954,"DOW"
0.871791705553634,14.2649950261562,"BENCH"
