"SHARPE","RET","ID"
1.41532350490429,24.3533058524142,"NAIVE"
1.45308260687612,33.9616104524897,"DOW"
