"SHARPE","RET","ID"
1.00029328769597,17.2119294938327,"NAIVE"
1.12877409540026,26.3794868751839,"DOW"
