"SHARPE","RET","ID"
1.39687922667045,23.9728655154281,"NAIVE"
1.68560428928325,38.099800332712,"DOW"
0.871791705553634,14.2649950261562,"BENCH"
