"date","VIX.Top.1","VIX.Top.2","VIX.Top.3","VIX.Top.4","X10M.Top.1","X10M.Top.2","X10M.Top.3","X10M.Top.4","Equal.Weight.B.H"
2009-06-01,0.0596480910142693,0.0469240852064839,0.0409756865830095,0.0395702001541257,0.00501110471333388,-0.00224657889277799,0.00400001930958098,-0.000782354607382406,0.0198324905533458
2009-06-02,-0.0179184140297369,-0.0129538930865449,-0.000516144990652297,-0.00232312349039535,0.00324768864094716,0.00020808032212799,0.00430859360057686,-0.00065583157367366,0.000622812174525568
2009-06-03,0.00922434191067723,0.00742921229609295,0.0147629188198269,0.0106736854680005,-0.00967889309489633,-0.0103481866557621,-0.00489283620634295,-0.00516017498611135,0.0152056366743074
2009-06-04,0.0326586683762249,0.0358455252994156,0.0260340505621459,0.0265856759340615,0.00869596736458478,0.0111796981626479,0.00971831329312163,0.0122291628686448,0.0197155365239539
2009-06-05,-0.0233247011245521,-0.0157895887495796,-0.0114982978874999,-0.0136467953760855,-0.0172942671497127,-0.00909610663982713,0.00282152190132882,0.00498751833199682,-0.00292258660378796
2009-06-08,-0.112198754154332,-0.0933499513306366,-0.0782737049274951,-0.068006822513376,-0.0636196516842354,-0.0568836959650108,-0.0473342693910571,-0.045366852132423,-0.046335177714159
2009-06-09,0.0558658075074152,0.0562224725687096,0.0488661864891331,0.0413001288201276,0.0366833403743951,0.0334455698873113,0.0272183166560648,0.0274080197735577,0.0296570050902195
2009-06-10,-0.0119536577805331,-0.00424877123932194,0.00817775216986734,0.00690490809118896,0.015122562616861,0.0205832614043024,0.017845198288343,0.0236654477577591,0.0175321376398072
2009-06-11,-0.00688248789191948,-0.00991033662416008,-0.00887826007924878,-0.0040724148223609,-0.0261309584050198,-0.0174754357160581,-0.0101165481460838,-0.00759576382118712,-0.00202639258142521
2009-06-12,-0.0246801453166956,-0.0249219704812113,-0.0240105714780355,-0.0213206506963345,-0.0269983788502307,-0.0251204137643431,-0.0242568978006015,-0.0238568363473706,-0.0199510011013476
2009-06-15,-0.0335843556419289,-0.0388166711053027,-0.032374386682175,-0.0307228463495793,0.00303321584962091,0.0013824659784511,-0.00604663841658496,-0.00514948141574184,-0.0143737673474353
2009-06-16,0.0183497769119587,0.0184649860263466,0.0180838253554042,0.0196205686235581,0.0399549942855519,0.0338392881016012,0.0248006944140518,0.0250451358471743,0.0188414621384879
2009-06-17,-0.060578010901985,-0.0532394155319224,-0.0479514154487456,-0.0466848619397549,-0.0323311683657622,-0.0293900852312706,-0.027502969384261,-0.0273834645931544,-0.0336665030408164
2009-06-18,-0.0626231661922486,-0.0513708797341597,-0.043564210800166,-0.040677554188916,0.0168344349371838,0.00912976005999067,0.00255599991845878,-0.00112873414487755,-0.0220688497591408
2009-06-19,0.0370474188273766,0.0346245800516025,0.0262554822757401,0.0225615852147419,0.0217864092487314,0.0209482877433209,0.0185656978617801,0.0180373647238216,0.0162947242819471
2009-06-22,-0.0255428416974501,-0.019003264270068,-0.0167141371165418,-0.0152923910004805,-0.00403286034354,-0.00105806955999677,-0.00335964962245013,-0.00135100953124331,-0.00978660216628009
2009-06-23,-0.00815958577966813,-0.00725656821850817,-0.00680096345099612,-0.00781288989213594,-0.00014315318754432,-0.00963291242536041,-0.00851386651035239,-0.0130741012535226,-0.00279084918478577
2009-06-24,0.0204619077582793,0.020377317279155,0.015845308496871,0.0157165963821998,0.0110686892790182,0.00670501348011121,0.00958292435315348,0.00747486215010884,0.017321060106054
2009-06-25,0.00641742983077176,0.00382623267763005,-0.000585511742208925,0.00151714957649615,-0.00732306800136207,-0.00259941156318722,-0.00908855738705938,-0.00471596668342916,-0.00478448152757904
2009-06-26,0.0314967777071797,0.033462356199911,0.0346660944036322,0.0336226384454839,0.0229871783985733,0.0308286728132356,0.0244128694214303,0.0304280087088237,0.0204278094709486
2009-06-29,0.0319869764167546,0.0345639203337966,0.0333752308553839,0.0303992928912585,0.0191272705540966,0.0170076390267996,0.0104166847732541,0.0129835886018309,0.00902866501987657
2009-06-30,-0.0788957578341506,-0.0672341968056183,-0.0527508733469347,-0.039991872437781,-0.0150022478938213,-0.0188046365525715,-0.018184049588268,-0.0218177364514914,-0.0270126137150013
2009-07-01,0.00580088965177422,0.00622997029264777,0.00303662190875117,0.00290461395982762,0.0142054380864498,0.0148525786151048,0.010751688172356,0.00959113351353605,0.00924222837586495
2009-07-02,0.00212392327025124,0.00136244921119688,0.00772330527168045,0.00684193613108242,-0.0123726536309205,-0.0095280717889325,-0.00374949633818925,-0.00179126330801119,0.00646459357745901
2009-07-03,0.00319119006470792,0.00362649669942461,-1.32409198166925e-05,0.000214870935573402,0.025124649166254,0.0239236020019291,0.0209606426614143,0.0229951854504051,0.0129161972959162
2009-07-06,-0.0323686052039764,-0.0138837460649326,-0.0180237012497699,-0.0210084319055062,-0.07821000518587,-0.0800511884342986,-0.0697323209344364,-0.0723467189797959,-0.0518283188462845
2009-07-07,0.00537971276915816,0.0200613967645811,0.0155471365533006,0.0146597302694216,-0.0116151486137999,-0.00536482987629738,0.0134435499216565,0.0116743033450375,0.0082257361101733
2009-07-08,-0.0243139063683985,-0.0173691941032889,-0.0233857896103459,-0.0248799037441252,-0.0329357194877923,-0.0369499015085388,-0.0237438088472639,-0.02722891934226,-0.0306620430398911
2009-07-09,0.00282233102594409,0.0051407190496332,0.00116311683990648,0.00213007478265767,0.0123602570757992,0.00725677845667871,0.0075182733603086,0.00537426000742755,0.0040593253590738
2009-07-10,0.0145433424153227,0.00473246647532094,-0.00169341894377343,-0.00404865758074169,-0.0267695607740892,-0.0247860022244702,-0.0245201116887518,-0.023799166917092,-0.0175659882786956
2009-07-13,0.0104849460402805,0.00407444558435927,-0.0114506064201269,-0.0151345522500456,-0.0043598287236648,-0.00135924877030602,-0.00698285879743984,-0.00682427388895029,-0.0169308007728972
2009-07-14,0.0296121327906678,0.0207153219941698,0.0308397507281201,0.0315461258570307,0.0354487554550162,0.0349934739899392,0.0400132242048574,0.0440049304440878,0.0399997308105668
2009-07-15,0.0187013525583768,0.0156337370555838,0.021660413427776,0.023204043290015,0.0304992387787348,0.0287406897886295,0.0276548724232664,0.0294780259169978,0.0346193111898907
2009-07-16,0.00156310753083799,0.000770227169312854,0.00484201611996626,0.00415822574673236,-0.0111659454380985,-0.00747842468670612,-0.00768291302543896,-0.0077867412558415,0.00143350827721226
2009-07-17,0.0381673223730492,0.0311517934640274,0.0263496038127006,0.0219449531947959,0.0358293303192994,0.0409637881849455,0.0375430668424593,0.0384407125991136,0.029032151960468
2009-07-20,0.0846962924667281,0.0431407729614746,0.0337658813570881,0.0305263249066665,0.040403868187026,0.040887228801879,0.0365666248648369,0.0335799893190107,0.0254086879511267
2009-07-21,-0.020043636498252,-0.0142259063920392,-0.00841441142613967,-0.00784381223931707,-0.0104846401169404,-0.0118692427872906,-0.00480788759347158,-0.00582783488219477,-0.00405003864781123
2009-07-22,-0.0193439170428573,-0.0111994515397524,-0.00821813111637393,-0.00158740002852867,-0.00886676338295012,-0.0112197460673752,-0.0148090037124604,-0.0170720010112957,-0.00997677241936316
2009-07-23,0.0183362986967648,0.0258873985149642,0.0281122253619354,0.024184014196752,0.0182497485270872,0.0189446947814448,0.023469106675704,0.0220679710342447,0.0241743763661057
2009-07-24,0.0177247870401238,0.0149855410232445,0.0200688991255512,0.0159586527819096,-0.0143519156673165,-0.0130601052673774,-0.00396244294387368,-0.00517606021416389,0.0116841417382777
2009-07-27,0.00336148899791833,0.0189855779404564,0.0136582298166058,0.0137694212130404,-0.000312994256222443,0.000730593533103618,0.00348956670157829,0.00420871523381852,0.00902234679844031
2009-07-28,9.72422559277764e-05,-0.0076879423768777,-0.00577443798383096,-0.0038299731309975,-0.0122305824515123,-0.0119339499733738,-0.00465000573157607,-0.00419022185488513,0.00567695539835726
2009-07-29,0.00994089634751938,-0.00270716543547,-0.0106784569358008,-0.00773294929408017,-0.00520975590017514,-0.00864571755411825,-0.0123440572203967,-0.0111224078543289,-0.013553044221253
2009-07-30,0.0394890967731583,0.0315490984438334,0.0209219256233125,0.0160772692020838,0.0179516904282508,0.0204303377808909,0.0208135992766389,0.0214499289949281,0.0105107312840638
2009-07-31,0.00866642850527266,0.0183790475378174,0.0168107182230471,0.0153969129526667,0.0291631980287037,0.0250554618434752,0.020594631510917,0.0200735753344495,0.0130361444195772
2009-08-03,0.0398913206023538,0.0257326669736153,0.0302435210073457,0.0255199468368255,0.0113492243252648,0.0256202724638093,0.0211831900340469,0.0181558958617544,0.0169045195047194
2009-08-04,0.00522553734806674,-0.00252341086423996,-0.00564836534152476,-0.00286832702744472,0.00547178791479541,0.00534866263143108,-0.00112702069731163,-0.00341335529212039,-0.0046523479501902
2009-08-05,-0.0115491651205938,0.00209426631893544,-0.00516692568044256,-0.00236978606125091,0.00602163279632406,-0.00276376616213486,-0.000229941414242115,0.00376196837893458,0.00151040961335933
2009-08-06,-0.0445562602195327,-0.0321523217718468,-0.0342933814187728,-0.0340454472933021,-0.0333016449168899,-0.0389289525682113,-0.0327860730400539,-0.0295266506110807,-0.0205868870100721
2009-08-07,-0.0376276449854362,-0.0232637156865089,-0.0268874833336616,-0.0251165583204593,-0.0198037832808521,-0.0287157141331442,-0.024748720305483,-0.0207864868260076,-0.0214970241672908
2009-08-10,-0.0427574890377995,-0.00684591925358025,-0.00993583865042354,-0.0189219227668686,-0.0458801751162037,-0.0443188320770016,-0.0335756419879348,-0.0179153188582913,-0.0120146197699894
2009-08-11,0.0267913896828751,0.0156481747196423,0.0177188013460354,0.0124057588250691,-0.00353336873782972,0.0116290104725227,0.00961176889642179,0.00833506661141872,0.0069667134139991
2009-08-12,0.00154565061107115,-0.00789270821988947,0.00237786456131857,0.00429270729070738,0.0100372354788738,0.00579144304497248,0.00201796628206918,-0.00281929205116063,0.00164560292366737
2009-08-13,0.045787523876746,0.0328961146642673,0.0451282557915604,0.0415490661528828,0.0308114972368501,0.038299510556798,0.0339785302121249,0.0304850740220408,0.0343931997810291
2009-08-14,-0.00998669203695712,-0.00955205176891899,-0.011661565389503,-0.0129896799594889,-0.0169740236694469,-0.013480357853202,-0.0103935809847868,-0.0100745386138103,-0.00440366205607105
2009-08-17,-0.0473751107345068,-0.0382363487873191,-0.0516021346714854,-0.0480485471471526,-0.0373877845741541,-0.0423814476543305,-0.0415232821013923,-0.0384168582860771,-0.0384310144563455
2009-08-18,0.01686410868071,0.0116388048331888,0.0159635010327388,0.0143500834725764,0.00950983079208911,0.0131869697363995,0.0144457601866402,0.0124376953863971,0.0161867222028576
2009-08-19,-0.0190019125172466,-0.0159529960958334,-0.0169568178604029,-0.0198015525370131,-0.0283357565668438,-0.0236688345420452,-0.0216627779141596,-0.0194731033542247,-0.0127653070846049
2009-08-20,0.0264386637592109,0.0189657648006437,0.0174229119532399,0.016321815449836,0.0130185259396245,0.0197285948494177,0.0167668773100461,0.0154483744430537,0.0117685107084891
2009-08-21,0.0225591818199768,0.0210059064203963,0.0260341919164979,0.0218501871945648,0.00929817302876557,0.0159286774243712,0.0131953681050695,0.0147596838340061,0.0143420273354191
2009-08-24,0.028317333312738,0.0272231188205583,0.0353930983549368,0.0321102678510641,0.0222617763394461,0.0252895548260921,0.0218828411559129,0.0229443569490293,0.0234949780069322
2009-08-25,0.00384541723152498,0.0141286220265333,0.0122185688201277,0.00919294617603855,0.000116078243771245,0.00198074773764811,0.00528854719347094,0.0100693671004886,0.00423191039919934
2009-08-26,0.00219591119091711,0.0162167349604431,0.0146472119469389,0.0128784957203792,0.00757234704070009,0.0048841291158086,0.00442272718454924,0.0108764350709042,0.00897504861792165
2009-08-27,0.00110861434405107,0.00293060938563861,0.000721354657671128,-0.000265331462214274,-0.00322538982187048,-0.00105838773890971,-0.00289489525615035,-0.000983020335306228,0.00138343771375708
2009-08-28,0.0144370411522787,0.00386660532402877,0.0148158543160275,0.0158159211621956,0.0188161217007001,0.0166265814264894,0.0124802653911833,0.00768424141733218,0.00779180149011823
2009-08-31,0.00831033075925047,-0.00673137757404757,0.00649287491950927,0.00579428994529488,0.00369853502265172,0.00600443289095109,0.00291360468378884,-0.00325806796399478,-0.00190158784434802
2009-09-01,-0.0349265505984767,-0.0252780872105538,-0.025133853412586,-0.0213534804199904,-0.018342340120958,-0.0208099304313528,-0.0255154704870608,-0.0131547997945638,-0.010889346542481
2009-09-02,-0.0207792657185369,-0.010775051671237,-0.011926001378173,-0.00767761817129406,-0.0129148845614451,-0.00837740720990438,-0.0125113600461152,-0.0121710285786739,-0.00332287742565805
2009-09-03,0.00199657225648009,-4.9919555625888e-05,-0.00141215771670663,-0.00149346616294838,0.000798744627912074,0.00410197935135426,0.0034001769863962,0.00184899796351226,0.00161044154986067
2009-09-04,0.020031740433786,0.0124205958716275,0.0135950318617143,0.0097824812827503,0.01242363244694,0.0221847968487987,0.0214671113771278,0.0228705557470452,0.0119508750131959
2009-09-07,0.0583791446253845,0.0393908373400307,0.0394764626553258,0.0409210130462269,0.0223378725304164,0.0295283480114689,0.0391452802161074,0.0352379840859292,0.0233773567410943
2009-09-08,-0.00893455074073468,-0.00619104614051014,-0.00558695040379464,-0.00464290787017163,0.000232009062000937,0.0131218722945962,0.00576973128281921,0.00205633519591114,-0.00101139619005231
2009-09-09,-0.0167776386050497,-0.00613641095821821,-0.00665520594351232,-0.00761361516198253,0.0031279847182426,0.00164751730851509,-0.00449420132933983,-0.00573954723345782,-0.000842789918070426
2009-09-10,-0.0228133695397097,-0.00649660703653998,-0.00849856105027354,-0.0101145992444298,-0.0102728197036831,-0.00170877458858548,-0.00874363957229355,-0.00901051959653909,-0.00252250625381214
2009-09-11,-0.0149407345146406,-0.00919267931179663,-0.00851163231403621,-0.00775334284134988,-0.0125645923808477,-0.00925480566171477,-0.0111501152793567,-0.00820710558189863,-0.000428391390748933
2009-09-14,-0.00837599693518609,-0.00606195222435613,-0.0075749766073662,-0.00656416477577229,-0.00518443000845503,-0.00537635973558026,-0.00637623880211554,-0.00284605615027492,-0.00155828453521434
2009-09-15,0.0399332689437177,0.0261687850094933,0.0267958498531373,0.0265570181457236,0.0101290970203807,0.0207561409162346,0.0271485169253956,0.0254076096857625,0.0191161058637196
2009-09-16,0.0211418632533478,0.0131171256472247,0.0124785314664158,0.0134797399052669,0.0181402676546458,0.0293017972000085,0.0265818192177882,0.0261322204462071,0.0135324122808735
2009-09-17,-0.00993864827768676,-0.00767169173973831,-0.00495776023659589,-0.00321558815900327,0.0172219123668567,0.00764739445453644,0.00178538021046204,0.0037708488450526,0.00258324816677492
2009-09-18,0.0108735593786538,0.00873180796480599,0.010052628349621,0.00625391142709175,0.0297718549821471,0.0142488409924687,0.0131237471211971,0.0157948948983422,0.00530923366207758
2009-09-22,0.0143751755588968,0.00737335570464581,0.00900311762845825,0.00903449730684996,-0.00694451208228231,-0.00318041423093757,0.00267144903234055,0.00470452805066898,0.0088029622696915
2009-09-23,-0.0251828443908715,-0.0137647018073812,-0.0163479125708846,-0.0126311228204016,-0.0189947494720047,-0.0125512797917197,-0.0167618013247703,-0.014688479525734,-0.00933080859154354
2009-09-24,0.00661709415991307,0.00841035767277054,0.00791940918158122,0.0102687581830926,-0.0025261277594113,-0.0079674980857754,-0.00310596733721258,-0.00390985485865819,0.00552544236236388
2009-09-25,0.0063743961753624,0.0191141435200957,0.0131310626314634,0.0136300517873424,-0.000878699391258508,-0.00843176877209212,-0.00349638045627395,-0.00325064486803819,0.00588002725372988
2009-09-29,-0.00748865979381441,0.00166410282099938,0.00186604447737023,0.00127714831837492,0.000969760201710246,-0.000259480442062143,-0.00266920689264623,-0.00164205439739673,0.00676757947532215
2009-09-30,0.0134948729454389,0.0137789081300269,0.0139510062094124,0.0127521595091457,0.00734299258685134,0.0115617554012066,0.0122061279159507,0.0144223768363888,0.0141611140811429
2009-10-01,-0.013346423202025,-0.00285313420540789,-0.00133909103901512,0.000743991097296436,-0.00253298378375838,-0.000421994244993977,-0.00389680389733765,0.000488180296632557,-0.000397212841564847
2009-10-05,-0.0194814205269697,-0.0150022986557914,-0.0221919961550129,-0.0201168976393653,-0.0282727471921628,-0.0324220691728093,-0.0281085196241961,-0.0295278509124755,-0.0172952390982101
2009-10-06,0.00402832995445079,-0.00202761362723314,-0.00375891068204903,-0.00539314132194157,0.0196320892645423,0.00620529223643074,0.00547963814243742,0.000766947113905708,0.0012417328338171
2009-10-07,-0.00977474170031978,-0.0195654849981508,-0.0109384655722748,-0.0063870877128975,0.0219102379355771,0.0141129056075271,0.00615035650491147,0.00517701797475928,0.00224395845195835
2009-10-08,0.0133768082359562,-0.00262064279692981,0.00567971388202952,0.00486284348173635,0.0149203719389039,0.0186003995894261,0.0168592024716028,0.0148130761389064,0.00583150596614475
2009-10-09,-0.0162250801127622,-0.01457980746468,-0.0121045476044771,-0.00887879286826143,-0.0110165994130594,-0.00908531364856541,-0.0114652358032977,-0.009232788148307,-0.00816948213931839
2009-10-12,0.0123421126031,0.0210573129303848,0.0189089550956683,0.0137291516971735,0.0166962246873223,0.0156542320567787,0.0145501922388858,0.0101210757477323,0.0181418637572609
2009-10-14,0.0178561471524956,0.0149364325299732,0.0147141784680454,0.0123640943252007,0.0401840581725981,0.0272268642583939,0.0241032918897612,0.0169479547111126,0.0133429546018299
2009-10-15,0.000686377185209031,-0.00483576838733601,-0.00231739951152954,0.00355867089580558,0.0202551624358804,0.0114872503379819,0.00788695928705763,0.00732492442436022,0.00449780081025592
2009-10-16,-0.0102080904752399,-0.00327700387209634,0.00911788519419691,0.00963317981722242,-0.00990932920802712,0.0119991670593781,0.00459674788117215,0.00294838318651411,0.00841147536472233
2009-10-17,0.00349743629785793,0.00479961819316999,0.00274425046470494,0.0033179914837724,0.00784925608930398,0.00324138554853942,0.00332673579831226,0.00493512488819678,0.00262412878315232
2009-10-20,0.0055893633507651,0.00748699712842416,0.00855115106873453,0.00455756846660438,0.013468267212144,0.0120738630807496,0.0099123631707548,0.00511108563422566,-0.00312551073460027
2009-10-21,-0.0244771365103316,-0.00621978868224171,-0.00316093103360019,-0.00276725541402709,-0.00991119231749815,-0.00347720402690765,-0.0104771815213823,-0.0127276324142425,-0.0111032395551124
2009-10-22,-0.0105097909609189,-0.00928087192649402,-0.0220809520167431,-0.0183187337279687,-0.0222868362606353,-0.0349839742289383,-0.0268259131395985,-0.0277289543067785,-0.0179574835380703
2009-10-23,0.00636283171061658,0.0123751511906993,0.00759294924704945,0.00818598710307233,0.00991596232900016,0.00397225384437494,0.00476911313312215,0.00343094358026338,0.00861004638442927
2009-10-26,-0.00117158977763032,0.00294118410241728,-0.0131781108242203,-0.00974935029199278,-0.0111768630459397,-0.0282967818617176,-0.0192550511670219,-0.0174797612813153,-0.00926296694644805
2009-10-27,-0.0155841393999606,-0.0103235251403199,-0.0278720946480133,-0.0305596629671796,-0.0437314836792643,-0.0533503586713323,-0.0407616189142084,-0.0364282944936068,-0.0301887290376263
2009-10-28,-0.0105854038891908,-0.00204047933166052,0.00227166380049019,0.00138734112541211,-0.0121165876820821,-0.00061031880864526,-0.00393534716882712,-0.00373798818897902,-0.00272723779651146
2009-10-29,-0.0112581493649381,-0.013327080901602,-0.030838934510218,-0.030140473149125,-0.0260123675651531,-0.0459375046463016,-0.0343777195525137,-0.026364233942459,-0.0176969043627538
2009-10-30,0.0111310084500431,0.00164284644091917,0.00193919436739032,0.0023795783923577,0.00340138491781983,0.00296663756907622,0.00568809452939852,0.00601953744500205,-0.00315538191206429
2009-11-03,-0.0327852559555639,-0.0289990198651472,-0.0235683749414195,-0.0275262980581037,-0.0513263044632295,-0.0317451416394571,-0.0342967835623569,-0.039406397650354,-0.0336554555545719
2009-11-04,0.0261220378846918,0.022904017449726,0.0220199149343441,0.025456630254378,0.0464623754127813,0.0348518827083719,0.0351568472104079,0.035894752566878,0.0289501369927575
2009-11-05,0.000666242611012891,0.00679554221946188,0.00857309090659471,0.00742018830078534,0.0248134435726757,0.021923154975993,0.0159359301451144,0.0118169861203816,0.015677382653708
2009-11-06,0.0271114459894513,0.0231979206557635,0.0189112672779964,0.0154182856513472,0.0136201974823342,0.00685636260380318,0.00621735532633523,0.00609799458494681,0.0134325145430156
2009-11-09,0.0469229332835384,0.0284368392039679,0.0229177499321595,0.0192695201184842,0.0244182261813799,0.019260395141972,0.015615206987134,0.0126247767726589,0.0212191578345152
2009-11-10,0.00653824593589158,-0.00252291479988398,-0.00401182150197613,-0.00521718327319762,0.0057100493714215,0.00238094124702559,-0.00135712869760363,-0.000814357822478101,-0.00442668622803097
2009-11-11,0.0115789846744265,0.0164099389325159,0.0176262103240558,0.02280494689281,0.0335325208990103,0.0268717014394045,0.0306948531592939,0.0283960264414788,0.0206352305240385
2009-11-12,-0.0280305305305306,-0.0152437411825015,-0.0118168980884665,-0.00636419242718633,-0.0225525116036064,-0.016848257054944,-0.00790086318441123,-0.00678817074831606,-0.0102057237968129
2009-11-13,0.00179969567377891,-0.00204078190710283,-0.00152789215897287,0.00204638624580103,0.0178053389401964,0.0185316070379873,0.0166108118453658,0.0112920753214913,0.00282596696024393
2009-11-16,0.0153868691178058,0.0120954145409314,0.0107744844723924,0.00766878968360535,0.02276075170406,0.0268568495187126,0.0173551347848898,0.015435526116538,0.01281637204959
2009-11-17,0.00135667008365292,0.0014583702592581,0.00108507227035755,0.00566960432069785,0.00901248324807336,0.0043647223220345,0.00938421503859591,0.00675108416561773,0.0013308763135933
2009-11-18,-0.00592233475978265,0.000431712712641807,0.00168198426656344,0.00172162943651979,0.00895521127414844,0.00409293343933426,0.00334214394168579,0.00407537195815089,0.00223124182023458
2009-11-19,-0.0196959911309558,-0.0139379646737012,-0.0119454770107216,-0.0120203621441875,-0.0171194173538153,-0.0151503671884043,-0.0141819173071313,-0.0141837383703227,-0.0148469294246744
2009-11-20,0.0278368591971612,0.0197539037212001,0.016296937454233,0.014351361285747,0.0182863469891832,0.0119207605516601,0.0107853846278698,0.0141547096691789,0.0108156433982065
2009-11-23,-0.00207942179960829,0.0061965620634038,0.00879061663919341,0.00625559865759931,0.0199737363767911,0.0127351441146778,0.00804027764739087,0.0088325451179592,0.00661056663374401
2009-11-24,-0.00100647380133523,0.00156093035958299,0.00201315422079673,0.0028858312668906,-0.00588585017835908,0.00366873699377185,0.00428044546423863,0.0046430399577487,0.00129004575915604
2009-11-25,0.00688787521326839,0.00399844686593975,0.00126852105608529,0.000522382232567897,-0.000474315799459335,0.00149319362361933,0.000423451003084792,0.0032379886217318,-0.000764135858230159
2009-11-26,-0.0239061953977621,-0.0182430492455454,-0.0128112236493902,-0.0146445578238893,-0.0138153293210558,-0.0136291189719431,-0.0158009327637576,-0.0115898762876432,-0.0139820477064557
2009-11-27,-0.0120179058039325,-0.0111560637480431,-0.00805238198209017,-0.0108826126569977,-0.0133456629210662,-0.0082930059408618,-0.0119864388544814,-0.0131164008118761,-0.0104386113106981
2009-11-30,0.00378270435988615,0.00652010713932338,0.00794785425358587,0.0107903356205969,0.0406909186520894,0.0247123861456747,0.0229141840043265,0.0229549031961205,0.0149532671305244
2009-12-01,0.0179444227109541,0.0191711782133797,0.0218960642334371,0.0227502053489929,0.0204444227109541,0.0237237309076606,0.0176954226933449,0.0205397886690867,0.0210252503947142
2009-12-02,0.00171316300206859,0.00551306558194187,0.00389402397967187,0.00339807512854284,0.00171316300206859,0.00741568796060688,0.0030011348206009,0.00457090478968927,0.00604568691059379
2009-12-03,0.0133370275431248,0.0109844672908991,0.0126214874145409,0.0142860593863554,0.0133370275431248,0.0059610900880176,0.00715599307123342,0.00593611173470115,0.00654590977541359
2009-12-04,0.00442191523219959,-0.00176054060253888,0.00205337655529854,0.00370368039311517,0.00442191523219959,-0.00603682947316775,-0.00306142422780102,-0.00219497466029828,-0.00101047070431829
2009-12-07,-0.0346144430844553,-0.0205658065149342,-0.0172099651294293,-0.0151011803969822,-0.0346144430844553,-0.0212007777067753,-0.0133406168740947,-0.0135899983894872,-0.00710338208677775
2009-12-08,0.0219900598437974,0.0135342727658507,0.00897963194998116,0.00657615460036823,0.0219900598437974,0.0144301386651259,0.0131299429491414,0.0149266391770712,0.0124486795324463
2009-12-09,-0.0242343039758628,-0.018569473208282,-0.012733430224633,-0.00987312022838124,-0.0242343039758628,-0.00758125000898302,-0.00242414501264254,-0.00313234628572909,-0.00631615800201657
2009-12-10,0.00768133837556761,0.0067504035019379,0.00336888866118875,0.00190831011230488,0.00768133837556761,-7.36234022449267e-05,-0.000694762067820635,0.000207726743821995,0.00353531651704201
2009-12-11,0.00730786079534562,-0.0045595645448378,-0.00498134486692795,-0.00482797689718018,0.00730786079534562,0.0053562708537862,0.00288234202679449,0.000287637807712404,-0.00508811290097198
2009-12-14,-0.00557941548408047,-0.0073669404675743,-0.00332219751322497,-0.0018322118666145,-0.00557941548408047,0.00102569652369222,0.00290709655352102,0.00226235943707354,-0.00377087302560119
2009-12-15,-0.00513912933072413,-0.0175940969094168,-0.0114042331639709,-0.00894458182601848,-0.00513912933072413,-0.0125459896785415,-0.00916046077081996,-0.0096496824434136,-0.0139593993420938
2009-12-16,0.00393604284877935,-0.000957865955838577,0.0015171583117386,0.00294047423450977,0.00393604284877935,0.00533601685515761,0.00911244553474703,0.00616608362518453,0.0014247823951999
2009-12-17,0.00703611482164557,0.00723346302166683,0.00931618981256266,0.00974246009983315,0.00703611482164557,0.00496640614318,0.00656611082936975,0.00274045916530216,0.00544762749807902
2009-12-18,-0.0113770931306642,-0.0113742703640131,-0.00280820571688785,0.000805403887050166,-0.0113770931306642,-0.00498666720477564,-0.00386689303812363,-0.00616013490477271,-0.00485444435349729
2009-12-21,-0.0187638707323746,-0.00961686905513509,-0.00910019523271425,-0.00844104472114671,-0.0187638707323746,-0.0170379854839497,-0.0115837518507056,-0.0111010987460424,-0.00549435210468241
2009-12-22,0.0301422944331873,0.0210111063488053,0.0124733638930736,0.00901019688285601,0.0301422944331873,0.0184009494014539,0.011006249461882,0.0102881713742393,0.00708344678543077
2009-12-23,0.0418122029956087,0.030137064901566,0.0236781703993618,0.0203961975910802,0.0418122029956087,0.0284699578131796,0.0282607492220028,0.0283628548498909,0.0193664873365855
2009-12-24,0.0120000076984814,0.00897023822485865,0.00598638854561817,0.00482481059768808,0.0120000076984814,0.0133100495927209,0.00971860073636832,0.0088307548316322,0.00567598886192925
2009-12-29,0.00502835581893346,0.00269241420886179,-0.00392072677232406,-0.00551373939709646,0.00502835581893346,0.00233852462562856,-0.00136479900531102,-0.00147527043736176,0.00139729083355901
2009-12-30,-0.00631644280951138,-0.0032289664814224,-0.0030851660355522,-0.00298099042962913,-0.00631644280951138,-0.00331343633350323,-0.00147616988743845,-0.00120000667254477,0.00110083424814202
2009-12-31,0.00741920003656271,0.0069852985282316,0.00394895761342891,0.002493262402571,0.00741920003656271,0.00768638671603972,0.00668400024373901,0.0049281865821334,0.00429463129677472
2010-01-04,0.0179709651809006,0.00936249005579601,0.011245567697165,0.0090152037976041,0.0179709651809006,0.00921670758275559,0.00951692836806212,0.00789787687863405,0.0110351424146316
2010-01-05,0.0432568840559526,0.0245745141457678,0.0198397671418007,0.0165738439511592,0.0432568840559526,0.0271330643763594,0.0201536722814283,0.0174716573131852,0.0112227175889497
2010-01-06,-0.0141966672718405,0.00127548271439748,0.0110151680222187,0.0128072371141105,-0.0141966672718405,0.000613382861271994,-0.00459383520303351,-0.00331505633619286,0.0052329993776808
2010-01-07,0.00203666723240747,-0.00170116097618589,-0.00535169269729507,-0.006068224098772,0.00203666723240747,-0.00287704237632308,-0.00890311853942131,-0.00670806505706387,-0.00292956574158125
2010-01-08,-0.00949774223657329,-0.00460373934284125,-0.00724198285308886,-0.00490559090191225,-0.00949774223657329,0.0112939096303764,0.00197860689095538,0.000983591753399876,-5.03524028868074e-08
2010-01-11,0.00673454574561183,0.00384039133325742,0.00703998896472576,0.0053672729680202,0.00673454574561183,0.016639913900318,0.0135748592927227,0.0118445579412499,0.00803991847867938
2010-01-12,-0.0187909397276859,-0.0135381703499591,-0.0159658090018589,-0.0139468871124578,-0.0187909397276859,-0.0254084081758197,-0.00438681719761021,-0.00726788736597583,-0.0120093461276918
2010-01-13,0.0068212874259217,0.00597380118403523,0.00616678024751494,0.00554238156587777,0.0068212874259217,0.00516406334024444,0.0155785490428605,0.010190595891102,0.00517785262102516
2010-01-14,0.00201935212452664,0.00460087004996401,0.00566573014735897,0.00597181388180945,0.00201935212452664,-0.00101205988621433,0.000942152719613916,0.00250188443518917,0.00612381050415946
2010-01-15,-0.00729992296655446,-0.00335701439370661,-0.00311582234335828,-0.00265301568900139,-0.00729992296655446,-0.000380006491084717,0.000463976549735845,0.00219524479240191,0.00143677998162304
2010-01-18,-0.00857276831275344,-0.00600748616356228,0.000460061602790848,-0.000851664332930213,-0.00857276831275344,-0.00477004023127953,0.000236634953833674,0.00785468377265788,0.0058078393278522
2010-01-19,-0.00532501905767013,-0.00837666333883053,-0.00566614750586377,-0.00763535746641208,-0.00532501905767013,-0.01148636133197,-0.0137217205233666,-0.00880211567222458,-0.00737343702728803
2010-01-20,0.00609940292607258,0.00241500321004856,-0.000253032290538931,-0.00118854737843141,0.00609940292607258,-0.00746692429014384,-0.00587195254207588,-0.00490926293330801,-0.000509908042867854
2010-01-21,-0.0249373092170742,-0.0241287891060418,-0.0199531037983498,-0.0205675332098532,-0.0249373092170742,-0.0262696842242359,-0.0230487755640461,-0.0238454574571213,-0.0233325123840275
2010-01-22,-0.0173256693619819,-0.0141185275779268,-0.0125874241663185,-0.0125836402123203,-0.0173256693619819,-0.0172976709707463,-0.0158597675192197,-0.0172999183551397,-0.011258644381503
2010-01-25,-0.00612012387254524,-0.00533285921507648,-0.00653076369132847,-0.00577096882024844,-0.00612012387254524,-0.0185160892899622,-0.0166168899670857,-0.0172002163731257,-0.00928546046535758
2010-01-27,-0.0489627670444261,-0.0368542948474717,-0.0415105469240366,-0.0372856991759352,-0.0489627670444261,-0.0650155483255936,-0.0547971308115424,-0.0507982260652527,-0.0377635094847803
2010-01-28,-0.000272172323962816,0.00281692849657494,-0.000830664010549653,0.00110579126253388,-0.000272172323962816,0.00817920280826218,0.00844983409575665,0.0100785289800075,0.00463885537839588
2010-01-29,-0.0154464022532997,-0.00234300511448354,0.00340976381700124,0.00518761987259395,-0.0154464022532997,0.00683478929976972,0.00131241973427202,0.00647673689138897,0.00834181719588132
2010-02-01,0.0431261824576278,0.0311684219978188,0.025817837258674,0.0245678379951266,0.0146866202893248,0.010500523853141,0.0222090767213033,0.0184508049451702,0.0120339025019024
2010-02-02,-0.0129133976500619,-0.00849426592967395,-0.0106615421487921,-0.0133393255570479,-0.0174573708216028,-0.0137362038049126,-0.0134619350866291,-0.0151400089995849,-0.0132756978112234
2010-02-03,0.0237611713253469,0.0205230169704941,0.01757085926731,0.0165144521549253,0.0408632691449473,0.0304693362102707,0.0282332812486294,0.0279980327902974,0.0174403736360813
2010-02-04,-0.0180536259556163,-0.0137100226358289,-0.0155146994777783,-0.0140952682996804,-0.0355124308534404,-0.0294037307229446,-0.0256203624671685,-0.0234713434346219,-0.0183338199613053
2010-02-05,-0.0283349348183008,-0.0269869523390255,-0.0277114709993356,-0.0276524032730856,-0.0412820214542706,-0.0310774659144652,-0.0301632888824104,-0.0303107947938236,-0.0259144051730785
2010-02-06,0.00967108951597839,0.0117680709129204,0.0125109085125496,0.0123108806018399,0.0154423506520802,0.0124875716252775,0.0115487442555111,0.0104203687896721,0.010383761675189
2010-02-08,-0.00343189425138435,-0.000646375707886893,-0.00080925603925334,-0.000116317575618641,-0.00931185319534844,-0.00620596403902179,-0.00528127410980931,-0.00421596942596564,0.000562422542181642
2010-02-09,0.00781219770780295,0.00871612731492377,0.00824038564781793,0.00785860150411433,0.00508953532951684,0.0136380953012543,0.0116961294367705,0.0105940543802802,0.00629112907964704
2010-02-10,0.00656144297994699,-0.0100149108045758,-0.00764880612185115,-0.00874286712263914,-0.01121185302015,-0.00850825359660723,-0.00348502140442249,-0.0045588383475367,-0.00499785806404761
2010-02-11,0.0128466262348859,0.00925749994421321,0.00778400778224575,0.00617498708599529,0.0162152673178491,0.0144564578973624,0.0139198473432035,0.0138618674666966,0.009255617113952
2010-02-15,-0.0120698355790886,-0.0127278058277994,-0.00749466389838308,-0.00705342967998615,-0.00212625746695971,0.000961603297127966,-0.00338220966161088,-0.00348382210370995,-0.00581283161817517
2010-02-16,0.00311817422893812,0.00141670964807605,0.00488660464441426,0.00574482665256931,0.0176126624806048,0.0156930000633081,0.0115013914518514,0.0102789045331943,0.00932917039535697
2010-02-17,0.0308416080501308,0.0177469650286377,0.0137085321984016,0.014205918597946,0.0302934202539993,0.0150324090002701,0.0203021420168903,0.021218200123136,0.00926102509209522
2010-02-18,0.0083423343053155,-0.0038618153283525,-0.00498008502600444,-0.00083931561727818,-0.00876536742177925,-0.00461627322502345,-0.000296737381577131,0.00177693008127872,-0.00319710320588808
2010-02-19,-0.0193287756370417,-0.0153072543947416,-0.0135222856955021,-0.00750259260240943,-0.0270242479954428,-0.0160103959440036,-0.0171165225083496,-0.0142727705211916,-0.00992455733811942
2010-02-22,-0.0111279697885872,-0.0111984034198731,-0.0105677542498411,-0.0142798331281792,0.0101347209834166,0.00860119532690073,0.00202480695507142,0.00162765183338945,-0.00409232182000548
2010-02-23,-0.00845214847431563,-0.00737628977822113,-0.00587006113334835,-0.00637067109972642,0.0030151426700229,0.00420114306039199,-1.66207845105533e-05,0.000153432372031859,-0.000272374015395959
2010-02-24,-0.00886257870243634,-0.00805259697697519,-0.00704041029641389,-0.0068874372621717,0.00265561308572648,0.000979845220479503,-0.00230096275382578,-0.00251355734065953,-0.00297633468604427
2010-02-25,0.00728465389262922,0.00190561064732553,0.00111621605310286,0.000770859660947837,0.000688672277299629,0.000545411483052649,0.00279182561957817,0.00320719781980661,-0.00107994704276418
2010-02-26,0.0138660390579777,0.0109057848484966,0.00986647022873358,0.0094332479035199,0.0252554234602862,0.0112959188100524,0.0121526255593608,0.0143061252996158,0.0170064995062224
2010-03-02,0.0213127993238802,0.0242591279889649,0.0245501559402226,0.021341859189248,0.0188127993238802,0.0257505236254129,0.0227393387290501,0.0266135671129854,0.0186260657917008
2010-03-03,8.82680701290717e-05,0.00418783556439861,0.00751977524826593,0.00769272608631477,8.82680701290717e-05,0.00753777151267798,0.00776237387527242,0.00802242373794299,0.0128227505932765
2010-03-04,0.0111869904347923,0.00837063777298297,0.00585065770340987,0.00171208430973721,0.0111869904347923,0.0157421997121956,0.00692692118437014,0.00540590637808039,0.00442380307010375
2010-03-05,0.0024694051970251,0.0022099710159974,0.00547396527947612,0.00451808670938159,0.0024694051970251,0.00241606998860078,0.00216086365876652,0.00204529225595496,0.00546931493085021
2010-03-08,0.00201709451321275,0.00437169276884763,0.00947582296358821,0.00879583243437371,0.00201709451321275,0.00291546759917094,0.00419559868169069,0.00689504606217883,0.00694521763315086
2010-03-09,-0.00369297610427222,-0.00154732311253275,-0.00508092129474339,-0.00200777932898652,-0.00369297610427222,-0.00897309726367662,-0.00357818265302305,-0.00440693257672667,-0.0050134320893588
2010-03-10,0.00840540736972151,0.00259077890801701,0.006350160535135,0.00361127785940382,0.00840540736972151,0.00228989927078493,-8.52387540661859e-06,0.000368224700755315,0.00105679497309223
2010-03-11,0.00604339568926071,0.00334121305094581,0.00208950910738637,0.00420408181179591,0.00604339568926071,0.0050627570075179,0.00689110464668678,0.0022902061669339,0.00157751252484972
2010-03-12,-0.00414442812623117,-0.000119419981884528,-0.000882302525869627,-0.000635569219106152,-0.00414442812623117,0.000668716400587133,0.000480687834119512,0.000386219439245966,-0.00122657936465174
2010-03-15,-0.00744209803138707,-0.00803986225082221,-0.0051479576929756,-0.00059754523816824,-0.00744209803138707,-0.00521140730999359,0.000876959168755557,-0.000834361884034962,-0.00675916509418686
2010-03-16,0.0122126228510131,0.00547117876790193,0.00441038161052113,0.00596859664020799,0.0122126228510131,0.0149970222247744,0.0135457620596058,0.0133064780435609,0.0080054033241689
2010-03-17,0.000794804413670747,0.00433979605285473,-0.000400061137547055,0.00134922113068997,0.000794804413670747,0.00481473734357041,0.00540884754084729,0.00339630326232418,0.00432862409665537
2010-03-18,0.00524798237078583,0.00417213319815102,0.0051144491382964,0.00512591581962885,0.00524798237078583,0.00695250515511003,0.00635510872461542,0.00487655987968216,0.00255860339706439
2010-03-19,0.00841628025323571,0.00839726914228067,0.00818975039513455,0.0049579373707638,0.00841628025323571,0.00426613152548083,0.00126492044953774,0.00211517408172959,0.0027908102043314
2010-03-22,-0.010922193049321,-0.0058855320040368,-0.00744853133216864,-0.00626635108310006,-0.010922193049321,-0.0149576975183153,-0.0108784017908417,-0.0125893906638685,-0.00953513370323312
2010-03-23,0.00295069450143259,0.00913884010427313,0.00652557297329996,0.00546460048465702,0.00295069450143259,0.00589338417495955,0.00468948378954911,0.0021002802661052,0.00295884829831892
2010-03-25,-0.00443258626823195,7.21379276906742e-05,-0.000985859393522359,0.00164130513676508,-0.00443258626823195,0.000734577154070437,0.00366398434525609,0.00394398373864419,0.00419735327981899
2010-03-26,0.0121956448719689,0.00733253056528593,0.00755127395075061,0.0036754618929023,0.0121956448719689,0.00740974101752223,0.00228916925146727,0.00594096788308379,0.00706028620541401
2010-03-29,0.0133443006068479,0.00721559435386565,0.00862885138520086,0.00236932490158756,0.0133443006068479,0.00909270984457811,0.00059205504663462,0.00150963597614492,0.00426166742980513
2010-03-30,-0.00048772500670613,0.000330430948024873,-0.000836655111010091,-0.00613215083370416,-0.00048772500670613,0.000295730599399024,-0.00714239226766278,-0.00599781441123892,-0.00253076506543632
2010-03-31,0.001178082096289,0.00314527398565589,0.00454243717673656,0.000796303718039904,0.001178082096289,0.00213824050619971,-0.00205520521521689,-0.00111319446390906,0.00159829743381868
2010-04-01,0.018813208236871,0.0102713981426978,0.0106525476125193,0.0082601563524131,0.0193677543802468,0.0128913004662045,0.0100276706553902,0.00753700419271844,0.00722569186800012
2010-04-05,0.00808135343021843,0.0065119293438719,0.00734582676026574,0.00957101899320006,0.00165949813997268,0.00533655986651305,0.00800004813854072,0.0110050807140858,0.0142055604806061
2010-04-06,0.00409133125885552,-0.000526511345508962,0.000475601049425493,0.00150906081065233,-0.00986009852216752,-0.00369013634143656,-0.0044146953041484,-0.00575334360973345,0.00293091757353142
2010-04-07,-0.000286947920640324,0.00569938885541893,0.00548273690704963,0.00302621381368232,-0.00248837801693946,0.00128052749668578,0.00149427658607937,0.00433698271578983,0.00266485684184677
2010-04-08,0.0097590296350325,0.00388969460641148,0.000255064767290388,-0.00287765795495507,0.00506258808057369,-0.000975803415189047,-0.00316371351707856,-0.00518563821198864,-0.00671890916390917
2010-04-09,0.0181923979854592,0.0120145506940089,0.00972348600633932,0.0115722731184459,0.000115922881112507,0.00262863975605632,0.00208437692927525,0.00453736113775144,0.00731618902923579
2010-04-12,-0.0031464925476079,-0.00432874239060865,-0.00342432683955622,-0.00461811602780396,0.00219751604472496,0.000291010153636806,-0.000724830174707739,-0.00199661337606649,-0.00230672614216381
2010-04-13,-0.00243156687797363,-0.00391532131229233,-0.0044878193513657,-0.00587452412538786,0.0297376684527224,0.012052426511605,0.0062329431688054,0.00316739925810783,-0.00365545822827746
2010-04-15,-0.000696898635928145,-0.00111186057749241,0.00139976833479938,-0.00220281957163651,0.00498802995895087,0.00570552805916691,0.00572649545068149,0.00357820697028816,-0.00379707364873897
2010-04-16,0.00981296209995408,-0.000175886877311959,-0.000914163697336101,-0.00115408858187804,-0.00468464385990153,-0.00353768059864296,-0.00284461137890009,-0.00389594585491415,-0.00322537405200608
2010-04-19,-0.0102805634835433,-0.0106545347452643,-0.00971584394849885,-0.0075331482511275,-0.0127926686334286,-0.0103155654941983,-0.00902189339173195,-0.00968289622943752,-0.00948456643399131
2010-04-20,0.00629325996157259,0.00827250554129155,0.00890284422703173,0.0100260055054144,-0.0105948543285433,-0.000215666365015632,0.00129185090809913,0.00370421790537137,0.0100172375846985
2010-04-21,0.0105852969207008,0.0106000390634116,0.00741293052951653,0.0109600880869341,0.000762179518472683,0.000900446490099571,0.00129657180218549,0.00373111089782285,0.00767027267926874
2010-04-22,0.0013918201300116,-0.00139240484427094,0.000144631807847665,-0.00149162405241493,0.00210226512773293,0.00266048511990891,0.00226319097847146,0.0039894783468935,0.00252964763978833
2010-04-23,-0.000568294369988842,-7.22778924936995e-05,-0.0010378746452158,0.00302473555612578,-0.00017586807382064,-0.00157246811224032,-0.00166064654084756,-0.00121365125996356,0.0039370306465017
2010-04-26,0.00667394497082174,0.00587256441646578,0.00500124773662984,0.00684720298360186,0.00404724773019605,0.003652931053577,0.0012360098317434,0.000283496043856468,0.003607924893557
2010-04-27,-0.00255956722979289,-0.00523312331256198,-0.0042916327691093,-0.00506443701827464,-0.000366021905003233,-0.00138733679360359,-0.00026693648363052,-0.00229943953351175,-0.00269877588804383
2010-04-28,-0.0182121187606181,-0.017121987208062,-0.0145851707455604,-0.0152255725706234,-0.0145961644384358,-0.0120538511294965,-0.00969337024408723,-0.00997611119386596,-0.0132109956444065
2010-04-29,0.0122314986634673,0.00208653458809682,0.00331159824637717,0.00677706840837744,-0.00186583754668568,0.00194794400812609,0.00107864932247748,0.00220583259621487,0.00634128116188878
2010-04-30,0.0073492061424647,-0.00254710466393582,0.00252910409717044,0.00307580544751285,0.00795298527289767,0.0103172534461403,0.0113058697422232,0.0128288185396115,0.00875962198474039
2010-05-03,0.00177460281544439,-0.000826538086945798,-0.004640485980177,-0.00413285183588952,-0.00342767898933599,-0.00153655524758203,-0.00413006152993846,-0.00447670297452211,-0.00486150327972478
2010-05-04,-0.0169369567041179,-0.0182392554981478,-0.0171599803973107,-0.0135119104264238,-0.0195415542921777,-0.00855842159160736,-0.00897806068342851,-0.00875501704374571,-0.0130812290424014
2010-05-05,-0.00228447639210283,-0.000883952609678551,-0.00222674176945969,0.00153385322536431,0.000516571172745728,-0.00176880388280698,0.0022399281316677,0.00165401619638739,0.000344366704204473
2010-05-06,-0.00226009889166323,-0.00464737361189232,-0.00484431857895147,-0.00519725713048602,-0.00703464833212142,-0.0010724942148766,-0.00431919950759888,-0.00411129542933888,-0.00180594091165196
2010-05-07,-0.0232918537862452,-0.0230244333883173,-0.0261466320648541,-0.0268448615059468,-0.0227570129903893,-0.0206244576277534,-0.0217468819697486,-0.0204324008921377,-0.0235477851145906
2010-05-10,0.0217880074809769,0.023907562671736,0.0322034261465978,0.0293415467807372,0.0260271178624951,0.0170814428953177,0.0209528679835593,0.0232749575190535,0.0261132329054451
2010-05-11,-0.00554725907913511,-0.00550478371149193,-0.00410873997301212,-0.00779510984082973,-0.00546230834384875,-0.011438272829746,-0.0108263722027824,-0.008982587729362,-0.0116214342973996
2010-05-12,0.00279740724867361,-0.000461033926719034,0.00393159504632094,0.00166340504345783,-0.00371947510211168,-0.000530109557844383,0.00203974771775798,0.00108611612825688,0.0040039082488366
2010-05-13,0.0170656153196282,0.0109184952786624,0.0104383040786563,0.016020733460996,0.00477137523769655,0.00853641017945972,0.00832104257467003,0.0109696120950358,0.0103238887216679
2010-05-14,-0.00821861583264383,-0.00647715554066108,-0.00883253289448534,-0.00831678571279335,-0.00473569524867834,-0.00386294127619186,-0.00723764462763336,-0.00877701640384798,-0.0108600869404288
2010-05-17,-0.0088516502826288,-0.00373891310530705,-0.00498663898362113,-0.00486398481744077,0.0013738240720147,0.00498366111483817,-0.00211135718872835,-0.00459669507552707,-0.00288118512543579
2010-05-18,0.0103655788552797,0.00921149997894166,0.00418711554704672,0.00452919743458333,0.00805742110260366,0.00488842532828171,0.00384603340212804,0.0027229296695705,0.000904759188525277
2010-05-19,-0.0269140952980689,-0.0186503490679031,-0.0257668667848217,-0.0256691071968678,-0.0103866028377374,-0.0164776309826813,-0.0162885479228537,-0.0196440607817059,-0.0278956097703226
2010-05-20,-0.00240992281505947,-0.00874704865561754,-0.00292169212409321,-0.00308631056332473,-0.0150841744961756,-0.00455256606731991,-0.00322465597986695,-0.00396617451869419,0.00379764875376389
2010-05-21,-0.00842300870005908,-0.0124985522637502,-0.010607652312879,-0.00741045094010448,-0.0165740958274414,-0.0165266282948116,-0.0141667679622054,-0.0105222751224169,-0.008444925051547
2010-05-24,0.00236130324858075,-0.00159144173440501,-0.00254107953185068,-0.00151913559730241,-0.00554418671739076,0.00152739671635255,0.00292513183991872,0.000659029020856794,-3.85099254808583e-05
2010-05-25,-0.0355026769779893,-0.0337219491206575,-0.0300799956616548,-0.0309808331964905,-0.0319412212633258,-0.0260531758681373,-0.0262602566764064,-0.0254456229463086,-0.0256994484277157
2010-05-26,1.05733952229237e-05,0.00975820953106254,0.0127765751793226,0.0132975685797949,0.0195058456669022,0.0158086370950173,0.0229660133723855,0.0221886487429663,0.0156956963337323
2010-05-27,0.00303453234367379,0.0133821711285979,0.018743771987442,0.0138279361335222,0.0237298099135219,0.0164327164990445,0.0132562800206003,0.0152755453112822,0.0128541266694583
2010-05-28,0.00974367083047833,0.00164631839043095,0.00384755618016497,0.00616977880311753,-0.00645103404961644,0.00161746365291937,0.005162289450057,0.00694708817847806,0.0140126091226869
2010-05-31,0.00491704017148753,0.00434814947456053,0.00480933994139887,0.00729468541024469,0.00377925877763352,0.00583584933628245,0.00264231987463048,0.00626042152251874,0.00749572940258577
2010-06-01,-0.0218585193070575,-0.0180133713240301,-0.0201476559120912,-0.0168356369360403,-0.00939958000788771,-0.00553513112090323,-0.00481051543109552,-0.00413247904974222,-0.0156279479447254
2010-06-02,0.0113202228659506,0.0109880142929631,0.0119050183209486,0.0095960854470899,0.00266928682551382,0.0022275524367551,0.0019694117537253,0.00215181013370458,0.0100610958969866
2010-06-03,0.0182654359241985,0.0176874456407826,0.0191504128140561,0.0157694372972214,0.00562651074671727,0.00401972390077099,0.00354742316873528,0.00286456951775793,0.014648365406929
2010-06-04,0.0021257451027783,0.00323228639482809,0.00729713564675682,0.00533886334739453,-0.000535953550692359,-0.00055729514127606,-0.000582758448388139,-0.000919752033045396,0.00376000498051858
2010-06-07,-0.0107601870174551,-0.0111346234568419,-0.0124545799417407,-0.0115691786046939,-0.00891297459355378,-0.00746714037690666,-0.0073917145888344,-0.00742052462074161,-0.0142637884772399
2010-06-08,-0.000948783324912772,0.00545555121765967,0.0023091353306726,0.00139163736805087,-0.00136085651981432,-0.00220846491725413,-0.00250661082337374,-0.00298784999518478,-0.00765703276797658
2010-06-09,0.00504538197599036,0.00697800835123297,0.0061094427190637,0.00555383451844665,0.00388700991659552,0.00750959891583336,0.00859845129377297,0.00955746855657769,0.00601047413877844
2010-06-10,0.00527456710811558,0.00410411069412098,0.00741352300986331,0.00845593461896571,0.0115831694462729,0.012908549486938,0.0136248520455321,0.0145036595909241,0.0147400783947048
2010-06-11,0.000637309680122877,-2.43684414030221e-05,0.000977889215987182,0.00187624749417717,0.00457132232874713,0.00157540691614155,0.000184076250595836,-0.00104587642613357,0.00237165694161493
2010-06-14,0.0055518233188212,0.0107845472113067,0.0092515407000359,0.0074959031642684,0.0022289905569659,0.000810210955211277,0.000293742692008732,7.72578122305301e-05,0.00918355156612672
2010-06-15,0.00181918093475253,0.00549062712653281,0.00542124849482062,0.00560349001487676,0.00615021457504517,0.00513408305174134,0.00431068029641361,0.00355424808038013,0.00666484470217942
2010-06-16,-0.00297642246145224,0.00230416913113779,0.000171155152645356,0.0011118918144519,0.00393410179987153,0.00172447412817772,0.000897005052015472,0.000241224531005446,0.00221935270308873
2010-06-17,0.000112926296770288,0.00254574215489578,8.59330209033911e-05,0.00106597988113172,0.0040061204618167,0.00454376844384252,0.0044977795556503,0.00445913729936498,0.00379182409536752
2010-06-18,-0.0114505916380281,-0.0153630661836675,-0.00874271410333664,-0.00671141581999821,-0.00061752096998291,9.11700930968373e-05,0.000379455657003776,0.000571886455672549,-0.004733540856586
2010-06-21,0.0163541684971387,0.0161983992672894,0.0144566714404743,0.0127447323864967,0.00760891522456397,0.00815493903037301,0.00824578387485471,0.00869902879778817,0.0132480854820726
2010-06-22,8.35672255103947e-05,0.000556003609298639,-0.0028538654971898,-0.000975839473852297,0.00465823859616021,0.00347836845529736,0.00292645619459816,0.00271959233305652,-0.00274941464413418
2010-06-23,0.00487530794830771,0.00286715138757765,0.00177189002404536,0.00442685822382063,0.0123917628231465,0.0125386126266854,0.0129510597672486,0.0126695429873683,0.00651846547894183
2010-06-24,-0.00419788557320921,-0.000416502353514647,0.001005572186949,0.00044402222593487,-0.00124062765710753,0.000997975976036347,0.0017898769954278,0.0027894041834467,-8.74956017678921e-05
2010-06-25,-0.0115899712914251,-0.00994134678135067,-0.0121792570957277,-0.0117300337032712,-0.0103823635259017,-0.00649228063178386,-0.00491395983926957,-0.0034770499210322,-0.00653485938250797
2010-06-28,0.00616154612565478,0.00894941563424312,0.00854784084117625,0.0087238127170961,0.00925172834485566,0.00786409889292772,0.00689882375071519,0.00635816188440308,0.0119445363753811
2010-06-29,4.05358843915682e-05,-0.00307251774383355,-0.00352147520711432,-0.00285420045342524,-0.000852376192358006,-0.00237125103651464,-0.00433945113451654,-0.00635322154094453,-0.00888684483374927
2010-06-30,0.00593826635049965,0.00261578305423799,0.0025673096407031,0.00219401590096577,0.00107413468175377,0.00318710459555571,0.00365424452083178,0.00399778533625339,0.0087363732665413
2010-07-01,-0.00320370859900926,-0.000684837405518584,-0.00216045939802895,-0.00495431217608974,-0.00599041413982831,-0.000563764625529151,-0.00200776785625201,-0.00338464810811609,-0.0067578758687869
2010-07-02,-0.00657409240216622,-0.00188799279466445,-0.00144959983141394,-0.00160588818226384,-0.00128234720833009,-0.000824735004487376,-0.000806352393475929,-0.000653559627544847,-0.00197131659994383
2010-07-05,-0.00172257696044131,0.000481914087872404,0.00192105683651115,-0.00127164255739837,0.00401706611100328,0.00425267046397715,0.00406504377633262,0.00372732779674262,0.00140569244059843
2010-07-06,0.00402597522052273,0.00680468819875657,0.00855905988274785,0.00749854931403443,0.00526888871025477,0.00527265706704072,0.0056996990149721,0.00615155369515974,0.00852637798389945
2010-07-07,0.00319998680795597,0.00709291073478668,0.00631978989774236,0.000477410722469623,-0.00446344193890746,-0.00222597837548572,-0.00337430798864509,-0.00458780545757947,-0.00427380026849891
2010-07-08,0.00488740342994909,0.00765939416418504,0.00868239945310201,0.0103158806500607,0.00221982066185711,0.00167459225230182,0.00183354636116192,0.00207544428437012,0.00895549008298339
2010-07-09,-0.0059595860459537,0.00252139312543415,0.00545735179936335,0.00530723856664819,-0.000772302042957418,0.000531616966773896,4.60476293983048e-05,-0.00042823089106378,0.00957997355544511
2010-07-12,-0.000988248888791454,0.000905245636260765,0.00198277430523634,-0.000194619436352711,-0.0022749478657782,0.000658437267794909,-0.000270804773667181,-0.00134542069962279,0.0050350012224055
2010-07-13,-0.0020928408736306,-0.00019801844595263,0.00112933847965724,0.00292620866613466,-0.000869666895654486,0.00123294253391659,0.000258160100453505,-0.000463480607203498,0.00531578589050951
2010-07-14,-0.00371302336756274,-0.00293263151467105,-0.00358838718893221,-0.00469485297397859,-0.00415462824123181,-0.0035215791375604,-0.00366287072626873,-0.00393410542324446,-0.00180747200265466
2010-07-15,0.00933418136532538,0.00714770707334567,0.0061679235406135,0.00097325463558498,-0.00103564529515898,-0.00114510366947734,-0.00107314909718259,-0.000667700542404309,-0.000601035223754037
2010-07-16,0.00352824878850377,0.00787867610117221,0.00863511147929078,0.00699174982002598,0.00446671470376314,0.00512057139017474,0.00479179243879376,0.00425228089159069,0.00549139006335894
2010-07-19,-0.00997685485988864,-0.00555032798647448,-0.000616674215929184,-0.000823987898359441,-0.00135052538731528,2.30005421207324e-05,-0.00105485386281797,-0.00156398524745399,-0.000550808833183985
2010-07-20,-0.00501070247129798,-0.0046459625145796,-0.0027131490221964,-0.00322453679080759,-0.00708427093946296,-0.00566423860054222,-0.00628305631574122,-0.00695276110959217,-0.00328561771475979
2010-07-21,0.000860693961028058,0.00491796104570441,0.00467601794136459,0.00556364740242116,-0.000520439235950909,0.000829076059380485,0.000494529245414266,0.000105871713918793,0.00375711766892645
2010-07-22,0.0101885630752612,0.00682559239860836,0.00392218677536427,0.00471449247467526,0.0019388147010162,0.00164731696508436,0.00216562079849332,0.00286035119615186,0.00570282009827168
2010-07-23,0.00448268059372481,0.0025919381897197,0.00398911619731623,0.00171910069359579,-0.00488741619334421,-0.00751358196441293,-0.00670855771299073,-0.00596819640671578,-0.00145994394260832
2010-07-26,-0.00433278318189789,0.00207533762921636,-0.00361588945054747,-0.00453522368893081,-0.00025927558401817,-0.00182226055491957,-0.000642344047440161,8.93682960685094e-05,-0.00632698388904534
2010-07-27,0.00364643535172093,0.00974209517595337,0.00771796673086252,0.00586596965548092,-0.00150789328413237,-0.00176031841305047,-0.00133362265735582,-0.00115799816332671,0.00387304716392614
2010-07-28,-0.00230153362856955,0.00128072466104495,-0.000448720804572182,-0.00259117446303006,0.000823729341832946,-0.00148969230088286,-9.70601788341147e-05,0.000664870960756486,-0.00212157653217045
2010-07-29,0.00654516565172858,0.0040836314945365,0.00676382801008427,0.00430400972819092,-0.00398549650017799,-0.00314575049053817,-0.00359673006114336,-0.00426586091497114,0.000665501023550355
2010-07-30,-0.00868763961954688,-0.000833053011596696,0.00243334658011211,0.0014078649529502,-0.00428433704444031,-0.00405346429958992,-0.00449506584284613,-0.00470440580373657,-0.00188008808508157
2010-08-02,0.0170927848671542,0.0151132780881211,0.0144952859149965,0.0142013561931612,0.0169322181769879,0.0154780248572552,0.0105747592228987,0.0122042656339626,0.0111141380202921
2010-08-03,0.00254862333323391,-0.000552065502177734,0.00151096889766877,0.0021847868387195,0.00803101059844669,0.0071036885767789,0.00608497473349227,0.00520088688342768,0.00392488263765352
2010-08-04,0.00960138358113172,0.00823333962202644,0.00623715409147726,0.00499316642123182,0.00706515512495476,0.00823009745740133,0.00569910489004951,0.00667467456282006,0.00300470567332662
2010-08-05,-0.00581693062048483,-0.000452063625749732,0.000446076452012926,-0.00131384037230589,-0.0068755688315324,-0.00369037538678718,-0.00258116162082504,-0.00339010387073999,-0.00231347483396418
2010-08-06,0.00478007929743951,0.00624460745944888,0.00293106401225955,0.00444362696544634,0.0118695495093273,0.0177761746627659,0.0119511502205242,0.010158382489753,0.00235591296240778
2010-08-09,0.00950545803215808,0.00572567420297976,0.00872087753828018,0.00936977569068415,0.0237654285150308,0.0144823514304567,0.0109348396194915,0.0105774942226581,0.0114640826242338
2010-08-10,-0.0139202703319786,-0.00891511688546781,-0.00656728481860339,-0.00738642219376079,-0.00869345779022845,-0.00869115742135751,-0.00874400281600777,-0.0100380696950005,-0.00528649909131918
2010-08-11,0.0131239186891272,0.0031949244738983,0.00197904753757909,0.000438120755879706,-0.00410739875233479,-0.00238590658337462,-0.00328946405845328,0.000813881628441843,-0.00487537367441773
2010-08-12,0.00381029694353474,-0.000663377707372736,0.00437250487102418,0.00573540606431641,0.00473322476786242,-0.000197027872545497,0.00125133179087385,0.00189107307903907,0.00466136094963077
2010-08-13,-0.0052256462843997,0.00324512345634059,0.00730703621204269,0.00553322863264041,0.0246380333023655,0.0134932307583647,0.00836006120389798,0.00496363433182356,0.00815250625944674
2010-08-16,-0.0160614039263651,-0.00424520344413515,-0.0010114678036058,-0.00137364211496627,-0.00213701442903214,0.00487732674661084,0.00219351063989922,-0.00237021800166687,-0.00467716486907965
2010-08-17,-0.00541142055372157,-0.00210548398668392,0.00322932096573869,0.00326071785702273,0.0124525411123972,0.00919309939958213,0.00997374112125726,0.00612745070251255,0.00359223668211722
2010-08-18,0.00694888806564964,0.0107741107477938,0.00820707204867606,0.00820466288587912,-0.00896082091613015,0.00733725664896551,0.00645131807799115,0.00657571057490577,0.00837758625976271
2010-08-19,0.0134636967007811,0.0137509994859516,0.012884835382784,0.0126977544323424,0.00981367394193722,0.00458870872190315,0.00785501676666123,0.00925718675019119,0.00989757126066363
2010-08-20,0.0175823289343897,0.00299035770461098,-0.000321858222617211,0.000542217775593601,-0.00496400475705627,-0.00369202111663597,-0.000993908036020434,0.0036501512065821,0.00088952246957355
2010-08-23,0.00347732710657556,-0.00209616803039731,0.000241586474112876,0.00201302199167516,0.0405562796372814,0.0279710611706222,0.0210555869108176,0.0166610219597571,0.00601841844577405
2010-08-24,-0.00495911691091189,-0.00265730572335782,-0.00693896403986223,-0.00654094661879331,0.00459178914546876,-0.00176637329767304,-0.00214917405004833,-0.00285165976526422,-0.00680623323714851
2010-08-25,-0.0252638074891013,-0.0136002263260434,-0.0121506794113906,-0.0123696386011415,-0.0144870250797171,-0.011670298646339,-0.0121795286282308,-0.0154505983434484,-0.0123362262976124
2010-08-26,0.000516483984368543,0.00425226017984248,0.00346614228196011,0.00228096700588906,0.000643343014883113,-0.00287141776101779,-0.0018154052818344,-0.00123243296528366,0.00142417374754905
2010-08-27,-0.00972301885396043,-0.010233472134937,-0.0113296985085715,-0.00952878868476886,-0.00759409903802699,-0.00938705259004197,-0.0089217516162556,-0.00912206842568181,-0.0110547754803704
2010-08-30,0.000982782620068567,-0.00279539570933529,-0.00320973553062013,-0.00098418692730351,0.00166977037946614,0.00457102947404242,0.00374738887869615,0.00305623731403926,0.000985739253509274
2010-08-31,-0.00455630612553448,0.00523460223137751,0.00216335447757243,0.000217699226953139,-0.0170297865661423,-0.0053514396137217,-0.00566843193039105,-0.00539040047917691,-0.00389287087021496
2010-09-01,0.0123746269642877,0.0105023710473035,0.00996011279867535,0.00967100340643197,0.0148746269642877,0.0130023710473035,0.0107694724414363,0.0118259334153578,0.0132624803095303
2010-09-02,0.0107530673640066,0.00679396045730318,0.00648232814045091,0.00893009246543447,0.0107530673640066,0.00679396045730318,0.00995376878499717,0.0106861001730417,0.00517410360503162
2010-09-03,0.00148146955338513,0.00902704402434318,0.00737169743331911,0.00788405428212241,0.00148146955338513,0.00902704402434318,0.00915840429240622,0.0102351515563237,0.00517983625495788
2010-09-06,0.0070399699856627,0.0114801628762731,0.0134765305626899,0.0171335674705415,0.0070399699856627,0.0114801628762731,0.0170216679822142,0.0142551489470344,0.0143153711502365
2010-09-07,-0.000793012970286,-0.00326427568457055,-0.00451392876792707,-0.000690755593026393,-0.000793012970286,-0.00326427568457055,0.00141673752084485,-0.000581178577229058,0.00260150718861004
2010-09-08,-0.000652491184711002,0.000763033242011102,0.0061465293729183,0.00719433928882862,-0.000652491184711002,0.000763033242011102,0.00395461184019393,0.00530624214560044,0.00272111496599283
2010-09-09,0.000466369433880898,0.0127379028190752,0.016801957447918,0.0149916368128674,0.000466369433880898,0.0127379028190752,0.0116788268486219,0.0118069972819045,0.00662113923049568
2010-09-13,0.00531146947103722,0.00762866236978943,0.0180717735535464,0.0184521458830182,0.00531146947103722,0.00762866236978943,0.0116168625370041,0.0133100156870534,0.0154630094741897
2010-09-14,0.0123712268950313,0.00133255559906614,-0.00143727393400702,-0.00133405016950525,0.0123712268950313,0.00133255559906614,0.000546910774044118,-0.000779311045609354,0.00116564805072706
2010-09-15,0.00576585347979597,0.00100620086801306,-0.000998324959429901,0.000530105919932994,0.00576585347979597,0.00100620086801306,0.00237593343134927,0.00362696635755638,0.00516691546956147
2010-09-16,-0.00757000104090766,-0.010170403748744,-0.00510700439435256,-0.00601510675947098,-0.00757000104090766,-0.010170403748744,-0.00969340711743808,-0.00734639210559521,-0.00567256117322411
2010-09-17,0.0163331768802557,0.00969173428219905,0.00734296957437482,0.0064850563158782,0.0163331768802557,0.00969173428219905,0.00776492836826215,0.0103831510535399,0.0112949564295905
2010-09-20,0.00810371517027852,0.00887947000768841,0.00756203986640106,0.00735865572868211,0.00810371517027852,0.00887947000768841,0.00816914777696735,0.00664493800504312,0.0108859032617227
2010-09-21,-0.010625964513578,-0.0137121731415791,-0.0119250570290485,-0.0116066828095527,-0.010625964513578,-0.0137121731415791,-0.0126919688114078,-0.0125547431253194,-0.00278763556118507
2010-09-22,0.00559508935846598,-0.000281515276278177,0.00340069125995083,-0.000169257841013487,0.00559508935846598,-0.000281515276278177,-0.00381404523215427,-0.00411717858456143,-0.00232414090628702
2010-09-23,-0.000300963081862005,-0.00203843715470925,-0.00296012389576154,-0.00367370754278282,-0.000300963081862005,-0.00203843715470925,-0.00329711093108838,-0.00369339726165543,-0.00451728337511898
2010-09-24,0.0167149124499852,0.0247928888307533,0.0187780313992882,0.0140989412932335,0.0167149124499852,0.0247928888307533,0.0165491495455253,0.0149724363258477,0.0105022709437551
2010-09-27,0.0122136709091416,0.00897647615376918,0.00883158604514363,0.00747289788153721,0.0122136709091416,0.00897647615376918,0.0071165952327521,0.00782002673551679,0.00437203987272652
2010-09-28,0.000215023114984669,-0.00240390319486933,-0.000107642204215774,-0.000494722318312518,0.000215023114984669,-0.00240390319486933,-0.00215458968344713,-0.000830518626142612,0.000761329672524681
2010-09-29,-0.010443877283192,-0.00838215730559566,-0.00580848214684123,-0.0063327053357633,-0.010443877283192,-0.00838215730559566,-0.00822322983790695,-0.00716039396574664,-0.00496026167475917
2010-09-30,-0.00753539716822649,-0.0036940959220933,-2.86998254513948e-05,1.68260252198238e-05,-0.00753539716822649,-0.0036940959220933,-0.00241159608898437,-0.0015915493902757,0.00112721790104623
2010-10-01,0.0109119113690467,0.0119038350925256,0.0151010651863607,0.0155848089890548,0.0189955253740308,0.0140638789552593,0.0139853631486004,0.0151653810185242,0.0186696300224779
2010-10-04,0.00639915210800202,0.00696538811815051,0.00677675222813819,0.0068947419311719,0.00639948044811356,0.00500423109984549,0.00478670555944179,0.00676667852098967,0.00725126084360861
2010-10-05,0.00370838426319176,-0.000310752201579056,0.00222929156144117,0.000932996410962644,0.00730937908748164,0.00402476700653032,0.0138722945532786,0.0128634920118649,0.00384989614180243
2010-10-06,0.00615952498899164,0.00437673183619225,0.00836726256399264,0.00629537813712983,0.0163483240195934,0.0174074355666333,0.0165710464809746,0.0158433301822012,0.00836960368823665
2010-10-07,-0.00686375237837988,-0.00709759189666737,-0.00930480134514237,-0.00833288856646727,-0.0137192202420924,-0.00928358324843576,-0.00647840875141137,-0.00566921535652101,-0.00684598784744153
2010-10-08,0.00154748666820437,-0.0017477632572831,-0.00508165454104107,-0.00547580744743412,-0.011749437108557,-0.00851875788665446,-0.00419831247689221,-0.00397102406469038,-0.00260542349286486
2010-10-11,0.00794203227342183,0.00555908783930648,0.00529956646572464,0.00428523735210823,0.00478052371856097,0.0119021236316122,0.0112118860865379,0.00995088496954788,0.0062632930065209
2010-10-12,-0.00767483656230072,-0.00588421428531194,-0.00677368128794623,-0.00679607494211257,-0.00855261529321483,-0.00480391932441254,-0.00419130737634325,-0.00467979459324583,-0.00662350823323789
2010-10-13,0.0226510023867579,0.0226887276979132,0.0173388025815591,0.0187405183436695,0.00663895234885081,0.00430999874912597,0.00360095788571879,0.00691310107324111,0.0152782918998185
2010-10-14,-0.00745703133532616,-0.00946178031601569,-0.00690478357091362,-0.0076529310663154,-0.00179079008070948,0.00657631100466594,0.00461789997220478,0.00340117892694847,-0.00581471378863074
2010-10-15,-0.0235887625803066,-0.0218108301045264,-0.0180101183035109,-0.018533226982294,-0.0104086947014799,-0.00941588531444598,-0.00812372753790066,-0.0100657269059348,-0.0151214527336201
2010-10-18,0.00237529279384718,0.000573970792089096,-0.0045253323732144,-0.00402386110011163,-0.0147239387038214,-0.0101538069390842,-0.00655305453143048,-0.0051733128511226,-0.000799516230647827
2010-10-19,-0.0116857306435626,-0.00931628082207286,-0.00699831766187065,-0.00586208139068492,-0.00236239134146621,-0.000992496611274818,-0.00458611316860572,-0.00390966465352405,-0.00246260542126767
2010-10-20,-0.000675551510802785,-0.00316137734180932,-0.00386164819067991,-0.0047861762726113,-0.00526218988842109,-0.00316745419665371,-0.0024133353073396,-0.00238872544339636,-0.00553022155649377
2010-10-21,0.0309510174273511,0.0261244792791312,0.022207303532925,0.0209551574361924,0.0143729520405125,0.00894834606550987,0.012808833298336,0.0159149880231707,0.0170832277322195
2010-10-22,0.00694784192215692,0.00142216693405134,0.00155062920668081,-0.000362754376665719,0.00180755375193975,0.0023747549209272,0.00327968576431729,0.00752192634664817,-0.00205147278281646
2010-10-25,0.00607157678798576,0.00464720942561336,0.0101114629097154,0.00815497242535912,0.0210399698779196,0.0152511565075553,0.0141900184748608,0.0136732044468524,0.00690344829709263
2010-10-26,-0.00691192079964975,-0.00716036751058108,0.000380087015382169,-0.00152253912345984,0.0154609960673087,0.00657495368337729,0.00582786051500635,0.00401925390933985,-0.00288190210041172
2010-10-27,0.000891531965979908,-0.00563570734170071,-0.0021786030564445,-0.00576262445623993,0.00473560551406793,-0.00238657337486392,5.60817134735252e-05,0.000696548202627323,-0.00703031858115595
2010-10-28,-0.00872349506635828,-0.00753693528068994,-0.00894387101200411,-0.00787125745583619,-0.0117577424746325,-0.0091939094412099,-0.0029275158612582,-0.00620023841171269,-0.00730137776363248
2010-10-29,-0.00861135882477082,0.00500626629329221,0.00535604174481726,0.00854262157111477,0.00605559264786737,-0.0141618079249822,-0.00452901596563526,-0.00532652308546605,-9.56417161760593e-05
2010-11-01,0.0152368265652252,0.0186806535064221,0.0223471481942048,0.0236840836941398,0.022124480447619,0.0249096853207819,0.027333169403778,0.0243090836941398,0.018020716787554
2010-11-02,0.00563397428526979,-0.00293774387839341,-0.00148288419328642,0.002710751790578,-0.0115094620420566,0.00189109885005734,0.00173634429234741,0.002710751790578,0.0012026053405307
2010-11-03,0.0135957655730869,0.0100765688674441,0.00767509766645961,0.00660865377169545,0.0065573721618013,0.00498334712460213,0.00427961650456495,0.00660865377169545,0.00692283887685266
2010-11-04,0.0315545012690146,0.0237772861770569,0.0190581985799353,0.014096729271183,0.0160000710850992,0.00760619621501274,0.0082774719385725,0.014096729271183,0.0119941954614199
2010-11-05,0.00975151643799488,0.00674223753321745,0.00655329640804288,0.00659185810287943,0.00373295862844003,0.00522025090791456,0.00553863865784095,0.00659185810287943,0.00588335050695567
2010-11-08,-0.00886902069703588,-0.00687783111551005,-0.00531903917526052,-0.00700447466833493,-0.00488664153398422,-0.00847371134077118,-0.00638295932543461,-0.00700447466833493,-0.00267940953721324
2010-11-09,-0.0187869468319121,-0.00932050702573467,-0.00472262903258447,-0.00359297531302868,0.000145932780442726,-2.9040686959303e-05,0.00147168185993244,-0.00359297531302868,0.00384948667384303
2010-11-10,-0.00864972857014201,-0.00511789321785977,-0.00409389727136722,0.00704968850315144,-0.00158605786557753,0.0194471939805649,0.0122828275275826,0.00704968850315144,-0.00130808711128312
2010-11-11,-0.0129539969572477,-0.0133705769429503,-0.0124224263589257,-0.00966340564472093,-0.0137871569286528,-0.00758675021537975,-0.00856654187387866,-0.00966340564472093,-0.0115453256114772
2010-11-12,-0.0356818307334682,-0.0255184500201114,-0.0264304372473788,-0.0278967921520768,-0.0153550693067546,-0.0238254630864627,-0.025301779291613,-0.0278967921520768,-0.0218356772434051
2010-11-15,0.028335155585637,0.0125098506623795,0.0138212805581049,0.00695441224052032,-0.00331545426087809,-0.00848082348655571,-0.000172502207851921,0.00695441224052032,0.00457206216869474
2010-11-16,-0.0244507937900924,-0.0214355119403229,-0.0241233246742285,-0.0237057145509342,-0.0184202300905534,-0.0204365571358024,-0.0234573548045481,-0.0237057145509342,-0.0199520190392843
2010-11-18,-0.00249805812310022,-0.0124694972630447,-0.010724706734065,-0.0102063617633712,-0.0224409364029893,-0.0155461316271395,-0.0127757963101282,-0.0102063617633712,-0.00230226737895502
2010-11-19,-0.0267479470347985,-0.0298718947541453,-0.0293960001179893,-0.0286793630424346,-0.0329958424734921,-0.0297626471446312,-0.0293231683783132,-0.0286793630424346,-0.019234669536393
2010-11-22,0.0207971745351776,0.0244366926725808,0.0252606324280731,0.0254997485752538,0.0280762108099839,0.02714665391339,0.0270672732552792,0.0254997485752538,0.0161808145595293
2010-11-23,-0.0196699676880455,-0.013276960927056,-0.0110684755624939,-0.0119112775724025,-0.00688395416606646,-0.0106618188840973,-0.00932504753385477,-0.0119112775724025,-0.012070229986226
2010-11-24,-0.0362420648699664,-0.0268513682600418,-0.0294792180843911,-0.0217871903220745,-0.0174606716501172,-0.00808588934262094,-0.0169688988061106,-0.0217871903220745,-0.0138164491419996
2010-11-25,-0.0308056434209358,-0.0342087361729997,-0.0313508855790267,-0.0265418769256573,-0.0376118289250635,-0.0248633399453064,-0.0251206214272311,-0.0265418769256573,-0.0185740444099115
2010-11-26,0.00240583042136344,-0.01155436689912,-0.0165002963476587,-0.0199690710052093,-0.0255145642196035,-0.0279449795987323,-0.0274273714807335,-0.0199690710052093,-0.0164685937729241
2010-11-29,0.0132250328533854,0.0113424051026353,0.0103671620963991,0.0103267282040175,0.00945977735188519,0.00983260193937907,0.00936062665422825,0.0103267282040175,0.0082887960206929
2010-11-30,0.0324189385763221,0.0290538612614442,0.024187989133739,0.0223460315023892,0.0256887839465663,0.0212544712774529,0.0189883958110782,0.0223460315023892,0.0143689523640399
2010-12-01,0.0136846491109854,0.0132823680974463,0.0132933822642871,0.0145180186468086,0.0167766840681804,0.0244271885458268,0.0265983852629156,0.0310946177256751,0.022603707800112
2010-12-02,0.00338448371592959,0.0050292070355753,0.00611318467096574,0.00381549969563019,0.0132769902526799,0.0131288617996052,0.0109158010889777,0.00992766639960002,0.00887355475734384
2010-12-03,-0.00154554874910995,-0.00239626920783653,-0.00414641394562161,-0.00231806896439146,-0.0338963645753149,-0.0223502498899883,-0.019745219291139,-0.0206685550492849,-0.0133986940387688
2010-12-06,-0.00131142564146014,-0.000380098083643254,-0.000285109117730646,0.000340629003560133,-0.000231971175060131,-0.0037707326294843,-0.0144834902370404,-0.0148882559969163,-0.00417757967366059
2010-12-07,0.00477186930026718,0.00327704051749322,0.00226609143640203,0.00195736091276416,-0.00460519181153518,-0.0150897105917827,-0.0205994267591839,-0.0225757806920526,-0.00825842493545553
2010-12-08,-0.00256633058700195,-0.00380595822239232,-0.00471337129411083,-0.00592903504404563,-0.0264592090361124,-0.0266804324093983,-0.0257210052440994,-0.0272116821002124,-0.0160507903385567
2010-12-09,-0.0320867214407017,-0.0324039700602327,-0.0330927544272465,-0.0335746923161903,-0.0512153862169478,-0.0401004342656567,-0.0368798646929158,-0.0394007896991262,-0.0330077735105895
2010-12-10,0.00353640805885624,0.00479060005280862,0.00626218800223614,0.00559354267370732,0.0259353030082756,0.0186325382418363,0.0186325813895498,0.0207149706512114,0.0162566803194077
2010-12-13,0.00996726597349706,0.0105900575352577,0.0109247599986246,0.00983881919894491,0.0132106647843944,0.00999859526758895,0.0113738318176895,0.0139907160364461,0.0114695203053561
2010-12-14,0.00914805686931164,0.0085583820219276,0.00867990913337757,0.00606519403974468,0.0229102510311197,0.0203596009823597,0.018939048619331,0.0174086448285833,0.0107203620355714
2010-12-15,-0.0155099379744986,-0.0150194929997911,-0.0145473350139611,-0.0130568520305554,-0.0196729431249177,-0.0178910612168885,-0.0224810248969631,-0.0237207730803725,-0.0144614004569482
2010-12-16,0.00283349165422719,0.00309954786282718,0.00321910736924165,0.00256412671664097,-0.000215782091665284,-0.00214082456890641,0.00477880401344355,0.00367893036272465,0.00493401702463674
2010-12-20,-0.0118504405123403,-0.0105136376850268,-0.0093844400411434,-0.00113749036322783,-0.00123706673053792,-0.000852315595377018,-0.00557902170374847,-0.00612564333829319,-0.00320209708375078
2010-12-21,-0.0011411919156139,-0.000738494451174965,0.000324002227642469,0.00128706587747793,0.00590838057138954,0.00594503534997137,0.00870357335565057,0.00966104693146019,0.00773517296546465
2010-12-22,-0.00206197627996074,-0.00240718996006295,-0.00221934671313688,-0.00209028578657811,-0.00360751683900828,-0.000506785441654223,-0.000689763043579557,0.00127350339639545,-0.000289989169283934
2010-12-23,0.00942995310668238,0.00868483996254299,0.00795350546375044,0.0044236513664421,-0.00620520290487647,-0.00157016237359764,-0.00131486882630879,-0.0012842232785916,-0.000568131798863497
2010-12-24,0.0127134945233618,0.0115928581833455,0.0106877307614497,0.00640367948259379,0.0154087933835318,0.0110428599289883,0.00806314116802409,0.00601873120032953,0.0051052994136041
2010-12-27,0.00690231044628509,0.00636351774647004,0.00564462931271762,0.00421244151300268,0.00251960707678678,-0.00139410971968995,-0.00251842344288888,-0.00353522946410742,-0.00272518229663318
2010-12-28,0.00629442310909267,0.00571390360853752,0.00586174591265346,0.00331611511815658,-0.000823896641256705,0.000228148443393861,-0.00189615988774927,-0.00191018201496951,0.000960645174929121
2010-12-29,0.00217520863434029,0.0021490939409422,0.00272199025904111,0.00402114479547439,0.00960618041827077,0.00599130477263654,0.00717385653873411,0.00696232483126941,0.00817873407614875
2010-12-30,0.00300868371410967,0.00354121543099351,0.00396195263268565,0.00527357140748874,0.00986517508173734,0.00689737754267117,0.00511832907848368,0.00556213111318449,0.00576987581885556
2010-12-31,0.00390747328456476,0.00406528196835276,0.00470625260977179,0.00535286681244374,0.00756706007215002,0.0107748808365279,0.012952745811014,0.0134542189085798,0.0102406651645027
2011-01-03,-0.00232244362274608,0.00109159486665553,0.00232551349566669,0.0029979632156492,0.00621374822714777,0.0106440960882123,0.00834474487902931,0.00717151118333792,0.00659161923919209
2011-01-04,0.00264921709055388,0.00705918172345532,0.00787658075054224,0.00784740867774875,-0.00832249414014818,-0.00436380074679843,-0.00924311878066294,-0.0130061948863033,-0.00366556212470415
2011-01-05,-0.000568311964886048,0.000297977437362262,0.000108548331795596,-0.000283788326531448,-0.0281542922651561,-0.0159796708241214,-0.0200983799938009,-0.0195096852844723,-0.012465732007504
2011-01-06,0.00505081789305195,0.00200252885059854,0.000863749324207519,0.000261931798882786,-0.0171043957950249,-0.0149608606416355,-0.0149364018940181,-0.0158559647270294,-0.0104234466744536
2011-01-07,-0.0281150734709523,-0.0247890934622522,-0.0231125214094867,-0.0222631334401088,-0.0361824920578891,-0.0319004633667178,-0.0315088610962915,-0.0258816083565958,-0.0228314628105208
2011-01-10,-0.00222711499827521,-0.01218977179379,-0.0143676190693584,-0.0152296235455034,-0.0181487239493204,-0.0250154999733522,-0.0251293700636798,-0.0240187683752384,-0.0233372476610695
2011-01-11,-0.0168054729327781,-0.00923634316263899,-0.00702239397493665,-0.00614375089833663,-0.00940528322155665,-0.00556195475475652,-0.00262293176201863,0.00232572362104361,-0.00303294284300176
2011-01-12,0.0180106452984989,0.0125935608107717,0.0114718630324953,0.0112367448587844,0.0316222500447148,0.0364322490874637,0.0321167170559558,0.02821310605771,0.0190988456091383
2011-01-13,-0.0355135391875726,-0.0209161191173295,-0.0160453538777551,-0.0135516361376068,-0.00781470997789901,-0.013752336180278,-0.0166181351348957,-0.0218724313625545,-0.0126411707124228
2011-01-14,0.000596481156198925,-0.00313645599063145,-0.00382921855627076,-0.00422002221684709,-0.0186900244454705,-0.0157307726135183,-0.0155581441052273,-0.0165653877385157,-0.0166272167746747
2011-01-17,0.0155690104183801,0.00480740111953176,0.00133714492172676,-0.000708821216465316,-0.0178032532455603,-0.00876731658686569,-0.0107793584352434,-0.00708399262772624,-0.00626940120716853
2011-01-18,0.0254399809261692,0.0208094255913698,0.0186315744720846,0.0165442261390328,0.0146202290076336,0.0113383335207702,0.0115844790871118,0.0105791715656667,0.00840702805069327
2011-01-19,-0.0127361250285897,-0.00940882236259849,-0.00766258235051091,-0.00655713689199874,-0.00409095269353965,-0.00586301250413862,0.000835603755527085,-8.17586390658431e-06,0.00024537515980118
2011-01-20,0.0119238389744167,0.00595649187259067,0.00455241229076035,0.00375595872130216,0.0151750943367719,0.0100854868044196,0.0123875952075089,0.0123088807676739,0.00384459694667712
2011-01-21,-0.0141346912755752,-0.00800271471054187,-0.00553501034723395,-0.00402755862260035,0.00141947942498999,0.00378959696525161,0.00497317100967454,0.00820969577603919,0.000586811706877505
2011-01-24,0.0064085046437603,0.00234144737198988,0.00158130258782674,0.00183244994577356,-0.00457565151481376,0.00492530814618081,0.00606619533864764,0.0118849154689921,0.00871508528497411
2011-01-25,-0.00721034945208476,-0.0110533759545779,-0.0119796384442422,-0.0116775982503741,-0.00480384307445958,0.00380967309046715,-0.00149337484400736,-0.00277625933066541,-0.00743034012587684
2011-01-27,-0.012586482308044,-0.0199053163641936,-0.021418063734861,-0.0219397659023744,-0.0239101204507479,-0.0226981034844763,-0.0244761142160892,-0.0232547651631525,-0.019953825211597
2011-01-28,-0.0113606512607773,-0.0103917207073456,-0.0107526847433938,-0.0112861157309795,-0.0279098630731782,-0.0333411043095634,-0.0292593909955959,-0.0261082678353534,-0.0211256098928099
2011-01-31,-0.0133248447188629,-0.00336855675373887,0.000214613806386062,0.00177799731418524,-0.00511690416427835,0.000520978257601279,0.0053082299473672,0.00809904667514957,-0.000452122500853819
2011-02-01,-0.0104132226997856,-0.00634415723842538,-0.00498780208463863,-0.00430962450774526,-0.0170987050297661,-0.0144533641836028,-0.0156085204064863,-0.0141877777929092,-0.0162236186323948
2011-02-02,0.00913116518679269,0.0046707579460965,0.00318395553253111,0.00244055432574841,-0.00687503646957821,-0.00566951301620566,-0.00627919829733662,-0.00514754993125432,0.000672266250667367
2011-02-03,0.00535062764410843,0.00278409302927141,0.0019285814909924,0.00150082572185289,0.0208770063350772,0.0165897821504605,0.0133839636773939,0.0134315100848889,0.0137380086791915
2011-02-04,-0.0211093391264396,-0.0104459140166869,-0.00689143898010269,-0.00511420146181057,-0.0116710722669179,-0.0115404181959932,-0.00932426874487391,-0.0101917320701212,-0.017684851299196
2011-02-07,0.00157084681937425,0.00111161909810498,0.000958543191015219,0.00088200523747034,-0.0053283529940269,-0.00540943229548196,-0.00266932252844065,-0.00324358377826153,-0.00364552351238671
2011-02-08,-0.00200720535254761,-0.000894941669638272,-0.000524187108668491,-0.000338809828183601,-0.0159326896136427,-0.0244576785920867,-0.0195847718279009,-0.0203870222837355,-0.0193503461155433
2011-02-09,-0.002712870050946,-0.00124779762813532,-0.000759440153865087,-0.000515261416729973,-0.0185831268777542,-0.025674648963257,-0.0344041361067449,-0.032924106031844,-0.0251538587874182
2011-02-10,-0.0157867019387393,-0.0077847371710727,-0.00511741558185049,-0.00378375478723939,-0.0140789268579939,-0.0086127752877419,-0.00468539805623909,-0.000979422503398136,-0.000677213600037411
2011-02-11,-0.000111993230631269,4.8973920540818e-05,0.00010262963759818,0.000129457496126861,0.0383470980010672,0.0318386698023886,0.0311445816580511,0.0323422914280361,0.0213220767501312
2011-02-14,0.0222324548485364,0.0114419296745089,0.007845087949833,0.00604666708749507,0.0376795472617455,0.0339860716077673,0.0313679638547977,0.0313538855963224,0.0282807423086656
2011-02-15,-0.00204124422560548,-0.000904892255222833,-0.000526108265095286,-0.000336716270031512,0.0182361776580331,0.0108032975116649,0.0154239617605809,0.0152513058696139,0.00465782970342296
2011-02-16,0.00103016485348628,0.000630785503721865,0.000497659053800392,0.000431095828839656,0.0016052167542997,0.00559708252340319,0.00182653551588952,0.000744845055650478,0.00227738534710162
2011-02-17,0.00454972606857629,0.00239053934305711,0.00167081043455071,0.00131094598029752,0.0123875201579464,0.0097711899772841,0.0124815827108013,0.0134032074961215,0.0099423419502088
2011-02-18,-0.00888974558747802,-0.00432922324079671,-0.00280904912523627,-0.00204896206745606,-0.0133807848849833,-0.0156655130638931,-0.017433608431106,-0.0178751191118891,-0.0174204491303331
2011-02-21,0.0266500378771908,0.0136682741542681,0.00934101957996051,0.00717739229280673,0.00663008184569946,0.0110436191358351,0.00933033317856309,0.00661944389128757,0.00654493830450047
2011-02-22,-0.00674556808758109,-0.0032608512901004,-0.0020992790242735,-0.00151849289136005,-0.0195684448392848,-0.0053830198139968,-0.00409490154654265,-0.00514998305886355,-0.00985855580186857
2011-02-23,-0.0158020950313027,-0.00778913981423557,-0.00511815474187986,-0.003782662205702,-0.0225172355775566,-0.0164658300675339,-0.00821574794388543,-0.00833784081915664,-0.00604199205720272
2011-02-24,-0.0219154766196069,-0.0108458556494503,-0.00715598199273149,-0.00531104516437206,-0.0369035447726372,-0.0335978371701495,-0.0325740120113586,-0.0327697087727703,-0.0315746137912679
2011-02-25,-0.00397503858655435,-0.00187926997344373,-0.00118068043574019,-0.000831385666888423,0.0237700470276136,0.0128756919633892,0.011084397813098,0.00865061456483268,0.00571130625730505
2011-02-28,-0.00201701245679076,-0.000676613501896683,-0.000229813850265326,-6.41402444964689e-06,0.0135093922140637,0.00375843282618094,0.00949698263224693,0.011141116373472,0.00458885460036543
2011-03-01,-0.00227648153088516,-0.00102648153088516,-0.000609814864218497,-0.000401481530885164,0.021871013643337,0.0264604409325283,0.0250636900350354,0.0254017127140368,0.033249571924406
2011-03-03,0.000446937039546791,0.000446937039546791,0.000446937039546791,0.000446937039546791,0.00374198601970166,-0.000769738666047626,-0.00269123346446232,-0.00135385878939723,0.00191875171981438
2011-03-04,0.000223368688033299,0.000223368688033299,0.000223368688033299,0.000223368688033299,-0.00561453212939111,-0.00120773712141659,0.00036132284325896,0.00024153415915279,0.00301143331404782
2011-03-07,0.000669956416813777,0.000669956416813777,0.000669956416813777,0.000669956416813777,-0.00480855354410104,-0.0122854964037891,-0.0112982852797645,-0.012546407970452,-0.013145173972902
2011-03-08,0.000223169291905467,0.000223169291905467,0.000223169291905467,0.000223169291905467,-0.000162859609016852,0.0067047040950905,0.010628530440479,0.0115382219449996,0.00946403320456255
2011-03-09,0.000223119498484969,0.000223119498484969,0.000223119498484969,0.000223119498484969,-0.00294309529953474,-0.00156188702128957,-0.00151768029470974,0.000610925648245608,0.00424236808290253
2011-03-10,0.000230265524933326,0.000230265524933326,0.000230265524933326,0.000230265524933326,-0.00307129849203713,-0.00698034140720494,-0.0063150751503798,-0.00612216211649491,-0.00355817144063061
2011-03-11,0.000215824232744799,0.000215824232744799,0.000215824232744799,0.000215824232744799,0.00171977499754172,-0.00464474674019782,-0.00824436986126046,-0.00744627596094308,-0.0093370605162131
2011-03-14,0.000661718165602121,0.000661718165602121,0.000661718165602121,0.000661718165602121,0.00816911303820755,0.0115268736317629,0.0126303011538106,0.0113348588720359,0.0100605095064905
2011-03-15,0.000222822805554745,0.000222822805554745,0.000222822805554745,0.000222822805554745,-0.0152100541788791,-0.0135351661854078,-0.015518601585545,-0.0147984723371485,-0.0157002147256982
2011-03-16,0.000222773166612678,0.000222773166612678,0.000222773166612678,0.000222773166612678,0.00315403520517266,0.0139998149466494,0.011538200967588,0.0129205039090543,0.0139039584411892
2011-03-17,0.000229908180420457,0.000229908180420457,0.000229908180420457,0.000229908180420457,-0.0145742904985722,-0.0110173430891238,-0.0122691524532276,-0.00834468003343791,-0.00502086495983362
2011-03-18,0.000222672355586262,0.000222672355586262,0.000222672355586262,0.000222672355586262,-0.00290813963281134,-0.00764997014481889,-0.00917969372287349,-0.0104581848110196,-0.00892537053527781
2011-03-21,0.000682231111174936,0.000682231111174936,0.000682231111174936,0.000682231111174936,-0.00302044098614362,-0.00195833778236398,-0.00373654391911985,-0.00422612786070034,-0.00235368990208919
2011-03-22,0.000229647491101215,0.000229647491101215,0.000229647491101215,0.000229647491101215,0.0072708435555211,0.0083928192524424,0.00708651784111821,0.00902754901457953,0.0104729170498325
2011-03-23,0.000222419928825657,0.000222419928825657,0.000222419928825657,0.000222419928825657,0.00804366586501604,0.00687857891804955,0.00773185806527706,0.0075165975000962,0.0112176269992193
2011-03-24,0.000229543710143609,0.000229543710143609,0.000229543710143609,0.000229543710143609,0.00388674889794327,0.00511191651339871,0.00669043430108673,0.00795575239494328,0.00810121002363406
2011-03-25,0.000222319437173324,0.000222319437173324,0.000222319437173324,0.000222319437173324,0.0159196847230592,0.0175519385953324,0.0252175268983952,0.0214561156816496,0.0163536507933669
2011-03-28,0.00067398006739805,0.00067398006739805,0.00067398006739805,0.00067398006739805,0.00854499094965533,0.0117294479368796,0.00694013745274931,0.00564718673640577,0.00512824836049035
2011-03-29,0.000229285489094622,0.000229285489094622,0.000229285489094622,0.000229285489094622,0.00263379590236457,0.0045900942297874,0.00647801603583953,0.00763716352337901,0.00531329595810925
2011-03-30,0.000236396458351162,0.000236396458351162,0.000236396458351162,0.000236396458351162,-0.00249119317702973,0.0114761001805134,0.00892987960144535,0.0150865454585265,0.0148840422631468
2011-03-31,0.000257826096297986,0.000257826096297986,0.000257826096297986,0.000257826096297986,0.0202986759308699,0.00188998404389595,0.00782523689483032,0.00552253970622338,0.00280452979961765
2011-04-01,0.000243439659184608,0.000243439659184608,0.000243439659184608,0.000243439659184608,0.00697847596083884,-0.00264545421815124,-0.00585737621022175,-0.00510693602436867,0.00718617815720366
2011-04-04,0.000773090716468916,0.000773090716468916,0.000773090716468916,0.000773090716468916,0.0150416966951508,0.0150842660432288,0.0161908464828715,0.0177004256983905,0.0124679531399384
2011-04-05,0.000236039683277678,0.000236039683277678,0.000236039683277678,0.000236039683277678,0.0126482133257599,0.0116727459230423,0.00762929761565164,0.00730154300110814,0.00554487457068904
2011-04-06,0.000214530892448606,0.000214530892448606,0.000214530892448606,0.000214530892448606,0.00848875177788022,0.00308259533932781,0.000110681282431931,-0.00138563982325629,0.00246914302164139
2011-04-07,0.000207335382855556,0.000207335382855556,0.000207335382855556,0.000207335382855556,0.00632414796569503,0.00616787455054646,0.00480322850529524,0.00169665353184689,0.00423016878122689
2011-04-08,0.000207292403805681,0.000207292403805681,0.000207292403805681,0.000207292403805681,-0.0173012344277786,-0.0168024470525913,-0.0135029809274824,-0.0117411504546417,-0.0113969438124903
2011-04-11,0.000636041392716225,0.000636041392716225,0.000636041392716225,0.000636041392716225,-0.0164207323044012,-0.00808164822121649,-0.00754170105434733,-0.00603928843471427,-0.00796806943084154
2011-04-13,0.000464229343579703,0.000464229343579703,0.000464229343579703,0.000464229343579703,0.0116200409968934,0.0116767030426412,0.014730979660999,0.016227163858224,0.0162658229104196
2011-04-15,0.000464013934695418,0.000464013934695418,0.000464013934695418,0.000464013934695418,0.00404755115584843,0.00137737237039753,-0.00200470355701654,-0.017379329374764,-0.00693787442307618
2011-04-18,0.000692130405930858,0.000692130405930858,0.000692130405930858,0.000692130405930858,-0.0113698909003174,-0.0124168113260711,-0.0138433389278707,-0.0173651716176362,-0.0140553812429788
2011-04-19,0.000221043324491577,0.000221043324491577,0.000221043324491577,0.000221043324491577,0.00393523638110782,-3.0466576795507e-05,0.00133758921813421,0.00165771166235446,0.00297430523046651
2011-04-20,0.000228123329174768,0.000228123329174768,0.000228123329174768,0.000228123329174768,0.0182215503510865,0.0165925471222356,0.0170408966125864,0.0183919178019808,0.0142269927665738
2011-04-21,0.000228071300790278,0.000228071300790278,0.000228071300790278,0.000228071300790278,0.00106189056310035,0.0045678607579176,0.00587634100968655,0.00303966846199419,0.00302865017306242
2011-04-25,0.000933453993544386,0.000933453993544386,0.000933453993544386,0.000933453993544386,0.00686391414517806,0.011765384942824,0.00740184218816549,0.0075684831539502,-0.000851080752843932
2011-04-26,0.000227806649106599,0.000227806649106599,0.000227806649106599,0.000227806649106599,-0.00253637402141116,-0.000326227698140558,-0.000533695365954157,-0.000730592547563608,-3.7863917179282e-05
2011-04-27,0.000227754765056654,0.000227754765056654,0.000227754765056654,0.000227754765056654,0.00335167893142052,4.88407539441793e-05,-0.00243482358780415,-0.00242127800642078,-0.00226446139117532
2011-04-28,0.000234818620405086,0.000234818620405086,0.000234818620405086,0.000234818620405086,-0.00724551931563255,-0.0142304483698275,-0.012177154192881,-0.0120472077278423,-0.00970883100209633
2011-04-29,0.000227649448306,0.000227649448306,0.000227649448306,0.000227649448306,-0.0106682294861321,-0.0179963887771277,-0.0177329075791887,-0.0137224542723968,-0.00903184019347379
2011-05-02,-0.0175682148214105,-0.0133464617064074,-0.014067432344179,-0.0149706346470837,-0.0154444709396453,-0.0258163153149035,-0.0241753520889275,-0.0220088574716262,-0.00903604908969116
2011-05-03,-0.0280674078905456,-0.0238033132807572,-0.0245166058538589,-0.0267006763280888,-0.0235390396744867,-0.0310219842458561,-0.0309250415305505,-0.0296795788979284,-0.0222335139333954
2011-05-04,-0.0258752805236233,-0.0124062759104918,-0.00824461773280734,-0.0114668309343338,0.00151954653807085,0.00292948244374536,0.00241401463177556,0.00183018562947207,-0.00643088758417219
2011-05-05,-0.0215032057752015,-0.0211429133943522,-0.0189820045787984,-0.0222173082309528,-0.00096717597649576,-0.00541565280667489,-0.00920742909092735,-0.0105706185551182,-0.0153715170557009
2011-05-06,0.0168608496898965,0.0144825230220441,0.022485656354853,0.0220052918325742,0.0104013360471793,0.0206198281146769,0.0266391899732967,0.0296023732350902,0.0156483904144067
2011-05-09,-0.00170353362466225,0.00447736619214989,0.00155423616066253,0.000943016144493075,0.00156764099729867,-0.00288115906500541,-0.00397320700510044,-0.00405291122940338,-0.00142495322267204
2011-05-10,0.00176773053077084,0.0061600490844923,0.00131999208786215,-1.38596278510816e-05,-0.00283126145848644,-0.00100471379449718,-0.00268979163651761,-0.00410737420373775,0.000228927491329189
2011-05-11,-0.00159716631782325,0.00276364483815755,0.00345487476690894,0.00262778901314334,0.0061052713238432,0.00714602026425926,0.00626752039618498,0.00590997395324167,0.00589090159792287
2011-05-12,-0.0168132002812413,-0.0137760315566859,-0.0150329420668822,-0.0133174360763395,-0.00692409709157082,-0.00864545262562599,-0.0109356313572232,-0.0125884142897361,-0.0101997835812533
2011-05-13,0.0154047519854612,0.0180589174293909,0.0179365113417551,0.0147513971941179,0.0110124177627322,0.00778351583373438,0.00927676645523978,0.0113804996330507,0.0107855111960111
2011-05-16,-0.00422243544390488,-0.00791835664722246,-0.00913762430029215,-0.0114350952607263,-0.0004812652155326,-0.00512542618551121,-0.00670191513566017,-0.00792047625335301,-0.00680420105369555
2011-05-17,-0.0136002335917984,-0.00306444115352855,-0.00461918951212888,-0.00519905979604787,0.00778590801871704,-0.0186743665680948,-0.0198875879597379,-0.0168478625271358,-0.00820128780919845
2011-05-18,-0.00744643761635067,-0.00202589925460933,-0.00188324580812393,-0.000396954656520121,-0.0073293027251079,-0.0116146878115885,-0.00992354456543606,-0.00784214315286533,-0.00577726118471356
2011-05-19,-0.00886424940518404,-0.00410441623963975,-0.00300659306334135,-0.00372584630796971,-0.00351505997107049,-0.00716129898411366,-0.00605421184268351,-0.00474339555969877,-0.0060002467953325
2011-05-20,0.00468406781701058,-0.000416350012339306,0.00394891748417884,0.0065265204073412,0.00608377522916914,0.00679399516229584,0.00844093002782157,0.00950056064016996,0.00916323836414322
2011-05-23,-0.0117770382695507,-0.00338369083761308,-0.0109299872150239,-0.00935648610930123,0.00189989785495404,-0.0116067146162505,-0.0169850055562056,-0.0192443991596156,-0.0167023467463795
2011-05-24,0.0104222439983701,0.000431032246361429,0.00261697047689295,0.00525325219875628,0.0116759782231919,0.00756256783958509,0.006884313100884,0.00691044656015199,0.00302188778903328
2011-05-25,0.00242288106220179,0.00313370143916247,0.00070350943202017,-0.00692065589718938,0.00950809346853942,0.000923195643819263,-0.00161537130706239,-0.0022507471258629,-0.00645712530665388
2011-05-26,0.00188175528537182,0.000712013176620729,0.00492602882705103,0.00463024079759577,-0.00500126029762993,-0.000122248548662718,0.00354004941292563,0.00599355209167213,0.00566804902782191
2011-05-27,0.00529286641070659,0.00548644859208836,0.0122592775181098,0.0116464278073026,-0.00177077716048613,0.00784615357391755,0.013329561922708,0.0164484052845692,0.013681206396189
2011-05-30,-0.00585586775113556,-0.00312314135379604,0.000150643700686218,0.0025056306459211,0.0204151371017791,0.0113422249024985,0.00938951434012791,0.00871668920750862,0.00750217497561024
2011-05-31,0.0235813660059103,0.0234882966596646,0.0229076699833782,0.0187453218742265,0.0131465549082277,0.0177218762164247,0.0192163874404749,0.0198488947380576,0.0161862624367939
2011-06-01,-0.0050640838686315,0.000783631434699175,0.00209593960271374,0.00143881845759109,-0.00256408386863149,-0.000171763964944309,-0.00212989963069232,-0.00300519988868232,0.00486461666372232
2011-06-02,0.00325781314723783,-0.000105580695459517,0.0028327752980873,-0.00109923495781913,0.00325781314723783,0.00598365021620939,0.00408129680330142,0.0027636008515857,-0.00765002184230399
2011-06-03,0.00258904392388315,-0.000625809457053872,-0.00247673532460964,-0.0027221382261301,0.00258904392388315,-0.00179477156791902,-0.00449316973280493,-0.0055437077977811,-0.00470490551804218
2011-06-06,0.00214146768055312,0.00637381063561526,0.003033322192131,0.00370844127358447,0.00214146768055312,-0.0007530935071422,0.00285172637569867,0.00388684563542871,0.00270092167381633
2011-06-07,0.00776677907103207,0.00281533022428926,0.00164495607246144,0.00223304946752903,0.00776677907103207,0.00353549341991893,0.00533698239073999,0.006588451819768,0.00598580216354408
2011-06-08,0.00587913590374622,0.00112105419309827,0.00344473405734758,0.00124859364100818,0.00587913590374622,0.00698561484479621,0.000865530019010056,-0.00189811851717561,-0.00368289349118899
2011-06-09,0.00919282030003643,0.00486946436924485,0.00293950748088852,0.00270959308452112,0.00919282030003643,0.00413620700210615,0.00127046508364407,0.000225840766370528,-0.00194812945877966
2011-06-10,0.0045557225357038,-0.00179596676597399,-0.00130972156515992,-0.00241124266216919,0.0045557225357038,0.002109245686086,0.00133067593498748,0.000515100286608478,-0.00463819821618617
2011-06-13,0.0106860927900041,0.00565620710980497,0.00340202539948664,0.00336864031288031,0.0106860927900041,0.00478987738442704,0.0044372266655562,0.00417399072164554,0.00164578346997466
2011-06-14,0.000784313725490149,0.00707657628609415,0.00838196387439967,0.00898783102167044,0.000784313725490149,0.00588852638825044,0.00615959706532609,0.00630699759987757,0.00496034967152448
2011-06-15,-0.00951601350659981,-0.00706981321136252,-0.00408029196945644,-0.00731984995452922,-0.00951601350659981,-0.00380863149612204,-0.00267567232482768,-0.00170578149971243,-0.00772777522254826
2011-06-16,-0.0129202667167543,-0.00989821735738716,-0.00713252560241044,-0.00698470367173631,-0.0129202667167543,-0.00726070440460563,-0.00471240729003223,-0.00378939523851024,-0.00581098980595841
2011-06-17,0.0028995021609497,-0.00117601100453196,-0.00252382634660331,-0.00187312515126983,0.0028995021609497,-0.00115997743489815,-0.00528011554224354,-0.00705524205067873,-0.00640273810211432
2011-06-20,-0.0124111793110645,-0.0160179475987313,-0.0170180262360059,-0.0153503787033188,-0.0124111793110645,-0.0157146814108098,-0.0174957039685467,-0.0180647225715552,-0.0256405054694642
2011-06-21,-0.0014601239664459,-0.000839315982104516,-0.00273671567664546,-0.00110913656890907,-0.0014601239664459,-0.00399581951608663,-0.00033743687693244,0.000539997983777241,-0.00121853972825311
2011-06-22,-0.0281893721665725,-0.0221516143006862,-0.0171870404644754,-0.0125696736537959,-0.0281893721665725,-0.0177236324793131,-0.0114756317860273,-0.00845976500215967,-0.00408536896342417
2011-06-23,0.0203106361706025,0.00949455996418863,0.0136051753175074,0.0110631352066881,0.0203106361706025,0.0210685210973737,0.0118427964066051,0.00724614999502102,0.00237110474971012
2011-06-24,-0.00883135531348767,0.00615347707477659,0.0101455482917269,0.0144737006954931,-0.00883135531348767,0.00464916770606988,0.00737997367307556,0.00884712913496369,0.0235938250169722
2011-06-27,-0.00324735708692248,0.00104928904126889,-0.000672700620567975,0.00439875656195296,-0.00324735708692248,-0.00368201851558209,0.000735338068491835,0.00294314572443197,0.010203739308979
2011-06-28,0.00837194000682517,0.00747819792179916,0.00591861066616373,0.00481610235597302,0.00837194000682517,0.00558568808085902,0.00578343944227311,0.00610843722007376,0.0037819029462507
2011-06-29,0.0149589869571465,0.00938937341334178,0.0151075590965538,0.0136848911441911,0.0149589869571465,0.0207514587100622,0.016131254269735,0.013571556341879,0.00796399460730741
2011-06-30,0.00854948940549383,0.0111546784111511,0.0133647946007496,0.0117512863798945,0.00854948940549383,0.0131672581927201,0.00842904811791956,0.00635874201978073,0.00557286274185219
2011-07-01,-0.00789468522527498,-0.00515681574853852,0.000391385909682648,-0.00103028059294134,-0.00789468522527498,-0.0061021232510107,-0.00516227435561028,-0.00385144233465823,0.00445464242902823
2011-07-04,-0.00448684331618843,0.00479616214216039,0.00311335038711905,0.00381534666963465,-0.00448684331618843,0.00108710857117023,0.00286285440221875,0.00566693270179136,0.00983947654919744
2011-07-05,-0.0106473285198291,-0.00501448456185255,0.000851961187123865,0.000287380986112418,-0.0106473285198291,-0.00597125671816456,-0.00458391831993088,-0.00328334889091716,-0.000697958687473883
2011-07-06,0.00110051547729673,0.00614847382861461,0.00649037261222962,0.00401493304341449,0.00110051547729673,-0.00218012833078796,-0.00314922434329157,0.000437189787514447,-0.00102399383464739
2011-07-07,0.0273307835960481,0.0204610706339402,0.0156143100805871,0.0158174245831296,0.0273307835960481,0.0231326575233128,0.0212770291651724,0.0193556112918374,0.0145083572800133
2011-07-08,-0.010813087036842,-0.00932679955011317,-0.00835652834036219,-0.00789400915849744,-0.010813087036842,-0.00900958451760647,-0.00834716919980475,-0.00822050491569964,-0.00901272796359318
2011-07-11,0.00408356064328119,0.00285513411205407,0.00208938146318209,0.0011238298165204,0.00408356064328119,0.00110097965651645,4.30634807095192e-05,0.000438974505738876,-0.00765745657566508
2011-07-12,-0.0031761726792523,-0.0119057480541228,-0.011124579266261,-0.00957376781880875,-0.0031761726792523,-0.00389885451934363,-0.00455654511510928,-0.00857623969358026,-0.0128086803440301
2011-07-13,0.00629174498878049,0.011451430340033,0.0126632904516569,0.0128185541216103,0.00629174498878049,0.0104957505469754,0.0116806907116808,0.012913296956582,0.0127919628107299
2011-07-14,-0.00306070457723329,0.00195098519374504,0.00224228943663007,0.00363582497842357,-0.00306070457723329,0.00308426437175013,0.00480110390213095,0.00534149666777906,0.00738840349099169
2011-07-15,-0.00614238039200599,-0.00262939651365268,-0.000842753962384313,-0.000891339312978218,-0.00614238039200599,-0.00433458577322238,-0.00347552326301552,-0.00238574560608648,-0.0026518150146179
2011-07-18,0.0014433703574388,0.00395979486752984,0.0046931003393275,0.00172945910659456,0.0014433703574388,-0.00443542662308083,-0.00613168273628691,-0.00297970720780996,0.00086711764091749
2011-07-19,0.00690812651258854,0.00866314608767804,0.0105350842113821,0.00921484348914609,0.00690812651258854,0.00745501448063257,0.0072400232284362,0.00803455883701903,0.00627263460364796
2011-07-20,0.00276790791508663,-0.00520579090742912,-0.00479568224832505,-0.00764035999111087,0.00276790791508663,-0.00681915908333541,-0.0100080180967902,-0.0108008860050789,-0.00977408577133605
2011-07-21,0.00158854456376778,-0.00648138724657266,-0.0066359201908844,-0.00676602257964395,0.00158854456376778,-0.00340773919079751,-0.00474856870069544,-0.00719925628974985,-0.00573524030143456
2011-07-22,0.00430729506630079,0.00209320659324724,0.00428327251983869,0.00585256167042883,0.00430729506630079,0.00880090175554171,0.00983247012700716,0.0073441321253038,0.0147764823915287
2011-07-25,-0.00641384258185351,-0.00158179341963499,0.00110090127067704,0.00367562163735255,-0.00641384258185351,0.00250851503384625,0.00554300483733842,0.0049698175636497,0.00931745743754212
2011-07-26,-0.0166408148455468,-0.0116528292452698,-0.0116301281376259,-0.00941398779429917,-0.0166408148455468,-0.0119930495270884,-0.00978665626060948,-0.00900620310670533,-0.0162259851024269
2011-07-27,0.000707091421334516,0.00401277649066545,0.00419753405463015,0.00321022588915887,0.000707091421334516,-0.000439596603021397,-8.55221110195684e-05,0.00176547380673442,-0.00124819098342539
2011-07-28,0.0108427319101116,0.00308799633772849,-0.00338197320345205,-0.00245104674033697,0.0108427319101116,0.00745100062081594,0.00503987167944893,0.00261321895092304,-0.00905685208887449
2011-07-29,0.00823120023077584,0.00351643406146057,-0.00150714512719907,-0.00239449884346563,0.00823120023077584,0.00118167631593397,-0.000998073743414207,-0.00104813833452433,-0.00537530411728192
2011-08-01,0.000931134261344502,-0.000728378574501198,0.000965462470578401,0.00197522651369543,0.000931134261344502,-0.0019783785745012,0.000965462470578401,0.00270339489078239,0.00151174843134367
2011-08-02,-0.0133175216564531,-0.0121874093859906,-0.00740805351706168,-0.00570752305890262,-0.0133175216564531,-0.0121874093859906,-0.00740805351706168,-0.00517106128188882,-0.0123527990833517
2011-08-03,0.00306782714793497,-0.00215803592176916,-0.00489329612347148,-0.00592182485223186,0.00306782714793497,-0.00215803592176916,-0.00489329612347148,-0.00604163098102109,-0.00621298071248102
2011-08-04,-0.0202611026841414,-0.0122037644298379,-0.0134194371834018,-0.0127111437791503,-0.0202611026841414,-0.0122037644298379,-0.0134194371834018,-0.0132959111980403,-0.00969971170068055
2011-08-05,-0.0158067282738238,-0.0209868601081888,-0.017768041836363,-0.0174966449968913,-0.0158067282738238,-0.0209868601081888,-0.017768041836363,-0.0167715180500951,-0.0206291498074157
2011-08-08,-0.00760514796086975,-0.004841417148232,-0.00510703820698832,-0.00620768700418423,-0.00760514796086975,-0.004841417148232,-0.00510703820698832,-0.00593086016519589,-0.0155235770692179
2011-08-09,0.0121010721198658,0.00105567349239655,-0.00899546314634266,-0.0131604472906965,0.0121010721198658,0.00105567349239655,-0.00899546314634266,-0.0135348231736519,-0.0114141267192577
2011-08-10,-0.00333895459547562,0.0112801147609383,0.0114769585308548,0.012485266381851,-0.00333895459547562,0.0112801147609383,0.0114769585308548,0.0119063629510945,0.0206055594147387
2011-08-11,0.00185482472999143,-0.000667514846785955,-0.00164552310606092,-0.00229559389015249,0.00185482472999143,-0.000667514846785955,-0.00164552310606092,-0.00213179708270411,-0.00439144496213516
2011-08-12,-0.002423884971537,-0.00130784723171806,-0.00276358723961886,-0.00265023772175429,-0.002423884971537,-0.00130784723171806,-0.00276358723961886,-0.00287147309938318,-0.0101830544073074
2011-08-16,0.00486181129053298,0.000979916301235118,-0.00167592804405821,-0.00296869240943201,0.00486181129053298,0.000979916301235118,-0.00167592804405821,-0.0027689824959661,-0.0135442227839194
2011-08-17,0.0138672086070053,0.00860192305223917,0.00738524382918075,0.00570583937656932,0.0138672086070053,0.00860192305223917,0.00738524382918075,0.00645185755058347,-0.00390151421877101
2011-08-18,-0.00465960114702424,-0.0159900079222304,-0.0157472761715458,-0.0155274826785648,-0.00465960114702424,-0.0159900079222304,-0.0157472761715458,-0.0156760430548007,-0.0206467363111016
2011-08-19,-0.0157457653462277,-0.0158337918638463,-0.0148226361716648,-0.0142207472707956,-0.0157457653462277,-0.0158337918638463,-0.0148226361716648,-0.0146519353737848,-0.0145416221226093
2011-08-22,0.0122719504105007,0.0148508014412772,0.0137481674873743,0.0129768992495105,0.0122719504105007,0.0148508014412772,0.0137481674873743,0.0131890147390946,0.0104486107433316
2011-08-23,0.00480164926538418,0.00987837329284003,0.00502054122391449,0.00440614083825272,0.00480164926538418,0.00987837329284003,0.00502054122391449,0.00386258854723506,0.00812702761427469
2011-08-24,-0.00405220397554262,-0.00164791038215151,-0.00167232014810196,-0.00218614691688915,-0.00405220397554262,-0.00164791038215151,-0.00167232014810196,-0.00218960639348123,-0.00904260357057163
2011-08-25,0.000982303617592217,-0.00501424807194278,-0.00249269628445851,-0.00190208059844801,0.000982303617592217,-0.00501424807194278,-0.00249269628445851,-0.00154727588713768,-0.00828008340171243
2011-08-26,-0.019589536251819,-0.0222246106655227,-0.0178424294495522,-0.015929627542196,-0.019589536251819,-0.0222246106655227,-0.0178424294495522,-0.0157366640280214,-0.0225456064571339
2011-08-29,0.0173262002822718,0.0207686056970731,0.0163823044213938,0.0141974736578811,0.0173262002822718,0.0207686056970731,0.0163823044213938,0.014384012333243,0.0291219028999657
2011-08-30,-0.00131112024205293,0.00340512784820718,0.00815815372475426,0.00907991021595086,-0.00131112024205293,0.00340512784820718,0.00815815372475426,0.00999973781076149,0.0162562042428981
2011-09-02,0.00982424380701596,0.00401466296417272,0.0020781360165583,0.00110987254275109,0.00982424380701596,0.00401466296417272,0.0020781360165583,0.00110987254275109,0.00943184002640103
2011-09-05,-0.00109931788954676,-0.000197366279368449,0.000103284257357653,0.000253609525720705,-0.00109931788954676,-0.000197366279368449,0.000103284257357653,0.000253609525720705,0.000978245306629741
2011-09-06,0.000484261860336677,0.000359479136811558,0.000317884895636518,0.000297087775048999,0.000484261860336677,0.000359479136811558,0.000317884895636518,0.000297087775048999,0.00355755262022657
2011-09-07,-0.00339856956171414,-0.00158196410895467,-0.000976428958034847,-0.000673661382574936,-0.00339856956171414,-0.00158196410895467,-0.000976428958034847,-0.000673661382574936,0.0150682029816523
2011-09-08,-0.00248417269611589,-0.00112479319797792,-0.000671666698598602,-0.00044510344890894,-0.00248417269611589,-0.00112479319797792,-0.000671666698598602,-0.00044510344890894,0.00346466567724083
2011-09-09,-0.00237255176815498,-0.00106901024291028,-0.000634496401162051,-0.000417239480287934,-0.00237255176815498,-0.00106901024291028,-0.000634496401162051,-0.000417239480287934,-0.015219038156502
2011-09-12,-0.00106428299165162,-0.000183875241101861,0.000109594009081393,0.00025632863417302,-0.00106428299165162,-0.000183875241101861,0.000109594009081393,0.00025632863417302,-0.0209605203371904
2011-09-13,-0.000145148088459557,4.45824975847664e-05,0.000107826026266207,0.000139447790606928,-0.000145148088459557,4.45824975847664e-05,0.000107826026266207,0.000139447790606928,-0.000904496288947119
2011-09-14,0.0131220947460737,0.0066781764699716,0.00453020371127089,0.00345621733192053,0.0131220947460737,0.0066781764699716,0.00453020371127089,0.00345621733192053,0.00831331430745851
2011-09-15,-0.00262203931138605,-0.00119736215739785,-0.00072246977273512,-0.000485023580403754,-0.00262203931138605,-0.00119736215739785,-0.00072246977273512,-0.000485023580403754,0.0117782387715784
2011-09-16,-0.0127151466499995,-0.00624394165688691,-0.00408687332584938,-0.00300833916033061,-0.0127151466499995,-0.00624394165688691,-0.00408687332584938,-0.00300833916033061,0.00427319068476033
2011-09-19,-0.00980881916128851,-0.00456014943013378,-0.0028105928530822,-0.00193581456455641,-0.00980881916128851,-0.00456014943013378,-0.0028105928530822,-0.00193581456455641,-0.00545308085145069
2011-09-20,0.0110104377586429,0.00562218679571003,0.00382610314139908,0.00292806131424361,0.0110104377586429,0.00562218679571003,0.00382610314139908,0.00292806131424361,0.0158064433624509
2011-09-21,-0.00210692573161719,-0.000939961734236772,-0.000550973735109965,-0.000356479735546561,-0.00210692573161719,-0.000939961734236772,-0.000550973735109965,-0.000356479735546561,0.00453197052603171
2011-09-22,-0.0284690134055745,-0.014117592682733,-0.00933378577511923,-0.00694188232131232,-0.0284690134055745,-0.014117592682733,-0.00933378577511923,-0.00694188232131232,-0.0352345735757526
2011-09-23,0.00169639807159339,0.000961647880681205,0.000716731150377144,0.000594272785225114,0.00169639807159339,0.000961647880681205,0.000716731150377144,0.000594272785225114,-0.00819229669689141
2011-09-26,-0.0152378689203796,-0.00727866513186082,-0.00462559720235456,-0.00329906323760143,-0.0152378689203796,-0.00727866513186082,-0.00462559720235456,-0.00329906323760143,-0.00901050300139401
2011-09-27,0.0232026468959068,0.0117181041475385,0.00788992323141572,0.00597583277335434,0.0232026468959068,0.0117181041475385,0.00788992323141572,0.00597583277335434,0.0211976748466613
2011-09-28,0.00779798740866999,0.00401574713482544,0.00275500037687726,0.00212462699790317,0.00779798740866999,0.00401574713482544,0.00275500037687726,0.00212462699790317,-0.00603469021046708
2011-09-29,0.0177516141629981,0.0089959663783955,0.00607741711686131,0.00461814248609421,0.0177516141629981,0.0089959663783955,0.00607741711686131,0.00461814248609421,0.0049967103294623
2011-09-30,-0.0120983094019824,-0.00604915470099121,-0.00403276980066081,-0.00302457735049561,-0.0120983094019824,-0.00604915470099121,-0.00403276980066081,-0.00302457735049561,-0.0114028501230139
2011-10-03,-0.0200122344647201,-0.00952559552307566,-0.0060300492091942,-0.00428227605225347,-0.017420578544872,-0.00822976756315164,-0.0124665240604803,-0.00910963219071807,-0.018938957705763
2011-10-04,-0.00573977714620244,-0.00275330248799344,-0.0017578109352571,-0.00126006515888893,-0.0137264115754687,-0.00674661970262658,-0.00850819990479912,-0.00632285688604545,-0.0144602416619939
2011-10-05,0.0078912916192444,0.00405877651329523,0.00278127147797883,0.00214251896032064,0.0040735516239232,0.00214990651563463,-0.00127208805766973,-0.000897500691415781,-0.00645124386320523
2011-10-07,6.52730862746864e-05,0.000262274195486523,0.000327941231890468,0.000360774750092441,0.0224386728309012,0.0114489740677998,0.0167091346924395,0.0126466698455042,0.0206328127290866
2011-10-10,0.00398466182589541,0.00233834219085982,0.00178956897918129,0.00151518237334203,0.00496226460955107,0.00282714358268765,0.0114539676916323,0.0087634814076803,0.0148975691318305
2011-10-11,0.00274991386203616,0.00149135542468459,0.0010718359455674,0.000862076206008811,-0.00116622791403931,-0.00046671546335314,0.00216470191284431,0.00168172568146649,0.00295420351657906
2011-10-12,0.0190085966572877,0.00962066973139852,0.00649136075610213,0.00492670626845393,0.0191316705081852,0.00968220665684727,0.0133051929036011,0.0100370803790782,0.019394172462901
2011-10-13,-0.0103195103640459,-0.00504341085757287,-0.00328471102208187,-0.00240536110433637,-0.00608475292339161,-0.00292603213724574,-0.00375463210563713,-0.00275780191700281,-0.00141373428639378
2011-10-14,0.00599141145311033,0.00311202298529956,0.00215222682936263,0.00167232875139417,0.0101171809050256,0.00517490771125717,0.00374001527434364,0.00286317008512993,0.00493775998832479
2011-10-17,-0.00448596697510362,-0.00189069257050101,-0.00102560110230014,-0.000593055368199702,0.00431310861090828,0.00250884522250494,0.00664399004970284,0.00515913799580253,0.000884894078400129
2011-10-18,-0.00646399548098031,-0.00311578941313811,-0.00199972072385738,-0.00144168637921702,-0.00877179417506324,-0.00426968876017958,-0.00681827722826012,-0.00505560375751907,-0.0134092074620107
2011-10-19,0.0158387119699701,0.00803553730986217,0.00543447908982619,0.0041339499798082,0.0117110685347124,0.00597171559223331,0.00822926905251401,0.00623004245182407,0.016319331501778
2011-10-20,-0.0119887680825286,-0.00587481340234708,-0.00383682850895325,-0.00281783606225633,-0.00919490601325701,-0.00447788236771129,-0.00652709418272716,-0.00483553531758676,-0.00850349540615131
2011-10-21,-0.00981682765191139,-0.00478887177447745,-0.00311288648199948,-0.00227489383576049,-0.00649364605404656,-0.00312728097554504,-0.002207362239435,-0.00159575065383713,-0.00801242038935525
2011-10-24,0.0124008178363741,0.00655212000972072,0.00460255406750291,0.00362777109639401,0.0137599520199441,0.00723168710150568,0.00731330032683967,0.00566083079089658,0.00279843968853551
2011-10-25,0.022215015925203,0.0112269374309697,0.00756424459955859,0.00573289818385303,0.015037494398467,0.00763817666760169,-0.00134422631656117,-0.000948455003236787,0.00840378359080321
2011-10-26,0.00814134275618383,0.00407067137809192,0.00271378091872794,0.00203533568904596,0.00562475035141108,0.00281237517570554,0.00379359437217356,0.00284519577913017,0.00664286604759504
2011-10-28,0.0340969632392116,0.0173964500977555,0.0118296123839368,0.0090461935270274,0.015754780499972,0.00822535872813568,0.00686204735830905,0.00532051975780662,0.0256793856226468
2011-10-31,-0.0181253408293188,-0.00871153484905846,-0.005573599522305,-0.00400463185892827,0.00735529465534657,0.00402878289327424,0.00130372930682132,0.00115336476291647,-0.00121912944686304
2011-11-01,-0.00542812869175646,-0.0135881933727116,-0.012769836217975,-0.00951776007552052,-0.00863312190850196,-0.00477270572159757,-0.0022689810304507,-0.00164211868487726,-0.00892859418611052
2011-11-02,0.00162282569124339,-0.00015533639519244,0.000751117140009971,0.000621237790295798,0.00256402421041479,0.000941826745101904,0.000705084410452361,0.00058671324312759,0.00108913605892285
2011-11-03,0.0124194522134471,0.00474831614562665,0.00239598853727589,0.00185487793174016,-0.00230866667942564,-0.00345770452055033,-0.00222795430865589,-0.00161307920270867,0.00346019456404302
2011-11-04,0.0142294726850105,0.008820745120799,0.00717497765467168,0.00544080852032669,0.00388344272241703,0.0061702052182252,0.00419290385124738,0.00320425316775846,0.00739601746654914
2011-11-08,0.00140388347767129,0.000378845801936423,0.0014243190709093,0.00130478190127062,0.00351526560885507,0.00339731712732061,0.00258026821566526,0.00217174375983759,-0.000518299446341919
2011-11-09,-0.00873501103858554,-0.0131566497109967,-0.00502460340560858,-0.00370894777002179,0.0112394892051677,-7.07721321118737e-05,3.21582908382837e-05,8.36235023133625e-05,-0.0164497101869269
2011-11-11,4.23071925248486e-05,0.00367911204351146,0.0019010928328923,0.00154480087322442,-0.001654945588346,-0.00787828185718265,-0.00509354624004817,-0.00370117843148093,-0.0119700386850185
2011-11-14,-0.00633070133292235,-0.0136642871793658,-0.00935891162294999,-0.00683909781963721,-0.00074816051011839,-0.00955766373557293,-0.0061316612936149,-0.00441866007263589,-0.00889092441342668
2011-11-15,-0.0226620280264694,-0.0194286523965073,-0.0172082350111667,-0.0128467567361759,-0.0127674002404854,-0.0162223052333066,-0.0107356441259389,-0.00799231357225505,-0.0209788184270145
2011-11-16,-0.0162300080901114,-0.00851469093722329,-0.00420780619976824,-0.00309644924698968,0.00440596327514187,0.0037596649732573,0.00258565051928687,0.00199864329230165,-0.00622125399516149
2011-11-17,-0.0244177072658494,-0.0212547012790577,-0.0189719286977849,-0.0141712521271614,-0.0144063835352394,-0.0159254139898419,-0.0105400167983249,-0.00784731820256646,-0.0164642570343035
2011-11-18,-0.00469453126013153,-0.00865858369341832,-0.0116938535432907,-0.00871101257030174,-0.0177643932430355,-0.00953180019999161,-0.00627536335043936,-0.00464714492566323,-0.00704101923662262
2011-11-21,-0.0198829952181787,-0.0221733481677315,-0.0170379042460408,-0.0126020338210089,-0.00676701640265931,-0.0175386295093731,-0.0114572271882198,-0.00841652602764317,-0.0212047134988896
2011-11-22,0.00992050303763481,0.0106265249557291,0.00279694263477174,0.0021570286077966,-0.012862222007143,-0.0161950214361046,-0.010717585448446,-0.00797886745461671,0.00492609203082206
2011-11-23,-0.0174412673548837,-0.0158547157026326,-0.0147734396329622,-0.0110207721658885,-0.0126108874936213,-0.00682970779629488,-0.00447406178575245,-0.00329623878048124,-0.0179103633437402
2011-11-24,0.0115949989449957,0.0165521774993675,0.0106709395518968,0.00806249815654647,-0.00109153634304482,0.00168436225210977,0.00120196615823838,0.00096076811130269,0.0124129942735525
2011-11-25,-0.0106343882743619,-0.0119424692660263,-0.00987498896945575,-0.00734696229400644,-0.0057400283763146,-0.00199745288513237,-0.00125259601264109,-0.000880167576395446,-0.00197401747983846
2011-11-28,0.0360777305932865,0.0258309335980748,0.0229437982310992,0.0173873381105404,0.0171695274971482,0.014986851094434,0.0102305533125773,0.00785240442164892,0.0243129229050086
2011-11-29,-0.0130713676649181,-0.00540921979814368,-0.00130369082756069,-0.000918545259969428,0.00690736711360529,0.000420880509990063,0.000359550820928163,0.000328885976397214,-0.00688393996219007
2011-11-30,-0.00189814799663579,-0.00483130164115292,0.000793607522537247,0.000654414476537774,0.0120434258499176,-0.0027981161598567,-0.00178646566039135,-0.00128064041065867,-0.0011609745553192
2011-12-01,0.0150101370785571,0.0170843538062296,0.0087788354763129,0.00815521851611134,0.00628436763550666,0.00201057344817465,0.00872956523550616,0.0107118165601052,0.0154131437674467
2011-12-02,0.0210881445834079,0.0265418716894339,0.0218807952631451,0.0193643208269315,0.0118148975182906,0.00602242860385493,0.00931082462760065,0.0149820181695655,0.0217930927426539
2011-12-05,0.00113436356352214,0.0038795342846526,0.000570896075575478,-0.000921816639585321,-0.00539995478506772,-0.00234835519705906,-0.0031670202431664,-0.000719088930929035,0.00119445530952026
2011-12-07,0.0152111257492029,0.0108589525318883,0.00183308500581432,0.00276586642277896,0.00556421067367285,0.00301860780321928,0.00115497710840299,0.00249292765994566,0.000977172325435254
2011-12-08,-0.00703173211211794,-0.0120021504604344,-0.00840973875625772,-0.0107175006037637,-0.0176407861462815,-0.0087021977469216,-0.00966553534150372,-0.0114922937083155,-0.0215240116649402
2011-12-09,-0.00713059121759752,-0.0104812431358663,-0.00896560878165845,-0.00991296672266967,-0.0127550405457033,-0.00625935288029955,-0.0062853312662355,-0.00817197221321039,-0.0111162269471724
2011-12-12,0.00964811268061205,-0.0143595912188891,-0.0120832574903598,-0.0110400781393165,-0.00791054008618652,-0.00360085162683732,-0.00891333456330179,-0.0162768247020739,-0.0216693851894888
2011-12-13,0.00221878791294516,0.00290989037198297,0.00372009795497933,0.00451143769959722,0.00688545693345088,0.00356078425651873,-0.00175694107822359,-0.000417457600912496,0.00100431785822323
2011-12-14,-0.00156125598974755,-0.000797071955500328,-0.00171100562591009,-0.000562899323352545,0.00288141958432009,0.00156210994053807,-0.00335678554933709,-0.00252581114231609,-0.00877610106772371
2011-12-15,-0.00610064282040601,-0.00303881025918662,-0.000370073428272333,0.000923587685489446,0.00480457102677478,0.00252028478516331,-0.00529167486922351,-0.00396300057640944,-0.0057990711736375
2011-12-16,-0.00781129998941199,-0.0105424979852342,-0.00803400292773371,-0.0101290022810678,-0.0164140003410701,-0.00808565812753953,-0.01115382493794,-0.0116837926987191,-0.0178323752655945
2011-12-19,-0.0112801335880445,-0.00877981561411656,-0.00836603535332692,-0.00498780824258685,0.00514687308963335,0.00293400455737924,-0.00477591274840927,-0.00515180897135412,-0.0173427515322368
2011-12-20,-0.00887927469961569,-0.0176129787330506,-0.0147440359869046,-0.0102160076605373,0.00336807731856448,0.00180526384179347,-0.00369757818265197,-0.00935985432861036,-0.0179264841995828
2011-12-21,0.0235926396853905,0.0215505269150552,0.0177666386748092,0.016692495091563,0.0134700643418244,0.00685622796945784,0.0159905872865553,0.0168700440010965,0.0224782631622455
2011-12-22,-0.00892015613644703,0.00423570632633224,0.00446393630423318,0.00566956920396397,0.00928646790315635,0.0047644003803996,0.00837170242731341,0.0106266690177629,0.0107342507452085
2011-12-23,-0.00295579759665687,-2.65296291293571e-05,-0.00148952657860394,-0.000819765207933504,0.00118951890407781,0.000715896525367188,-0.00260081076156123,-0.00122492348657138,-0.00425157426497986
2011-12-26,0.0237195146916327,0.0194449730467657,0.0123464702119604,0.0111055045686222,0.00738260763860765,0.00405126291180324,0.00668779201459853,0.00880845186142359,0.0094941293340603
2011-12-27,-0.00542735213650136,-0.00197970118650215,-0.00223517245512006,-0.0020936939469921,-0.00166925842260823,-0.000713608604184068,-0.000114502307375974,0.000281110710342286,-0.00685158542583202
2011-12-28,-0.00023531689590206,-0.00394990600495432,-0.0018337534852015,-0.00438162271201353,-0.0120252303924496,-0.00589162387399139,-0.00718660777718956,-0.00730607961139382,-0.00959841930686699
2011-12-29,-0.00899777588089579,-0.00943246680385373,-0.00640575775954596,-0.00624384229182079,-0.00575809588864529,-0.00275808589280618,-0.00609614957739735,-0.00703890161475093,-0.00821197972725942
2011-12-30,0.00447058717419502,-0.000882651254618283,0.00137077427131205,0.000349653409649042,-0.00271370917533997,-0.00123592179271148,-3.20114238150371e-05,-0.00158298098871917,0.000178372227635702
2012-01-02,0.0128133179489711,-0.000382473727475767,-0.00084426975854157,-0.000481825730534998,-0.0110782654039226,-0.00517306361229791,-0.00491354029037037,-0.00464091982946714,-0.000328714399259904
2012-01-03,0.0222689143922703,0.0166647167354894,0.0111925918731133,0.0120555963384018,0.0110605190787085,0.00565443061353477,0.00865115698711231,0.0106534437247154,0.0288818032908084
2012-01-04,-0.00488404900526707,-0.0055854936232555,-0.0036409022522201,-0.00158478156969924,-0.00628693824124393,-0.00301932887569661,-0.000485025757843297,-0.00536148003912665,-0.00100084109386269
2012-01-05,-0.00372422708489162,-0.00288071521966438,-0.00183773719245954,-0.00176388706145444,-0.00203720335443713,-0.000894492246243495,-0.00111044038697539,0.0011939242136674,0.00210071639216504
2012-01-06,-0.003246824250147,0.00212451669983221,0.00149682790373414,0.00166279878846884,0.00749585764981142,0.00386865398067471,0.00329933980134078,0.000817462588092649,-0.00136006514300538
2012-01-07,0.00139247653121233,-9.84983868983491e-05,-6.5665591265566e-05,9.68517552140669e-05,-0.00158947330500903,-0.000794736652504513,-0.000335023170118687,-0.00179602075406243,0.00260088348479739
2012-01-09,-0.000306736816889863,-0.000511237892118821,-9.27278999615459e-05,0.00197278253739464,-0.000715738967347779,1.42765585026128e-05,0.00273262232215613,0.00364097375100236,0.00471288910261274
2012-01-10,0.00697090658313071,0.00912188190773333,0.00616389221911732,0.00717178253438722,0.011272857232336,0.00576038503711063,0.00723874118480605,0.00949717272552414,0.0238868149850687
2012-01-11,-0.0130240413704844,-0.00927222334299377,-0.00610109799201134,-0.00407889784447887,-0.00552040531550313,-0.00263962630277481,-0.00109718333581036,-0.00142882402876826,0.0100567363167615
2012-01-12,-0.0602489521633728,-0.0265689762124761,-0.0176300535947455,-0.0133109851212653,0.00711099973842066,0.0036793956895681,0.00233500389277053,0.00458472362327828,0.00423632965915014
2012-01-13,-2.97233072966696e-05,0.00196077734606931,0.00139199345322372,0.000885571689947795,0.00395127799943529,0.00210285183348391,0.00119067002236262,0.00374054135949289,0.0099169629291428
2012-01-16,0.0200481844777147,0.0129619373215177,0.00889119002642154,0.00435820861360295,0.00587569016532075,0.00331269280077495,-0.000871783341100977,-0.00138197635057682,0.000732935546126992
2012-01-17,0.0084628656876653,0.00747019336142918,0.00506262280975937,0.00576378017773743,0.00647752103519306,0.0033625013708064,0.00486408500776148,0.0107332646762806,0.015358452795837
2012-01-18,-0.0213567781878904,-0.0115191059903147,-0.00759693050208365,-0.00584809587422691,-0.00168143379273911,-0.000717006659180286,-0.000678535103005751,-0.00252017519189848,-0.00693151947917917
2012-01-19,-0.00317948717948724,-0.00227162385845181,-0.00143196281475788,0.00268220302785477,-0.00136376053741638,-0.000558200632393202,0.00463609976363544,0.00987801026451601,0.0156997086749648
2012-01-20,0.00100552806592513,-0.0109564062111048,-0.0072218381070193,-0.00659239910983062,-0.0229183404881347,-0.0113355211934915,-0.0091250415017492,-0.00633809918474143,0.00656195450347534
2012-01-23,0.00213362736898826,0.00616803343595851,0.00435703189056058,0.0028158315311497,0.0102024395029288,0.00546873415134674,0.00304323291853685,0.00372287622130776,0.00126249399581087
2012-01-24,0.00949385285072002,0.00550088991650555,0.00374961173337403,0.00330089576586018,0.00150792698229107,0.000877491174701039,0.00123657673757357,0.00448984597475938,0.0173674308642384
2012-01-25,0.0129853535680089,0.00930461570359242,0.00628540858433898,0.00550288848873948,0.00562387783917595,0.00293543609250402,0.00300873346231634,0.00575829072360573,0.0107521572759107
2012-01-27,0.0162641163624426,0.00179859700861007,0.0013614622840495,0.00192796637675757,-0.0126669223452225,-0.00608986475514706,-0.00285075028513744,-0.00145562004801653,0.00439126606412907
2012-01-30,-0.00529223959384784,-0.00599356418845487,-0.00374889634985849,-0.00284363357277106,-0.0066948887830619,-0.00297722472786383,-0.00202743156574547,-0.00786896743442086,-0.0217115108417489
2012-01-31,0.0147509831984316,0.0141924632921947,0.00954385235952785,0.0106197417648647,0.0136339433859578,0.00694028694007598,0.00924266128700912,0.0127804059144451,0.023048101537053
2012-02-01,-0.00293960162003998,-0.00325091773960512,0.00377106166879969,0.00351493867224764,-0.00015184826217296,-0.00154572494110647,-0.000114960066540474,-0.000334136906134305,0.00924633531110397
2012-02-02,-0.0115013590385074,-0.000261299161627759,0.00805146113919886,0.00609855747895938,-0.00164297159134252,-0.00657216531492494,-0.00430149471053631,-0.00538300296261707,0.00565497247244762
2012-02-03,0.0153950509004912,0.000297909270735752,0.00811357678202821,0.00614512983294432,0.0152244989460688,0.01530977492328,0.0102864462774176,0.01148896162729,0.0101273171342113
2012-02-06,-0.000373518943516005,0.00380275167265104,0.0152157649302408,0.01159162232322,-0.00136504970888729,-0.000869284326201647,-0.000339791383415222,-0.000130707713872441,0.0119430077798559
2012-02-07,-0.000483241056447481,-0.014414914715826,-0.0112934992453606,-0.00840857102562528,0.00308920057691875,0.00130297976023563,0.000950724384684021,0.000354703071808266,-0.00789657313911226
2012-02-08,-0.00190154729874237,-0.00353728553967625,0.00347798344935931,0.00267002584385689,0.00137916720344666,-0.000261190047647852,-9.20756893153518e-05,-0.000109026042777988,0.0104297276951067
2012-02-09,-0.00218428288714301,0.00365603233574407,0.00361519238794609,0.00277291740369651,0.0028538816864847,0.000334799399670849,0.000305230416763151,-0.000122167827907332,0.0105164984971642
2012-02-10,-0.00905763754290612,-0.00778033265346545,-0.0111693502509394,-0.00831550471211623,-0.00307310745898481,-0.00606537250094547,-0.00396157103251253,-0.00479175884116628,-0.00242666865293281
2012-02-13,0.00191586580926217,-0.00105941339849797,0.000755250886219157,0.000749254736487986,-0.00158275356226789,0.000166556123497141,0.000354792844762919,0.00102614358528325,0.0035743183672512
2012-02-14,-0.0105770961063418,0.00305889815752147,0.00426947423929458,0.00326521434595162,0.000562073701108501,-0.00500751120261667,-0.00325419591310353,-0.00415365812883139,0.0066873892774626
2012-02-15,0.00824129391621309,0.0185822640470437,0.0246702644225237,0.0185641307213239,0.00189208665527896,0.00506669028574602,0.00345970339640552,0.00447625005914909,0.0243982359049478
2012-02-16,-0.00055756188754752,-0.00114342703676928,-0.00112111285112075,-0.000779417325962151,-0.000549983107661745,-0.000553772497604632,-0.000287291915231876,-0.000367447806120358,0.0041277131497098
2012-02-17,0.000247943527215355,0.00108686578997896,0.00259541625217641,0.00200796441687151,0.00438299030996814,0.00231546691859175,0.0016255142493801,0.00126021242187163,0.00739577481938554
2012-02-21,0.00164039602805444,0.0109824257950749,0.00767284521291926,0.00600184162389739,0.00413119055988109,0.00288579329396776,0.0022534724815891,0.00174340796101985,0.00971182850744392
2012-02-22,-0.00782097287225125,-0.0256643126218376,-0.0279033437630649,-0.020866181313335,-0.00576313126589056,-0.00679205206907091,-0.00444626603409578,-0.00556947891318288,-0.0313918508146866
2012-02-23,-0.0019385602934433,-0.00384341201754596,-0.011522283712481,-0.00858040131547053,0.00725475899788952,0.00265809935222311,0.00185381486000236,0.000916101624550414,-0.00590078901148534
2012-02-24,-0.00283906628714459,-0.00514907280369603,-0.00731843549769173,-0.005430843507952,0.00236333351730544,-0.000237866384919572,-8.12667695239874e-05,-0.00105896464638927,-0.00914766348320619
2012-02-27,-0.00204552490749055,-0.0183113933049514,-0.0190488245361802,-0.0141077405624494,0.00239023350308276,0.000172354297796107,0.000353406651445047,-0.00107303362852956,-0.0305705209251564
2012-02-28,0.00922926922949063,0.0216174337957624,0.0241645587599411,0.0181863125680922,-0.00114085792515972,0.00404420565216546,0.0027799950989588,0.00487809817392471,0.0296786385737177
2012-02-29,-0.00076298725061108,0.00123512792263342,0.00411634333095023,0.00315013517796012,-0.00774977368291918,-0.00425638046676513,-0.0027537500715135,-0.00138643430736274,0.00565146439886217
2012-03-01,0.00259825170320632,-0.0178732106900497,-0.01675976955931,-0.0128208335904059,-0.00404797025946224,-0.000958869982147585,-0.00386554500562726,-0.0028346426251882,-0.00577902705800036
2012-03-02,-0.0143237094241676,-0.0185789516713494,-0.00767590427728889,-0.00598140875578315,-0.00336169226104488,-0.000318089083333084,0.000138065376577456,0.000166394683514037,0.00146683883173649
2012-03-03,0.00663772661210138,0.0015379019783538,0.0015349706116546,0.00300853160321379,-0.00178029053024298,-0.00493644697755508,-0.00386879141082227,-0.0029015935581167,0.000269240638622019
2012-03-05,-0.0198692606826485,-0.0272776008405975,-0.026841091087713,-0.0212574091955053,0.00296742288859742,-0.00799230770791814,-0.0115841707308013,-0.00849963847785726,-0.0147527676960367
2012-03-06,-0.0109084142871541,-0.0105612308271451,-0.0109933413828281,-0.0154717043059798,0.00765472103096365,0.000876971174383734,0.00226528032389328,0.00176174276426602,-0.00992953381720705
2012-03-07,0.00902403273342944,0.0100623185498336,0.00918270445315798,0.00711773222388701,0.000531461981664982,0.00742891568866122,0.00598500655092852,0.00455317342872952,0.00194430058856411
2012-03-09,0.0194014864762511,0.0248066676881723,0.0288018174494286,0.0252224441984267,-0.0014758143041228,0.0139248253884307,0.0194001498844707,0.0146789162550102,0.0234194154829304
2012-03-12,0.0166508223486805,0.013870880072351,0.0130559056047518,0.0108642298724247,0.000861513024258853,0.00417531368735979,0.00823532263596431,0.00636794776719052,0.00700218067034041
2012-03-13,0.00826026583514317,0.0155678500585326,0.0122777066463038,0.0117422673412198,0.0115320667527201,0.0171574771363803,0.0142468952413134,0.0107511401486191,0.0112236111066838
2012-03-14,0.00229347993762619,-0.00343288831802424,0.00405913410929911,0.00561151763516377,0.0085481657747859,0.00194599527085965,-4.56875582694289e-05,2.83880803004233e-05,0.00599987731847277
2012-03-15,-0.0228507957817911,-0.0259460619127728,-0.0263183999943471,-0.0222591555181669,-0.00852370939256575,-0.011348725853028,-0.0172135031686531,-0.0128458409557599,-0.0176915334464928
2012-03-16,-0.00570633712743707,-0.00939845001082079,-0.0126727553203504,-0.015878518989614,0.0189401725711615,0.0107115667082884,0.00645582918711089,0.00490778973033737,-0.0129487234862831
2012-03-19,-0.0116136814320423,-0.0189705530838816,-0.0191430212135992,-0.0192238744467377,0.0115465649485673,0.00191784436703907,0.000619309988633391,0.0006572413484974,-0.0113598407627122
2012-03-20,0.0173500480819364,0.0159818272113778,0.0136889522678284,0.0107934818842762,0.0105652928564135,0.0117856033982832,0.0158934934089984,0.0119843235059556,0.00846874442773184
2012-03-21,0.0224256953104387,0.0294405309492222,0.027499955249744,0.024577799100361,0.00940881218208478,0.0193450646208231,0.017887157369834,0.013477909172866,0.0187733892823514
2012-03-22,-0.0174560859605024,-0.0304168236978457,-0.0313920051244962,-0.0336246056240991,-0.0165590024562253,-0.022737982650579,-0.0255061466930949,-0.0190621482920111,-0.0250095168843373
2012-03-23,0.00653361372323391,0.011084115737648,0.0113541560440857,0.0107711516126963,0.0101755635845504,0.0150255387470094,0.0110102622919683,0.00825769671897625,0.00855008943797272
2012-03-26,-0.0299105910974037,-0.0329956995891059,-0.030125174932507,-0.0296044003110997,-4.8360381563417e-05,-0.00654155431312314,-0.00833273802188424,-0.00598635925931187,-0.0176350665505357
2012-03-27,0.00602182330437873,0.010891198360493,0.0107568293815584,0.00791787968445945,0.0174172963895884,0.0109503997154273,0.0113969566077983,0.00861180358760982,0.00687612215738235
2012-03-28,-0.015578025731921,-0.0164548817224785,-0.0171592020737152,-0.0160867884835225,0.000997570443922235,-0.00516572022065981,-0.0109435325991437,-0.00814029411547249,-0.0111926943641927
2012-03-29,0.00348964439234067,0.00277367198410128,0.000753289958237017,0.000819874427637729,-0.00696152397686034,-0.00102511242867254,0.000870961885739059,0.000720558606113475,0.00251893308541895
2012-03-30,0.0124146686241449,0.02112645257542,0.0236564382330774,0.0239209984898415,0.0118747160668315,0.0168467794523417,0.0140321906090266,0.0105947458728345,0.0223521272175327
2012-04-02,0.0139337105403856,0.0133340929835971,0.0123740666527731,0.0100711166482834,0.00316226663481428,0.00338380263802429,0.00216060520453041,0.00183384431593074,0.00875339340682828
2012-04-03,0.00571312596380547,0.0104262281987435,0.0109218877699753,0.0109295321247699,0.0109524651891537,0.00645020385996586,0.00380021210192723,0.00292068186350597,0.00881384887898135
2012-04-04,0.000771379373428749,-0.00311515139161883,-0.00117177350457801,-0.002814242233102,-0.00774164841867397,-0.00516321968889749,-0.00511819818690344,-0.00376486653676456,-0.00396104617861709
2012-04-09,-0.0152140482597978,-0.015951503805082,-0.0154057248343558,-0.0167798023208823,-0.0209020347804618,-0.0128135372364473,-0.0124777674714336,-0.00901083247148188,-0.0151473462266551
2012-04-10,-0.00337572121594865,-0.00514893431762392,-0.000239626995186944,-0.00234941019878954,-0.00867875980959731,0.00449011321921172,0.00659585445830161,0.00501563826569787,0.000927533633816121
2012-04-11,-0.0146949544058941,-0.0104867634759572,-0.00707889431354817,-0.0136090432943848,-0.0331994902368945,-0.0160847843752974,-0.0119815782623417,-0.00891581878103048,-0.00425636184930561
2012-04-12,0.0102233707111927,0.00968418945755589,0.0104890270473808,0.0102326310158718,0.00946344292134471,0.0122540603807039,0.0118981637391124,0.00899233198780741,0.00929166118541131
2012-04-13,-0.00754845828574957,-0.00849943567565487,-0.011692638723578,-0.00961652873005964,-0.00338819874950469,0.000764388736339605,0.00168152111016251,0.00143123111130825,-0.00798078031687024
2012-04-16,-0.00238691782432821,0.0025636238976508,0.00720163432246001,0.00431246215564993,-0.00435505434478034,0.00345380069687828,0.0066548904767106,0.00519546429329559,0.0058189983963145
2012-04-17,0.0120040604547942,0.015950827270548,0.0109111924768167,0.0134252163648223,0.020967288028839,0.0176064093875359,0.0149279118546228,0.0112628884076208,0.0100506496048702
2012-04-18,0.00594720102271062,0.00172871798330715,0.00132525375808845,0.00364536000942653,0.0106056787634408,0.00183152557680794,0.00612307666896028,0.00465761149179397,0.00289083941811852
2012-04-19,-0.00218184741230998,-0.00426126149992773,-0.00251058974638962,-0.00570338972360324,-0.0152817896552441,-0.00289998209604164,0.00427135887085484,0.00326880608922522,0.00220834982188978
2012-04-20,-0.00319169545394371,-0.00970542321131279,-0.00963119619835676,-0.0116544614219517,-0.0177242570927365,-0.0080727142861966,-0.0052998813244447,-0.00390964110233427,-0.0080116425621233
2012-04-23,-0.0164752380750794,-0.02307202003791,-0.0214306140700397,-0.0196997685854866,-0.0145072321318273,-0.012065795092279,-0.0137176222601008,-0.0100924581306384,-0.0175055528832783
2012-04-24,0.0019995030589266,-0.0013004644532581,-0.000265337326429749,-0.00555375168951716,-0.0214189947787794,-0.00903231607405414,-0.00607048177016782,-0.00448602948306695,-0.000435014258781675
2012-04-25,-3.31934651830457e-05,-0.00235637439946784,-0.00391846627108531,-0.00545970717078859,-0.0100834298698984,-0.00279486870242274,-0.000283780438735004,-0.000149280564399445,-0.00530827485882759
2012-04-26,-1.17157295383974e-05,-0.00535960094323512,-0.00581153842956665,-0.00490087384394819,-0.00216888008709282,0.00148622310793661,-0.00198271836673229,-0.00142187096794591,-0.00466318455401302
2012-04-27,0.00938831459445533,0.000597286784779161,0.00118165813449718,-0.000180819255754444,-0.00426825142650933,-0.0062075448803357,-0.00357975116216262,-0.00261640500625615,-0.00053731592630822
2012-04-28,-0.00103881733451461,0.00311880647808616,0.00298133882012763,0.00287304056490573,0.00254814579924001,0.00382473800388439,0.00388533367787665,0.00291400025840749,0.00373955027793083
2012-04-30,0.00946752208087953,0.00607927507459227,0.00717339991185106,0.00917207925910335,0.0151681173008602,0.00604036405622499,0.006388736537377,0.00498695140780048,0.00733816288300906
2012-05-02,-0.000134505454722875,-0.00991996388481708,-0.00185263913802426,-0.00306581500150232,-0.0119481791197573,-0.0158268007173343,-0.00892936896313049,-0.00312652413345753,-0.000485470688831613
2012-05-03,-0.0043580410201921,-0.0144006310400996,-0.0105153172341506,-0.011751142303657,-0.00899277537207099,-0.016717998216039,-0.0125980124840901,-0.0101346817686307,-0.0112761185495962
2012-05-04,-0.0103092209153255,-0.014065684403673,-0.0167447233346579,-0.014434933758835,-0.0240184101369396,-0.02092027901448,-0.0173832596480952,-0.0185631450352283,-0.0185803847015291
2012-05-07,-0.00927887475114042,0.00186140878952595,0.00629434330663954,0.00778919706330536,0.0165256778235126,0.0147636850768524,0.00674949846752149,0.0088521769358578,0.00704081489642621
2012-05-08,-0.0251288228602021,-0.0228077222892687,-0.01744573146043,-0.0151785573230491,-0.0198165536951287,-0.020151587706732,-0.021810666091222,-0.0180384370191047,-0.019112238343924
2012-05-09,0.031534399072632,0.0113169763408305,0.00504251613605788,0.00365493429584235,-0.0147597163750464,-0.0118300813830087,0.00262474543553822,9.19580082818228e-05,-0.00989688068418925
2012-05-10,-0.000406190417296282,-0.00417914753999793,-0.0023903766013044,-0.00177100805548996,0.000326185908175569,-0.003812959377262,-0.0026773697239401,-0.00171123597393441,-0.000720376090000311
2012-05-11,-0.0142965528243276,-0.00441350823569958,-0.00327467662407876,-0.00259027121285635,-0.01190783213425,-0.00321914789066075,-0.00691161620188304,-0.00543296550162156,-0.0077656267055938
2012-05-14,0.00222245018761491,-0.00139887066682504,0.000701871369498878,-0.000911353571801526,-0.00631517682495097,-0.00566768417310798,-0.00303763938620035,-0.00105239067911359,-0.00505735016767673
2012-05-15,-0.00800800037128235,-0.00369574603865963,-0.00322472093402245,-0.00282296656186173,0.00938050051476513,0.00499850440436411,0.000663002812481957,-7.34155718255525e-05,0.0060386201269766
2012-05-16,-0.0116456059643755,-0.018361444718472,-0.0187004188103268,-0.0167804146556562,-0.0112494989920019,-0.0181633912322852,-0.0159907961429819,-0.0168376888557455,-0.0141700638234803
2012-05-17,0.0198662914353893,0.00725492499544184,0.00340781592933281,0.00246247797058047,0.00913889855247829,0.00189122855398632,0.00788291618112065,0.00484058658511918,0.00203332521463755
2012-05-18,0.0119583137556849,-0.00372031716864624,-0.00172489414059699,-0.00304550568506654,-0.00582458496459692,-0.0126117665287871,-0.00442173976729647,-0.00274981684659698,0.00058352201361749
2012-05-21,-0.0143283038191008,-0.0036510500532197,-0.000156591745244961,-0.00155376503817134,0.0017518838027637,0.00438904375771254,-0.00185007210122523,0.000320527141757204,0.00618828353396388
2012-05-22,-0.00744263131055589,-0.00693064001039706,-0.00564192080000681,-0.00542030184144232,-0.0172714794837218,-0.01184506409698,-0.0103775865015053,-0.00854931047093554,-0.0089539767188086
2012-05-23,-0.000904873343420265,-0.00359255121337487,-0.00632430279273462,-0.00605731722833211,-0.00562045539471823,-0.00595034223902385,-0.00426851927382266,-0.00614834094323052,-0.00539883696008688
2012-05-24,0.00407658215032969,0.00717817558332901,0.00648309332966039,0.00554838706337646,0.00718001792694301,0.00872989347163566,0.007178789697867,0.00665732447898104,0.0131162677084432
2012-05-25,-0.00387181773776502,-0.00310729654893016,-0.00257975810029383,-0.000461687875214334,0.00522964566856898,0.00144343515423684,-0.000328315809763779,-0.00062740715807813,0.00290216390356762
2012-05-28,0.00982834932188692,0.0129883406971375,0.0168226668843423,0.0149361844708601,0.0135050442359412,0.0148266881541647,0.0131605752100721,0.015993261222242,0.0135881115194819
2012-05-29,-0.0103741992309563,-0.00367481353381249,-0.00564931532449738,-0.00523068408953578,-0.00835407092104901,-0.00266474937885885,-0.00523456599622466,-0.00632550422363529,-0.00158601073125948
2012-05-30,0.000609002823792393,-0.0179666249220942,-0.0207300843774004,-0.0175102251116576,0.000787048809134605,-0.0178776019294231,-0.0117154003450179,-0.0153508010807667,-0.0107476378047936
2012-05-31,-0.00189337947026502,-0.0107042370882721,-0.00810585782045396,-0.00806887310933252,0.000311547209988827,-0.00960177374814519,-0.0070323089888518,-0.00600150656284326,-0.000250965651580875
2012-06-01,0.00354152795682161,-0.00819615264746856,-0.0108834266512586,-0.0127591830917786,-0.00702123606411653,-0.00298985405364746,-0.00190930062729002,-0.00549646913517721,-0.0157426855336486
2012-06-04,-0.0158106951418734,-0.00297978856645725,-0.00436245496788401,-0.00399576043587258,0.000380646123956607,-0.00771502450895839,-0.00488945518946482,-0.005449038334783,7.91018873749374e-05
2012-06-05,-0.0108380094415335,-0.00115624497034805,5.08118149918535e-06,0.00112000725766304,-0.00545182244896714,-0.0081449159452503,-0.00534824356316825,-0.00342924930107777,0.00222768067814138
2012-06-06,0.0301218596699131,0.0204428863194019,0.0171978973298015,0.0154388568706769,0.0268178242731609,0.028469841971537,0.019061575028064,0.0169731611086981,0.0235653036835154
2012-06-07,0.00788002602788729,0.0075006081316672,0.00565564319512994,0.004791760627885,0.00246508785787736,0.00517255694288232,0.00353003166547724,0.00313895207962178,0.0102421957437826
2012-06-08,0.00820629041012411,0.0010481992044597,0.00116574127548319,0.000440429954488342,0.000556031304264959,0.00438116085719453,0.00300026584388406,0.00260040573729559,0.00410018193433997
2012-06-11,0.010882883699727,0.00298101787768573,-0.00307471665429704,-0.00568496375925945,0.00235661918757568,0.00661975144365134,0.00465803034488614,-0.000303023670901043,-0.00388551304155996
2012-06-12,0.00723154523359582,0.00343449760084569,0.00152107657377654,0.000927090766022098,0.0234929971656606,0.0153622711996282,0.0103230751246096,0.00716586497336674,0.0102012061001976
2012-06-13,0.0122053632606012,0.00534649065671838,0.005178113604742,0.00437390871835339,0.0103442482387839,0.0112748057496925,0.007600224023119,0.00691050789253655,-0.00113422673928592
2012-06-14,-0.00332292082235419,-0.00210641822191204,-0.00294113165917487,-0.00308194119142971,-0.00849515606946361,-0.0059090384459089,-0.00385569311247835,-0.00404440946778389,-0.0134089612902706
2012-06-15,0.0125930657225137,0.00902682639507835,0.00928932215802614,0.00848144400967349,0.0308711945960951,0.0217321301593044,0.0145717316296761,0.0133823771432375,0.0128328848835752
2012-06-18,-0.0158851710557062,-0.00797331982443544,-0.00792008075611398,-0.00707684115205248,-0.00958204768583448,-0.0127336093707703,-0.00825535491069921,-0.00814491683789217,-0.0145813427668724
2012-06-19,0.0148479679542739,0.014469802590248,0.0135174247958176,0.0125659959318201,0.0117195908055872,0.0132837793799305,0.00893299010200388,0.00960290987824208,0.00454040556504169
2012-06-20,-0.00229843952200715,0.00182285309489638,0.00530358307840251,0.00654278438811129,0.0157913006477766,0.00674643056288471,0.00457473971100194,0.00649731554460514,0.00727890793522439
2012-06-21,0.0155119339158689,0.00915435269971687,0.00711173648288788,0.00629683295653483,0.00664162507613053,0.0110767794959997,0.00746162116169639,0.00635284188357976,0.0118225898850268
2012-06-22,-0.00322633522298987,-0.00296700288897811,-0.00236231436160872,-0.00165362667375291,-0.013929307668511,-0.00857782144575042,-0.00564146396260245,-0.00451933229866933,-0.00101988440464786
2012-06-25,-0.00101070543518256,-0.00175121461300271,-0.00283244171418847,-0.00365982759145567,-0.00491691769507341,-0.00296381156512798,-0.00174039540181333,-0.0025540205305,-0.00390486980982079
2012-06-26,-0.00810103341646251,-0.00152058930151339,0.00202229321697411,0.0028903995641715,0.00871338731187965,0.00030617694770857,0.000283268614495235,0.00248946602435871,0.00391077437479164
2012-06-27,0.00531255394474228,0.0057691793428436,0.00499801299391681,0.00460518052669562,-0.00304256549122217,0.00113499422676006,0.000835794677182089,0.00149076608190238,0.0039683111438106
2012-06-28,0.00942422004065646,0.00490710959870755,0.00362633474260347,0.00317705738652069,0.0189908361239275,0.014207528082292,0.00955293665774574,0.00743089875090813,0.00123077106512189
2012-06-29,0.0213518140059019,0.0175632060648594,0.0185208766419597,0.0178030405656492,0.0228217010362608,0.0220867575210814,0.0148035988128867,0.0162117535587051,0.0225117587542242
2012-07-02,-0.021458279398848,-0.00716945302114003,-0.00364579122292833,-0.00139324696252947,0.0189877124238682,-0.00123528348748991,-0.000523011533828258,0.00157383780429558,0.00668588982893983
2012-07-03,-0.00874191232766086,-0.00100154948211983,-0.000451209480715346,0.00152837656583327,-0.00203240882243061,-0.00538716057504574,-0.00337495020933261,-0.000664428980629683,0.0073869535113982
2012-07-04,-0.00121820144786444,-0.00127710453719188,-0.000953148860343108,-0.000682100223565768,0.00392388860239934,0.00135284357726745,0.000800149882629775,0.000632873833663894,0.00688625268434417
2012-07-05,0.0121630930593641,0.00887859859077589,0.00715325046344469,0.00835161725741568,0.00456562664594617,0.00836435985265516,0.00681042463803087,0.00809449788835531,0.00674811634564889
2012-07-06,0.00663899030135306,0.000233484950170892,0.000548447992705925,0.000949732059811054,-0.00554936940163886,0.000544810449857103,0.000755998325830065,0.00110539480965416,-0.00385023312620654
2012-07-09,-0.00666328815361517,-0.002545935415525,-0.0038893244947877,-0.00425747849180094,-0.0156578298284398,-0.0111605589910275,-0.00963240687845601,-0.00856479027955218,-0.00998971174779888
2012-07-10,0.0167440374622063,0.0137761861953488,0.0125031841052262,0.0134281636577383,0.0089968499093156,0.012870443685761,0.0118993557655009,0.0129752924029444,0.0122344963969401
2012-07-11,-0.0137788732931016,-0.00666793884800215,-0.00543202574635955,-0.00496365052402933,-0.00289862689705023,-0.0083387500950759,-0.00654589991107538,-0.00579905614756621,-0.0042359898494389
2012-07-12,-0.00115368224345724,-0.00280773905814802,-0.00216054722088665,-0.00391209319658592,-0.000376889057566498,-0.000765285650511871,-0.00079891161579589,-0.00289086649276785,-0.00731561620413864
2012-07-13,0.00309194060332119,0.00213505442015649,0.00139942785316149,0.000749214841814144,-0.00272358870383016,0.000184175949745513,9.88422062208431e-05,-0.000226224393391344,-0.00248639918833841
2012-07-16,-0.00377470644138245,-0.0017720489530767,0.00294916274786713,0.00123394499939009,-0.00329150870068684,-0.00353310757103464,0.0017751236692285,0.000353415690411113,-0.00265611495515548
2012-07-17,0.0106655567008527,0.00499711685995369,0.00538404716109771,0.00314573698241463,-0.00139522176333751,0.00463516746875758,0.00514274756696698,0.00296476228681658,-0.00364493968281914
2012-07-18,0.000711742933535708,0.000839345148835546,-0.00147504347067503,0.00100401159937452,0.00595524271199954,0.00333349282276763,0.000187721645279693,0.00225108543634056,0.00359450392557165
2012-07-19,-0.000869616414966634,0.00173617953262184,0.00162660349089834,0.00248314880449263,0.00186154833292407,0.000495965958978717,0.000799794441802929,0.00186304201767107,0.00357263326557415
2012-07-20,-0.00114556919880271,0.000714727043888752,-0.00292378299757664,-0.00570755176941576,-0.0023324952164081,-0.00173903220760541,-0.00455962249857274,-0.00693443139516284,-0.00513625565872345
2012-07-23,-0.0110269499813868,-0.00869789891628692,-0.00624861331618702,-0.00963465244097858,-0.0090215751696664,-0.0100242625755266,-0.00713285575568012,-0.0102978342705984,-0.0145825141239742
2012-07-24,0.0186519663695506,0.0146939124751381,0.0110244572132339,0.00898158799368148,0.00607802261664214,0.0123649944930964,0.00947184522520613,0.00781712900266063,0.00262696023230586
2012-07-25,0.00562776520331121,0.00200442518950605,0.00211851696052268,0.0013078229787174,0.00800207736048031,0.00681492128189576,0.00532551435544915,0.00371307102491225,-0.00343837146394947
2012-07-26,-0.0155437729113711,-0.0134925988589555,-0.00974398684676085,-0.0109277743084366,-0.00402184941985473,-0.00978281116561291,-0.00727079505119913,-0.0090728804617653,-0.0138670107823122
2012-07-27,0.0134414024535603,0.00422797733161034,0.00365229072149846,0.00579447787476037,0.00813160478447683,0.0107865036190186,0.0080246415797706,0.00907374101846448,0.000174263563607485
2012-07-30,0.0102016873233617,0.0116727627439672,0.0136033105312559,0.0160434966555084,0.0153806682671289,0.0127911777952453,0.0143489205654413,0.0166027041811474,0.0196392839256704
2012-07-31,0.00301896778458022,0.00517138929587446,0.0055836075034313,0.00447915243086222,0.0123759823435985,0.00769747506408935,0.00726766468224123,0.00574219531496967,0.00468324685787306
2012-08-01,-0.00133734944029712,0.00762422375380262,0.00894439645305249,0.00771639147158701,0.00153237652719057,0.0115590867375465,0.0118306374942881,0.0111441635836041,0.00720764560434348
2012-08-02,0.00489303998697066,0.0030762964228529,0.00225142983267472,0.00347950257384055,0.00716372079733807,0.0042116368280366,0.00231932657014589,0.001889919090689,-0.000311652039084279
2012-08-03,-0.0144032921810698,-0.0114797369737585,-0.00383699463089001,-0.00382665607237365,-0.00379564039682456,-0.0061759110816359,-0.00181662455968131,0.00149965409395078,-0.0027041241298361
2012-08-06,0.00537649784082128,0.00741990760657296,0.0067247458087647,0.0045153315487175,-0.0021129112314241,0.00367520307045027,0.00404420030944138,0.00436675578536808,0.00825657648422481
2012-08-07,0.024022187455554,0.0180052031155973,0.0121280254842007,0.0105740341233764,0.0059120600409035,0.00895013940827205,0.00579066001117645,0.00443641256373425,0.00841425251887449
2012-08-08,-0.0165071737107459,-0.00675894931421811,-0.00323704471695855,-0.00166157378651774,0.0030648390048047,0.00302705704355721,0.0020903086778703,0.00251942262779287,-0.00308863990478508
2012-08-09,0.00314218936457178,0.00296422534418272,0.00136782458108679,0.00478188709579075,0.0150240746399026,0.00890516798184815,0.00558288746002178,0.00373092135874006,-0.00255337809995085
2012-08-10,0.013127701209297,0.00690810281778598,0.00638184840197279,0.00649377897885484,0.00682957070950097,0.00375903756788798,0.00117554274542497,0.00221399195165534,-0.00240543418790909
2012-08-13,0.00735074445393979,0.00743750458351189,0.00652437158986781,0.00521379614399953,0.00128206980639467,0.00440316725973933,0.00374276425312818,0.00398159959049105,0.00746852397895046
2012-08-14,0.00895240328576641,0.00732806744601078,0.00554652046858273,0.00470811010111249,0.0021928789987018,0.00394830530247847,0.00182894990831406,0.0018675690596672,0.00354669333474629
2012-08-16,0.00326071352888513,-0.0020728368020288,0.000440658446309213,-0.00470704855898749,-0.0201501695748776,-0.0137782783539102,-0.00890457565420311,-0.00531151950490602,-0.00183992165385991
2012-08-17,-0.0115491537434248,-0.00625538472628689,-0.00138493046937371,0.0022005647519158,0.0129570504157843,0.00599771735331767,0.00546927520942135,0.00619095091817917,-0.000801019516975993
2012-08-21,0.00920251742274369,0.0110722167689391,0.00566178829573242,0.00508705269218931,0.00336284588155999,0.00815238099834725,0.00564637138093797,0.00294501137303324,0.00687120750504115
2012-08-22,-0.00925521160624021,-0.00460475184950632,-0.00396324839159889,-0.00284286652649654,0.000518279068810523,0.00028199348801905,0.00157657275448223,0.000512369196915663,-0.00206494669012519
2012-08-23,-0.007018317947728,-0.00360177339477136,0.00156417814838442,0.00321210557146376,0.00815588784070176,0.00398532949944352,0.00576573105918299,0.00729831860306124,0.00067577794734996
2012-08-24,-0.0102616797772701,-0.00788813312171777,-0.00580104395603701,-0.00390656578438189,0.00177686873058347,-0.00186885886779098,-0.00136341209783345,-0.00142927547954397,-0.00607453862182975
2012-08-27,0.0008417921755417,-0.000434346537424801,-0.00229835597346932,-0.000995954127890136,0.0029112514088474,0.000600383079228051,0.000353444385566911,-0.0012415104222144,-0.00983606551757009
2012-08-28,-0.0144736565432844,-0.0132834661471032,-0.012892300617602,-0.0078268524758191,0.00736949194952974,-0.00236189190069619,-0.000823432614254549,-0.00364506685034083,-0.00634134257057685
2012-08-29,-0.0101558944014565,-0.0130384806177964,-0.00536156565834337,-0.00275647227056647,0.00505880789276425,-0.00543112947068608,-0.00333061763413489,1.02839539523059e-07,-0.00810024001738869
2012-08-30,0.0123221727259664,0.00677059013467729,0.00854249062618358,0.00813929909107047,0.00692972448573115,0.00407436601455968,0.00463289460057004,0.00649624385272657,0.00486820462807705
2012-08-31,-0.00877958763618303,-0.00913788599133336,-0.00609192399422224,-0.00732382880374588,-0.0110195432323168,-0.0102578637894002,-0.00692055778026642,-0.00519041833519981,-0.00553174657884209
2012-09-03,-0.000389418136853612,-0.00579380486471959,-0.00466729340597507,-0.00369464481176286,0.00211058186314639,-0.00454380486471959,-0.00466729340597507,-0.00306964481176286,-0.00026391200043493
2012-09-04,0.00241841843146573,0.00236225004414836,0.00146621074804243,0.00111940031239174,0.00241841843146573,0.00236225004414836,0.00146621074804243,0.00111940031239174,0.00656968714564087
2012-09-05,0.00665803778324014,0.00390579306477878,0.00047871327013708,-0.0026020689159536,0.00665803778324014,0.00390579306477878,0.00047871327013708,-0.0026020689159536,-0.00760219633924366
2012-09-06,-0.0172247135134668,-0.00450224879537214,0.002665474342515,0.00325689299146223,-0.0172247135134668,-0.00450224879537214,0.002665474342515,0.00325689299146223,0.00419263840721724
2012-09-07,0.00764612075197246,0.0130548941560128,0.013972093150346,0.0138075442989846,0.00764612075197246,0.0130548941560128,0.013972093150346,0.0138075442989846,0.0167774081583722
2012-09-08,0.00345817848614072,0.00667250739537562,0.00442536220791608,0.00628182791771636,0.00345817848614072,0.00667250739537562,0.00442536220791608,0.00628182791771636,0.00461693119569354
2012-09-10,-0.00105559674796052,0.00546616808537864,0.00440483604951373,0.00552621924791322,-0.00105559674796052,0.00546616808537864,0.00440483604951373,0.00552621924791322,0.00185397590331592
2012-09-11,0.00330134461071352,0.00291257312807391,0.00483685582401927,0.00374218163667428,0.00330134461071352,0.00291257312807391,0.00483685582401927,0.00374218163667428,0.00404040633140173
2012-09-12,0.00647612604019798,0.000623097556246455,0.0014852339586926,0.000593836711221873,0.00647612604019798,0.000623097556246455,0.0014852339586926,0.000593836711221873,0.00480907835631821
2012-09-13,0.00659231033147867,0.00193278341468139,-0.000558686157108116,-0.00394948040533438,0.00659231033147867,0.00193278341468139,-0.000558686157108116,-0.00394948040533438,-0.00244888262320475
2012-09-14,-0.00443045503109463,-0.00674147612803205,0.00368015596362544,-0.000547987692313318,-0.00443045503109463,-0.00674147612803205,0.00368015596362544,-0.000547987692313318,0.0174283129683544
2012-09-17,-0.0380279086712976,-0.0273418446034476,-0.0169254935484479,-0.0172274361155357,-0.0380279086712976,-0.0273418446034476,-0.0169254935484479,-0.0172274361155357,0.0121888247909539
2012-09-18,0.00156672243671285,0.00359703196456118,0.00584070248752836,0.00423355287056124,0.00156672243671285,0.00359703196456118,0.00584070248752836,0.00423355287056124,0.005661040582573
2012-09-20,0.00136018786830316,-0.00289717696927139,-0.00239105511401376,-0.00234832594215523,0.00136018786830316,-0.00289717696927139,-0.00239105511401376,-0.00234832594215523,-0.00552236168119525
2012-09-21,0.0154793036368088,0.0109230187263106,0.0153255994896468,0.0110987886037309,0.0154793036368088,0.0109230187263106,0.0153255994896468,0.0110987886037309,0.0208855305412449
2012-09-24,-0.0150464754202803,-0.00992500466924057,-0.00688385642659221,-0.00512400287549175,-0.0150464754202803,-0.00992500466924057,-0.00688385642659221,-0.00512400287549175,0.00237650687528913
2012-09-25,0.018647072573396,0.0149759193823167,0.0103999884751181,0.0086883579204271,0.018647072573396,0.0149759193823167,0.0103999884751181,0.0086883579204271,0.00294297736480313
2012-09-26,0.00738987677361402,0.00816998035950867,0.0126153921183672,0.0101518503855074,0.00738987677361402,0.00816998035950867,0.0126153921183672,0.0101518503855074,0.00115982973401669
2012-09-27,0.0159958446730115,0.0117077327239749,0.0113477718013378,0.00836849530633824,0.0159958446730115,0.0117077327239749,0.0113477718013378,0.00836849530633824,0.00182377901357031
2012-09-28,0.0140340207711815,0.00703210873624693,0.0101191972013739,0.0113951427729204,0.0140340207711815,0.00703210873624693,0.0101191972013739,0.0113951427729204,0.0103838750468314
2012-10-01,0.0214902498583211,0.0083291860645317,0.00900054514998624,0.00736735177708603,0.0214902498583211,0.0083291860645317,0.00900054514998624,0.00736735177708603,0.00568230694481956
2012-10-03,0.0061049226147103,0.00268391631597786,0.0052760055280016,0.00448821514992714,0.0061049226147103,0.00268391631597786,0.0052760055280016,0.00448821514992714,0.0045686067221534
2012-10-04,0.00992269136012247,0.013269799207387,0.0121774495253248,0.0117006520270874,0.00992269136012247,0.013269799207387,0.0121774495253248,0.0117006520270874,0.00853012091412701
2012-10-05,-0.0163760325712075,-0.0124311758711459,-0.00827035984328206,-0.00488184538278547,-0.0163760325712075,-0.0124311758711459,-0.00827035984328206,-0.00488184538278547,-0.00862209525764155
2012-10-08,-0.0152931744080389,-0.0119260637937876,-0.00809073580091339,-0.00608503800285318,-0.0152931744080389,-0.0119260637937876,-0.00809073580091339,-0.00608503800285318,-0.00808847578748025
2012-10-09,0.00586010439192997,0.00684936914256196,0.00848146902669892,0.00908627752429919,0.00586010439192997,0.00684936914256196,0.00848146902669892,0.00908627752429919,0.0053549553655554
2012-10-10,-0.000628142059399317,-0.00610339730729165,-0.00863154233277556,-0.00651935888976579,-0.000628142059399317,-0.00610339730729165,-0.00863154233277556,-0.00651935888976579,-0.0137074099151837
2012-10-11,0.0115015767419759,0.0116853706886783,0.00995343577860641,0.0095486605776216,0.0115015767419759,0.0116853706886783,0.00995343577860641,0.0095486605776216,0.0117848539760308
2012-10-12,0.0220177021385635,0.00946346973317475,0.00627603284697831,0.00498407170242407,0.0220177021385635,0.00946346973317475,0.00627603284697831,0.00498407170242407,-0.00130001506428881
2012-10-15,0.00250305046216592,0.00247456513952071,0.00134052708303208,0.00265612523081094,0.00250305046216592,0.00247456513952071,0.00134052708303208,0.00265612523081094,0.000983832901334244
2012-10-16,-0.0131738548687617,-0.00820119494853072,-0.00968516091873954,-0.00750947376741354,-0.0131738548687617,-0.00820119494853072,-0.00968516091873954,-0.00750947376741354,-0.00833172368951124
2012-10-17,-0.00414789658981241,-0.000842083595730958,-0.000776841513965953,0.000289490036812889,-0.00414789658981241,-0.000842083595730958,-0.000776841513965953,0.000289490036812889,0.00194150436382469
2012-10-18,0.0124382593647474,0.0161769782157813,0.0144697677862928,0.012550381219449,0.0124382593647474,0.0161769782157813,0.0144697677862928,0.012550381219449,0.0111517130830732
2012-10-19,-0.00824266748220537,-0.00775037563988573,-0.00697637919152794,-0.00326162588854054,-0.00824266748220537,-0.00775037563988573,-0.00697637919152794,-0.00326162588854054,-0.00543781903777346
2012-10-22,0.00446078752331247,0.00905986680846127,0.00640388963950311,0.00385368735487737,0.00446078752331247,0.00905986680846127,0.00640388963950311,0.00385368735487737,0.00274914833511312
2012-10-23,-0.00559327629312978,-0.00341522738973071,-0.00349761069024331,-0.00455190246045079,-0.00559327629312978,-0.00341522738973071,-0.00349761069024331,-0.00455190246045079,-0.00374444031922585
2012-10-25,0.00741577167796903,0.0082608708945906,0.00514621738367216,0.0042435909505221,0.00741577167796903,0.0082608708945906,0.00514621738367216,0.0042435909505221,-0.00091012489987979
2012-10-26,-0.0109630618490486,-0.00912119186270305,-0.00781728506280399,-0.0103929856901143,-0.0109630618490486,-0.00912119186270305,-0.00781728506280399,-0.0103929856901143,-0.0105641573589235
2012-10-29,0.00303271469349209,0.00047234249476541,0.000977244374907982,0.000222139062697385,0.00303271469349209,0.00047234249476541,0.000977244374907982,0.000222139062697385,-0.00184521163224936
2012-10-30,-0.0231515961948611,-0.0203439854784477,-0.018002475108725,-0.0145725174241361,-0.0231515961948611,-0.0203439854784477,-0.018002475108725,-0.0145725174241361,-0.0123439567947505
2012-10-31,0.00421069047526235,0.00475585051182525,0.00445281834271394,0.00289876996901794,0.00421069047526235,0.00475585051182525,0.00445281834271394,0.00289876996901794,0.00899391829902004
2012-11-01,0.00921000979237574,0.00597726436470722,0.00652480674644784,0.00573052561521124,0.00921000979237574,0.00597726436470722,0.00652480674644784,0.00573052561521124,0.00804121928005275
2012-11-02,0.00718749465693236,0.00740997026782342,0.00746034686450647,0.00739146962534559,0.00718749465693236,0.00740997026782342,0.00746034686450647,0.00739146962534559,0.00727801301816059
2012-11-05,0.00228112354352916,0.00412220817435605,0.0036895823523686,0.00199991804488006,0.00228112354352916,0.00412220817435605,0.0036895823523686,0.00199991804488006,0.000253190934949192
2012-11-06,0.0143923579500946,0.00841907625499216,0.00693843656611759,0.00603408915367376,0.0143923579500946,0.00841907625499216,0.00693843656611759,0.00603408915367376,0.00477862643055557
2012-11-07,0.0140545820358482,0.00940178051508811,0.00863366758140982,0.00973630724660635,0.0140545820358482,0.00940178051508811,0.00863366758140982,0.00973630724660635,0.00946234671460836
2012-11-08,-0.00515368434918273,-0.00166479091533506,-0.00360313441336257,-0.00171029798079045,-0.00515368434918273,-0.00166479091533506,-0.00360313441336257,-0.00171029798079045,-0.000767418249007238
2012-11-09,-0.00919807514864635,-0.00413316078928377,-0.00449187704325216,-0.00669247756081071,-0.00919807514864635,-0.00413316078928377,-0.00449187704325216,-0.00669247756081071,-0.0098985281121034
2012-11-12,-0.00017122000517833,0.00618186463609721,0.00684506127954517,0.00614066611246875,-0.00017122000517833,0.00618186463609721,0.00684506127954517,0.00614066611246875,0.00355851947296015
2012-11-13,-0.00908456792959567,-0.00260627286110937,-0.00264726227381936,-0.00102530060322267,-0.00908456792959567,-0.00260627286110937,-0.00264726227381936,-0.00102530060322267,0.000895648069525066
2012-11-15,-0.0163693612429503,-0.000867036222974016,6.52124965929703e-05,0.00017055418251738,-0.0163693612429503,-0.000867036222974016,6.52124965929703e-05,0.00017055418251738,0.000328448839649108
2012-11-16,-0.00757846832234521,-0.00812954372163371,-0.00946209125809183,-0.0101039302932202,-0.00757846832234521,-0.00812954372163371,-0.00946209125809183,-0.0101039302932202,-0.0108089877596952
2012-11-19,-0.0129021114901334,-0.00756149240441073,-0.00607124927604966,-0.00627309463733991,-0.0129021114901334,-0.00756149240441073,-0.00607124927604966,-0.00627309463733991,-0.00540395924728984
2012-11-20,-0.0143524553590957,-0.00838006773619915,-0.00437931091855355,-0.00451763631045393,-0.0143524553590957,-0.00838006773619915,-0.00437931091855355,-0.00451763631045393,-0.00377845214387439
2012-11-21,0.0127950790205973,0.00330081756672856,0.00671550892477468,0.00639767521170767,0.0127950790205973,0.00330081756672856,0.00671550892477468,0.00639767521170767,0.00644842976207155
2012-11-22,0.0110997177963577,0.00933226502794937,0.00687414503250146,0.00565542682306891,0.0110997177963577,0.00933226502794937,0.00687414503250146,0.00565542682306891,0.00464155739602971
2012-11-23,-0.00556477721388404,-1.4412065462599e-05,-0.000432656104923305,0.000844892577755635,-0.00556477721388404,-1.4412065462599e-05,-0.000432656104923305,0.000844892577755635,0.000107695598128243
2012-11-26,-0.00234688585461951,0.000178090305826883,0.000165231644574493,0.00190739817683008,-0.00234688585461951,0.000178090305826883,0.000165231644574493,0.00190739817683008,0.00567967883209956
2012-11-27,0.0162942932841739,0.0136897142323285,0.0153824565068385,0.0132330879368088,0.0162942932841739,0.0136897142323285,0.0153824565068385,0.0132330879368088,0.0147816473865057
2012-11-29,0.0145522460234393,0.0170077620994822,0.0217734073494171,0.0208159133820454,0.0145522460234393,0.0170077620994822,0.0217734073494171,0.0208159133820454,0.0146787417865785
2012-11-30,0.00611362962335282,0.0105617175703987,0.0113158729642597,0.0134986666987847,0.00611362962335282,0.0105617175703987,0.0113158729642597,0.0134986666987847,0.00963277668137497
2012-12-03,-0.00488773235332157,0.00390260399316223,0.00646252578347354,0.00716400276062389,-0.00488773235332157,0.00390260399316223,0.00646252578347354,0.00716400276062389,0.00441326601931362
2012-12-04,0.001019634275919,0.00392961942165948,0.00176776191377059,0.00611415142626226,0.001019634275919,0.00392961942165948,0.00176776191377059,0.00611415142626226,0.00478557615939583
2012-12-05,0.00125669658801408,-0.00366935388963885,-0.00188560150528091,0.000203128013693155,0.00125669658801408,-0.00366935388963885,-0.00188560150528091,0.000203128013693155,0.00386002899491113
2012-12-06,0.00548419115671206,0.00428305014761532,0.00570521833530761,0.00681251205027389,0.00548419115671206,0.00428305014761532,0.00570521833530761,0.00681251205027389,0.00793338132331669
2012-12-07,-0.00160066599814579,-0.00044497960011769,-0.00141136973661338,-0.00405720692893749,-0.00160066599814579,-0.00044497960011769,-0.00141136973661338,-0.00405720692893749,-0.0033917701518586
2012-12-10,0.00441599517893287,0.00539298064022131,0.00257703410459631,-0.000352259388088999,0.00441599517893287,0.00539298064022131,0.00257703410459631,-0.000352259388088999,0.00367146837437043
2012-12-11,0.00742715879808897,-0.00123451044285006,0.0015392555991834,-0.00349163831447893,0.00742715879808897,-0.00123451044285006,0.0015392555991834,-0.00349163831447893,-0.00622532815343385
2012-12-12,-0.00111293035921389,-0.00163108844465237,-0.00265550976419012,-0.000284832166398463,-0.00111293035921389,-0.00163108844465237,-0.00265550976419012,-0.000284832166398463,0.000115171101770274
2012-12-13,-0.0268089917344214,-0.0122204136682793,-0.0122292156322091,-0.00944873933455892,-0.0268089917344214,-0.0122204136682793,-0.0122292156322091,-0.00944873933455892,-0.00839193371920026
2012-12-14,0.000994590678975449,0.000982416907663763,0.00329425372342877,0.00348319152732918,0.000994590678975449,0.000982416907663763,0.00329425372342877,0.00348319152732918,0.00540053803885164
2012-12-17,-0.00554781417083994,0.00276946373309311,0.0014171710979326,0.0035156002298771,-0.00554781417083994,0.00276946373309311,0.0014171710979326,0.0035156002298771,0.00192340591992803
2012-12-18,0.00331919530319347,0.00203602618433796,0.00523082966168172,0.0118674268658927,0.00331919530319347,0.00203602618433796,0.00523082966168172,0.0118674268658927,0.00961305184269554
2012-12-19,-0.00452829970303215,0.00281922452405553,0.00464589159912036,0.00267655408485956,-0.00452829970303215,0.00281922452405553,0.00464589159912036,0.00267655408485956,0.00655274739150405
2012-12-20,0.00117622209863599,0.00351073256849188,-0.00086326341885549,0.000956415390439752,0.00117622209863599,0.00351073256849188,-0.00086326341885549,0.000956415390439752,-0.00191091917370447
2012-12-21,-0.00581855589491087,-0.0102785708735202,-0.0123467953167111,-0.0143809202119685,-0.00581855589491087,-0.0102785708735202,-0.0123467953167111,-0.0143809202119685,-0.0147056418915025
2012-12-24,0.00187186167497067,0.0111361508713825,0.00713088464593022,0.0103918873248851,0.00187186167497067,0.0111361508713825,0.00713088464593022,0.0103918873248851,0.00403900099264911
2012-12-26,0.00543166454941391,0.00528146315234612,0.00679331658766924,0.0051486268062898,0.00543166454941391,0.00528146315234612,0.00679331658766924,0.0051486268062898,0.00774441629790133
2012-12-27,-0.00830085627342769,-0.00895899473845801,-0.00773303604173866,-0.0108564917624845,-0.00830085627342769,-0.00895899473845801,-0.00773303604173866,-0.0108564917624845,-0.00467170760887574
2012-12-28,0.00393035567599487,0.000641257863970179,0.00180604520357071,0.00172833373820608,0.00393035567599487,0.000641257863970179,0.00180604520357071,0.00172833373820608,0.00492705819226862
2012-12-31,-0.00409404659817048,-0.00179887970665971,0.00121454020512927,0.00285176233021966,-0.00409404659817048,-0.00179887970665971,0.00121454020512927,0.00285176233021966,0.00290516890218514
2013-01-01,0.000980287703783391,0.00450558071538443,0.00567475923136298,0.00726307574124462,0.000980287703783391,0.00450558071538443,0.00567475923136298,0.00726307574124462,0.0109683139201735
2013-01-02,0.000252475589596957,-0.000979183324124167,0.00636855789638443,0.00829118556118624,0.000252475589596957,-0.000979183324124167,0.00636855789638443,0.00829118556118624,0.00720661402405996
2013-01-03,0.00786993615308385,0.00218743722883408,0.00389232973310838,0.00782304650829541,0.00786993615308385,0.00218743722883408,0.00389232973310838,0.00782304650829541,0.00568040260467465
2013-01-04,0.00394905768313158,0.000726301144558072,-0.00148930036031273,0.000356659803283338,0.00394905768313158,0.000726301144558072,-0.00148930036031273,0.000356659803283338,0.00269464005747683
2013-01-07,0.00030985035278297,-0.00537721198660229,-0.00498626475501747,-0.00425030427228185,0.00030985035278297,-0.00537721198660229,-0.00498626475501747,-0.00425030427228185,-0.00152447582580935
2013-01-08,0.00880174932470923,0.0104694744203518,0.00721964028821601,0.00503665498218842,0.00880174932470923,0.0104694744203518,0.00721964028821601,0.00503665498218842,0.00206251792255372
2013-01-09,-0.00019516003122555,-0.00768017183365799,-0.00609309049174744,-0.00504487915305071,-0.00019516003122555,-0.00768017183365799,-0.00609309049174744,-0.00504487915305071,-0.00395044879375133
2013-01-10,-0.00612141323443294,-0.00209735798067567,5.86257891030209e-05,-0.001887301740714,-0.00612141323443294,-0.00209735798067567,5.86257891030209e-05,-0.001887301740714,-0.00244850551577023
2013-01-11,-0.0194253063191165,-0.0219167525416975,-0.0143374844386937,-0.0142738463097863,-0.0194253063191165,-0.0219167525416975,-0.0143374844386937,-0.0142738463097863,-0.0102309049848859
2013-01-14,0.00780601140323944,0.00921109011575538,0.00831985632257274,0.0102837722347684,0.00780601140323944,0.00921109011575538,0.00831985632257274,0.0102837722347684,0.0123069337109182
2013-01-15,0.00144417533613517,0.0046156070995369,0.00072021878278683,-3.44372559102357e-05,0.00144417533613517,0.0046156070995369,0.00072021878278683,-3.44372559102357e-05,0.00486977791056644
2013-01-16,-0.00367005977408097,-0.00308126702759587,-0.00911865095330866,-0.0109914449110791,-0.00367005977408097,-0.00308126702759587,-0.00911865095330866,-0.0109914449110791,-0.0126256545021048
2013-01-17,0.0033542609471604,0.00136317048476092,0.00599994608482209,0.00429571791696284,0.0033542609471604,0.00136317048476092,0.00599994608482209,0.00429571791696284,0.00431937292864054
2013-01-18,-0.00285866293981718,-0.000996054175436856,-0.00463405191441997,-0.00480350917172173,-0.00285866293981718,-0.000996054175436856,-0.00463405191441997,-0.00480350917172173,0.000466174021545411
2013-01-21,-0.00438523143244696,0.00365543088450898,0.00297684960122816,0.00120996321531991,-0.00438523143244696,0.00365543088450898,0.00297684960122816,0.00120996321531991,0.000289666897827713
2013-01-22,-0.0116032602175078,-0.0121115758262034,-0.00956452063939324,-0.0107750683774363,-0.0116032602175078,-0.0121115758262034,-0.00956452063939324,-0.0107750683774363,-0.00881627919689572
2013-01-23,-0.00316685324305743,-0.00218539388050459,0.00681667067926114,0.0035394888783131,-0.00316685324305743,-0.00218539388050459,0.00681667067926114,0.0035394888783131,-0.0035903590327683
2013-01-24,-0.0198705962261291,-0.00570769528015797,-0.0123333915565089,-0.0131212253340083,-0.0198705962261291,-0.00570769528015797,-0.0123333915565089,-0.0131212253340083,-0.0174802180510268
2013-01-25,0.0157289659247151,0.0127762877102453,0.0138993138109474,0.0162821940942898,0.0157289659247151,0.0127762877102453,0.0138993138109474,0.0162821940942898,0.0158328522030909
2013-01-28,0.00347653542450965,0.00260562407293363,0.00395060690053661,0.00282472430599343,0.00347653542450965,0.00260562407293363,0.00395060690053661,0.00282472430599343,0.00111259194330394
2013-01-29,0.00187987236370923,0.0037039531184756,-0.00261762886870724,-0.00226054733513376,0.00187987236370923,0.0037039531184756,-0.00261762886870724,-0.00226054733513376,-0.00613941946847113
2013-01-30,0.00424475758919396,0.00246320826332724,0.0005794672650364,-2.01782419942953e-05,0.00424475758919396,0.00246320826332724,0.0005794672650364,-2.01782419942953e-05,0.0010622930067432
2013-01-31,0.00894631136286539,0.00740209753479848,0.0108120534845565,0.0100515335750626,0.00894631136286539,0.00740209753479848,0.0108120534845565,0.0100515335750626,0.00360627350996744
2013-02-01,0.00405262901130271,0.00411964865728395,0.00342329347996834,0.00380260459146364,0.00405262901130271,0.00411964865728395,0.00342329347996834,0.00380260459146364,-0.00217074297907167
2013-02-04,0.00619875820761506,0.000369062626247918,-0.00127648254330951,-0.00169093019529604,0.00619875820761506,0.000369062626247918,-0.00127648254330951,-0.00169093019529604,-0.0059221480718521
2013-02-05,-0.00440113171958512,-0.0036086214339025,-0.00592432218425095,-0.00748793051722219,-0.00440113171958512,-0.0036086214339025,-0.00592432218425095,-0.00748793051722219,-0.00451980081051982
2013-02-06,0.0073031361724234,0.00325234081872139,0.00172123518092807,0.00234483002416591,0.0073031361724234,0.00325234081872139,0.00172123518092807,0.00234483002416591,0.000383794882908665
2013-02-07,-0.0201832264849233,-0.0177822088882116,-0.0134003461910521,-0.0102768406904135,-0.0201832264849233,-0.0177822088882116,-0.0134003461910521,-0.0102768406904135,-0.00802849503161513
2013-02-08,-0.00496398274474197,-0.00378241867508045,-0.00541816057192708,-0.00620666200510112,-0.00496398274474197,-0.00378241867508045,-0.00541816057192708,-0.00620666200510112,-0.0071274431656323
2013-02-11,-0.00066378335770656,-0.000936699560196319,0.000242535118640549,-0.000474745654994474,-0.00066378335770656,-0.000936699560196319,0.000242535118640549,-0.000474745654994474,0.000263493925926929
2013-02-12,-0.00322771475719497,0.00527399326754013,0.00244914920588168,0.00263334265138701,-0.00322771475719497,0.00527399326754013,0.00244914920588168,0.00263334265138701,-0.000347212585458004
2013-02-13,-0.0109118927136044,-0.00650899520963966,-0.00657046090846702,-0.00629033115063685,-0.0109118927136044,-0.00650899520963966,-0.00657046090846702,-0.00629033115063685,-0.00364881523248172
2013-02-14,-0.015653620228646,-0.0154136842140995,-0.0150446081668632,-0.0102615998512275,-0.015653620228646,-0.0154136842140995,-0.0150446081668632,-0.0102615998512275,-0.0100020364921841
2013-02-15,-0.00926133872330426,-0.00215284085043466,-0.00207259645544518,-0.00152519751449104,-0.00926133872330426,-0.00215284085043466,-0.00207259645544518,-0.00152519751449104,0.000192745556958293
2013-02-18,-0.00222903466067936,0.000331263828360406,0.00503381211473238,0.00473012464587727,-0.00222903466067936,0.000331263828360406,0.00503381211473238,0.00473012464587727,0.00413274031610661
2013-02-19,0.0035430494025499,0.00895780719201134,0.010095054454178,0.00948203946857756,0.0035430494025499,0.00895780719201134,0.010095054454178,0.00948203946857756,0.00971238263354678
2013-02-20,-0.00646816584377219,-0.00620260478051365,-0.00186895164015062,-0.00242066286561662,-0.00646816584377219,-0.00620260478051365,-0.00186895164015062,-0.00242066286561662,-0.000211799498489486
2013-02-21,-0.0265185217334694,-0.0150817922142739,-0.0202773613348247,-0.0186256456986663,-0.0265185217334694,-0.0150817922142739,-0.0202773613348247,-0.0186256456986663,-0.0163722728776923
2013-02-22,0.00644240843531962,0.00818849543154332,0.00581818972000462,0.000707633280202291,0.00644240843531962,0.00818849543154332,0.00581818972000462,0.000707633280202291,0.00208966678747736
2013-02-25,-0.00249180473110655,-0.0033750748459655,-0.0025492179461627,-0.00243019393809371,-0.00249180473110655,-0.0033750748459655,-0.0025492179461627,-0.00243019393809371,-0.00280515166403761
2013-02-26,-0.0155432936239189,-0.014604165883998,-0.0170938401930137,-0.0143443498927104,-0.0155432936239189,-0.014604165883998,-0.0170938401930137,-0.0143443498927104,-0.0163428665091992
2013-02-27,0.016843161800363,0.0108148796636438,0.00840368199293821,0.00843829824957226,0.016843161800363,0.0108148796636438,0.00840368199293821,0.00843829824957226,0.00713361792006831
2013-02-28,-0.0232685813152627,-0.0191851235060654,-0.0209386215577994,-0.0169923278460598,-0.0232685813152627,-0.0191851235060654,-0.0209386215577994,-0.0169923278460598,-0.0218970543443366
2013-03-01,0.018951587720643,0.00556518704678277,0.00509091807658812,0.00445475078703511,0.018951587720643,0.00556518704678277,0.00509091807658812,0.00445475078703511,0.00322974282339449
2013-03-04,-0.00440182536454359,-0.00837670646446198,-0.00980187679589036,-0.00821968862030942,-0.00440182536454359,-0.00837670646446198,-0.00980187679589036,-0.00821968862030942,-0.00931706768422962
2013-03-05,0.00566372473850052,0.0122726818695714,0.0141206845936672,0.0126910064887379,0.00566372473850052,0.0122726818695714,0.0141206845936672,0.0126910064887379,0.0155644156245545
2013-03-06,-0.0014969976571152,0.00195577325771362,0.00545596234477078,0.000913866090587523,-0.0014969976571152,0.00195577325771362,0.00545596234477078,0.000913866090587523,0.0093533628361339
2013-03-07,0.0112526752273943,0.0106331306809182,0.0110922470902808,0.0105397793504897,0.0112526752273943,0.0106331306809182,0.0110922470902808,0.0105397793504897,0.00631439591991934
2013-03-08,0.00688370452428577,0.00873665385344247,0.00680601716743756,0.00930541505226246,0.00688370452428577,0.00873665385344247,0.00680601716743756,0.00930541505226246,0.0107781722493776
2013-03-11,-0.00499200840759317,-0.000565445055667579,-0.000533180722496862,8.74403963202486e-06,-0.00499200840759317,-0.000565445055667579,-0.000533180722496862,8.74403963202486e-06,0.00126784784496322
2013-03-12,-0.00213994938937168,-0.00524772431958753,-0.00832968656877475,-0.00514717822829852,-0.00213994938937168,-0.00524772431958753,-0.00832968656877475,-0.00514717822829852,-0.00735341789477631
2013-03-13,-0.0281822141120563,-0.0177315946919037,-0.0169639534322868,-0.0115394793880748,-0.0281822141120563,-0.0177315946919037,-0.0169639534322868,-0.0115394793880748,-0.0119876608758198
2013-03-14,0.0204164988455799,0.0108421685974136,0.00902076253272447,0.00784487203069512,0.0204164988455799,0.0108421685974136,0.00902076253272447,0.00784487203069512,0.00827859432941268
2013-03-15,0.00830007004747668,0.000128043416276036,-0.00147228901479746,-0.000936090884092383,0.00830007004747668,0.000128043416276036,-0.00147228901479746,-0.000936090884092383,-0.00536344742642055
2013-03-18,-0.00331364992198313,-0.00119701003992873,0.000608531628028467,0.00241487913181834,-0.00331364992198313,-0.00119701003992873,0.000608531628028467,0.00241487913181834,-0.00464644556572862
2013-03-19,-0.0220113956961885,-0.0112977891670854,-0.0133260105831259,-0.0106672764409638,-0.0220113956961885,-0.0112977891670854,-0.0133260105831259,-0.0106672764409638,-0.0154776481132121
2013-03-20,-0.0295207335215029,-0.0198015441514687,-0.02177661733679,-0.0154013695129771,-0.0295207335215029,-0.0198015441514687,-0.02177661733679,-0.0154013695129771,-0.0175998272971326
2013-03-21,-0.0191115100366027,-0.0127576401108234,-0.0115906915548003,-0.0105267369914624,-0.0191115100366027,-0.0127576401108234,-0.0115906915548003,-0.0105267369914624,-0.00994158808648703
2013-03-22,0.0167327220977698,0.00347259265191491,0.00364250530361317,0.00244649196412453,0.0167327220977698,0.00347259265191491,0.00364250530361317,0.00244649196412453,-0.00187733073397059
2013-03-25,0.00588513754390485,-0.00191926827268185,-0.00256239671793172,-0.0031434381550127,0.00588513754390485,-0.00191926827268185,-0.00256239671793172,-0.0031434381550127,-0.00246248778998244
2013-03-26,0.00221362337028519,0.00555687086751533,0.000532952312366016,0.00348925127385749,0.00221362337028519,0.00555687086751533,0.000532952312366016,0.00348925127385749,-1.73907497095931e-05
2013-03-28,0.0121799219696574,0.0194450475087553,0.0183391188437774,0.0150947934249787,0.0121799219696574,0.0194450475087553,0.0183391188437774,0.0150947934249787,0.0133907971360568
2013-04-01,0.0145419764258468,0.00608153269840614,0.00648530649950924,0.00619384012491357,0.0145419764258468,0.00608153269840614,0.00648530649950924,0.00619384012491357,0.00981633163417547
2013-04-02,0.00910030089704583,0.00448888974176731,0.00759114060557116,0.00688749646708797,0.00910030089704583,0.00448888974176731,0.00759114060557116,0.00688749646708797,0.0121724403356159
2013-04-03,-0.0144448360550269,-0.00827169648575432,-0.00698670470249429,-0.00855257403113205,-0.0144448360550269,-0.00827169648575432,-0.00698670470249429,-0.00855257403113205,-0.0100085992358203
2013-04-04,-0.0198845413726748,-0.0176659723198376,-0.0166972477677924,-0.0180576061828476,-0.0198845413726748,-0.0176659723198376,-0.0166972477677924,-0.0180576061828476,-0.0182795088295397
2013-04-05,-0.00203864152342137,-0.00848316893631967,-0.00565178962367929,-0.0051944057399009,-0.00203864152342137,-0.00848316893631967,-0.00565178962367929,-0.0051944057399009,-0.00262807678204026
2013-04-08,-0.013910812943962,-0.00294174646965817,-0.00172898965926508,-0.0035369447323631,-0.013910812943962,-0.00294174646965817,-0.00172898965926508,-0.0035369447323631,-0.000383330478599798
2013-04-09,-0.000718006061854459,-0.00799133192350393,-0.0071818321507772,-0.00653756931567251,-0.000718006061854459,-0.00799133192350393,-0.0071818321507772,-0.00653756931567251,-0.00813496442473445
2013-04-10,0.0109132885336851,0.00262896261428336,0.00332703118470971,0.00666057203406106,0.0109132885336851,0.00262896261428336,0.00332703118470971,0.00666057203406106,0.00951580135009446
2013-04-11,0.0021672512030575,0.00323955336759563,0.00319369510310774,0.00646027030211044,0.0021672512030575,0.00323955336759563,0.00319369510310774,0.00646027030211044,0.0053496005206061
2013-04-12,-0.00706321431478107,0.00600823374050052,0.00327272217203334,0.00420778161315297,-0.00706321431478107,0.00600823374050052,0.00327272217203334,0.00420778161315297,-0.00180666201424913
2013-04-15,0.00151636680854539,0.00691010363729327,0.00466519397746682,0.00482877374873181,0.00151636680854539,0.00691010363729327,0.00466519397746682,0.00482877374873181,0.00105407004861059
2013-04-16,-0.00780418795524429,0.00578112904822475,0.00532989724886309,0.0125448218468186,-0.00780418795524429,0.00578112904822475,0.00532989724886309,0.0125448218468186,0.0163839251173229
2013-04-17,0.0138516558944659,0.0131995306607529,0.00875786280379324,0.0086223589688508,0.0138516558944659,0.0131995306607529,0.00875786280379324,0.0086223589688508,0.00337826665072867
2013-04-18,0.0184451237229628,0.0111625772285944,0.00787092572790993,0.0128530919568676,0.0184451237229628,0.0111625772285944,0.00787092572790993,0.0128530919568676,0.0136183541586104
2013-04-22,0.0274404857005912,0.0162132746394499,0.0120385101862728,0.0145556560113889,0.0274404857005912,0.0162132746394499,0.0120385101862728,0.0145556560113889,0.0143019954985798
2013-04-23,-0.0133787994068676,-0.00730962397653095,-0.00639319839697668,-0.00459968491154336,-0.0133787994068676,-0.00730962397653095,-0.00639319839697668,-0.00459968491154336,-0.00173139657122485
2013-04-25,0.0236079526264832,0.014739288830524,0.0106579056372112,0.0122571342917826,0.0236079526264832,0.014739288830524,0.0106579056372112,0.0122571342917826,0.0113579275997595
2013-04-26,-0.00518020742826353,-0.0060748674826529,-0.00648443786094048,-0.00754765221274828,-0.00518020742826353,-0.0060748674826529,-0.00648443786094048,-0.00754765221274828,-0.00822975144958367
2013-04-29,0.00154225445540179,0.0123324609476633,0.00979905591763293,0.00873237302427088,0.00154225445540179,0.0123324609476633,0.00979905591763293,0.00873237302427088,0.00657449352579858
2013-04-30,0.0166185569286303,0.030046963293911,0.0225985582512493,0.0166018685769466,0.0166185569286303,0.030046963293911,0.0225985582512493,0.0166018685769466,0.00217556367572299
2013-05-02,0.00668317100448435,0.00846965314632409,0.0113412582333967,0.0112232208793112,0.00668317100448435,0.00846965314632409,0.0113412582333967,0.0112232208793112,0.011254085411846
2013-05-03,0.000949170823783207,-0.00200708105683339,-0.00268410595646984,-0.00694267364737527,0.000949170823783207,-0.00200708105683339,-0.00268410595646984,-0.00694267364737527,-0.00708510005547583
2013-05-06,0.0086368069137559,0.000647616554889208,0.000550776401445778,0.000144468499631539,0.0086368069137559,0.000647616554889208,0.000550776401445778,0.000144468499631539,0.00658189258425407
2013-05-07,0.000438024828529171,0.0103524393558129,0.0130647886618981,0.0150736297487831,0.000438024828529171,0.0103524393558129,0.0130647886618981,0.0150736297487831,0.0113960361124459
2013-05-08,0.0283950749121664,0.0205772849254018,0.0164096478208472,0.0126592294325727,0.0283950749121664,0.0205772849254018,0.0164096478208472,0.0126592294325727,0.00344311158231151
2013-05-09,-0.00844738427031633,-0.00393554553162234,-0.00173517899189179,-0.00407411239210978,-0.00844738427031633,-0.00393554553162234,-0.00173517899189179,-0.00407411239210978,-0.00461907053725687
2013-05-10,-0.00121480597139967,0.00742346547189976,0.0076440468719996,0.00944400220774355,-0.00121480597139967,0.00742346547189976,0.0076440468719996,0.00944400220774355,0.0060099723754066
2013-05-11,0.00934231565702892,0.00588243642972031,0.00408787913796874,0.0035877660709609,0.00934231565702892,0.00588243642972031,0.00408787913796874,0.0035877660709609,0.00323108517915665
2013-05-13,-0.0201478234221694,-0.0252073720000768,-0.021354588625851,-0.0199721703016121,-0.0201478234221694,-0.0252073720000768,-0.021354588625851,-0.0199721703016121,-0.0165655567893999
2013-05-14,0.0138458928798608,0.00665294393399662,0.00540303851614402,0.00461397909113131,0.0138458928798608,0.00665294393399662,0.00540303851614402,0.00461397909113131,0.00361433681008242
2013-05-15,0.0141221374045801,0.0145300674486462,0.0151075664283426,0.0208103794639936,0.0141221374045801,0.0145300674486462,0.0151075664283426,0.0208103794639936,0.0222407904339914
2013-05-16,-0.00787787235578286,-0.00817473252631351,-0.00585973581123674,-0.00104708381787505,-0.00787787235578286,-0.00817473252631351,-0.00585973581123674,-0.00104708381787505,0.00514275929573314
2013-05-17,-0.00835095851543133,-0.00406441274474101,-0.00270485277417117,-0.000988536322868772,-0.00835095851543133,-0.00406441274474101,-0.00270485277417117,-0.000988536322868772,0.00373139518362915
2013-05-20,0.000938027312839873,-0.00197004837867276,0.000681155900265073,-0.00244202955055653,0.000938027312839873,-0.00197004837867276,0.000681155900265073,-0.00244202955055653,-0.00621905409940962
2013-05-21,-0.000895264521871164,-0.00321940707571972,-0.0036306649239594,-0.00467482130034128,-0.000895264521871164,-0.00321940707571972,-0.0036306649239594,-0.00467482130034128,-0.00838795014495647
2013-05-22,-0.0109047653981994,-0.000686566432028635,-0.00330966843459239,-0.00345033799728373,-0.0109047653981994,-0.000686566432028635,-0.00330966843459239,-0.00345033799728373,-0.00657642478852219
2013-05-23,-0.01170842317738,-0.0102151919295176,-0.0112164608112274,-0.0134377331539726,-0.01170842317738,-0.0102151919295176,-0.0112164608112274,-0.0134377331539726,-0.0223727756337351
2013-05-24,-0.00478710002519533,-0.00169979283150734,0.00103638752018279,0.00413717503883748,-0.00478710002519533,-0.00169979283150734,0.00103638752018279,0.00413717503883748,0.00288168434330356
2013-05-27,0.00350659843792078,0.00758726770528451,0.00979267898472543,0.0119213092327123,0.00350659843792078,0.00758726770528451,0.00979267898472543,0.0119213092327123,0.0144631060753293
2013-05-28,-0.00229198984439161,0.00264190976482348,0.00710701826205806,0.00474182796202974,-0.00229198984439161,0.00264190976482348,0.00710701826205806,0.00474182796202974,0.00443495568460179
2013-05-29,0.000489578962092674,0.00377964049520862,0.00108028992047497,-0.000657167156482563,0.000489578962092674,0.00377964049520862,0.00108028992047497,-0.000657167156482563,-0.00282786811425823
2013-05-30,-0.00368886618449715,0.00776041883935574,0.00273291337186791,0.00263180384032477,-0.00368886618449715,0.00776041883935574,0.00273291337186791,0.00263180384032477,-0.00197193230354499
2013-05-31,-0.0227548723816514,-0.0188372827254587,-0.0149094140469437,-0.0164100392949238,-0.0227548723816514,-0.0188372827254587,-0.0149094140469437,-0.0164100392949238,-0.0173444522822523
2013-06-03,-0.00799961975399993,-0.00491502126943058,-0.00579051839668778,-0.00602862666086516,-0.00799961975399993,-0.00491502126943058,-0.00579051839668778,-0.00602862666086516,-0.00191724794898314
2013-06-04,0.0041621816783024,0.0128315278436587,0.00797252525800977,0.00380941510644717,0.0041621816783024,0.0128315278436587,0.00797252525800977,0.00380941510644717,0.000538313197108676
2013-06-05,-0.00517864193486062,-0.002880698417285,-0.000563223642713921,-0.000247254595024282,-0.00517864193486062,-0.002880698417285,-0.000563223642713921,-0.000247254595024282,0.00148095471384843
2013-06-06,-0.000959292960554636,-0.00558296048418605,-0.00578169651147416,-0.00230371261231527,-0.000959292960554636,-0.00558296048418605,-0.00578169651147416,-0.00230371261231527,-0.000173541159994257
2013-06-07,-0.00362024378111347,-0.00418152920847009,-0.00130406958729853,-0.00425441749076666,-0.00362024378111347,-0.00418152920847009,-0.00130406958729853,-0.00425441749076666,-0.00665853051745045
2013-06-10,0.00336532527306677,-0.002637563294353,-0.00510621038508167,-0.00739448948434018,0.00336532527306677,-0.002637563294353,-0.00510621038508167,-0.00739448948434018,-0.00743880515415163
2013-06-11,-0.00698962209792653,-0.00673064762277142,-0.00810706015408195,-0.0123175656037963,-0.00698962209792653,-0.00673064762277142,-0.00810706015408195,-0.0123175656037963,-0.0185806200609156
2013-06-12,-0.010726389788218,-0.00503979527658632,-0.0134008838022917,-0.0108862754834029,-0.010726389788218,-0.00503979527658632,-0.0134008838022917,-0.0108862754834029,-0.00638027392039043
2013-06-13,-0.0114077211367528,-0.012708443767047,-0.0113466915769408,-0.0104500036766045,-0.0114077211367528,-0.012708443767047,-0.0113466915769408,-0.0104500036766045,-0.0124837959745428
2013-06-14,0.00981165453921795,0.0144592687281638,0.0134247948668962,0.0147788903630025,0.00981165453921795,0.0144592687281638,0.0134247948668962,0.0147788903630025,0.0167896999209668
2013-06-17,0.00500817309018653,0.00605349075676587,0.0093628940444986,0.00835586437335861,0.00500817309018653,0.00605349075676587,0.0093628940444986,0.00835586437335861,0.00684706133242364
2013-06-18,-0.00349442787375609,0.00210157069715422,0.00357158284129018,-0.000131366642665248,-0.00349442787375609,0.00210157069715422,0.00357158284129018,-0.000131366642665248,0.000358441936925527
2013-06-19,-0.000118797613201105,0.00073043147347096,0.00352468580089578,0.00359006778943932,-0.000118797613201105,0.00073043147347096,0.00352468580089578,0.00359006778943932,0.00434889515160917
2013-06-20,-0.018405055869493,-0.0156258172169726,-0.0190517823077049,-0.0240952398539201,-0.018405055869493,-0.0156258172169726,-0.0190517823077049,-0.0240952398539201,-0.0258417616746488
2013-06-21,-0.0029308215597601,-0.00814266143359688,-0.0123556401458188,-0.00952048511779299,-0.0029308215597601,-0.00814266143359688,-0.0123556401458188,-0.00952048511779299,-0.00653195491630794
2013-06-24,-0.0212344929658929,-0.0172991768752412,-0.025003913414292,-0.0227176386018521,-0.0212344929658929,-0.0172991768752412,-0.025003913414292,-0.0227176386018521,-0.0214345792072716
2013-06-25,0.00510810515677318,0.000494059993841334,0.00371646011425009,0.00445804774253633,0.00510810515677318,0.000494059993841334,0.00371646011425009,0.00445804774253633,-0.00108313543724724
2013-06-26,0.00871212087341178,-0.00585894013607358,-0.000205697726733808,-0.00323016879135798,0.00871212087341178,-0.00585894013607358,-0.000205697726733808,-0.00323016879135798,-0.00544078277877049
2013-06-27,4.07776113182656e-05,0.0118278546856044,0.0100205912944977,0.0113377308744791,4.07776113182656e-05,0.0118278546856044,0.0100205912944977,0.0113377308744791,0.0124888470969019
2013-06-28,0.00746953327494682,0.0205680437127467,0.020368183084674,0.0239797550676154,0.00746953327494682,0.0205680437127467,0.020368183084674,0.0239797550676154,0.0261248914537328
2013-07-01,0.0356106261909572,0.0322908611032871,0.0239119251667507,0.0193959390814814,0.0356106261909572,0.0322908611032871,0.0239119251667507,0.0193959390814814,0.01766906258553
2013-07-02,-0.00834045288828367,-0.0130040520649711,-0.00953648830616038,-0.00919062334963455,-0.00834045288828367,-0.0130040520649711,-0.00953648830616038,-0.00919062334963455,-0.00563706575037104
2013-07-03,-0.00806087023278412,-0.0064025048307414,-0.00795925005491912,-0.00992053370516754,-0.00806087023278412,-0.0064025048307414,-0.00795925005491912,-0.00992053370516754,-0.0179232976708344
2013-07-04,0.0174996560264171,0.0107135962102344,0.00877251297231418,0.00713995429034858,0.0174996560264171,0.0107135962102344,0.00877251297231418,0.00713995429034858,0.00764174001225884
2013-07-05,-0.00396372640991194,-0.00494385607165237,0.00016654125389981,0.00194557958167618,-0.00396372640991194,-0.00494385607165237,0.00016654125389981,0.00194557958167618,0.00382352323483143
2013-07-08,0.0177762316086005,0.011520181597536,0.00723267148611639,0.00235800756459617,0.0177762316086005,0.011520181597536,0.00723267148611639,0.00235800756459617,-0.005677071726553
2013-07-09,-0.00396835321678379,0.00361208920168643,0.00274721497058901,0.0058553403924787,-0.00396835321678379,0.00361208920168643,0.00274721497058901,0.0058553403924787,0.0115315743819501
2013-07-10,0.00174934922534797,-0.0057405920661257,-0.00455533845819693,-0.0043296753631461,0.00174934922534797,-0.0057405920661257,-0.00455533845819693,-0.0043296753631461,-0.00503450679252724
2013-07-11,0.0110208719774068,0.00585415734525696,0.00729996243120312,0.0118596191124599,0.0110208719774068,0.00585415734525696,0.00729996243120312,0.0118596191124599,0.0131045007907717
2013-07-12,0.0219337030272477,0.0141196549674656,0.0105236404804495,0.00944730350933748,0.0219337030272477,0.0141196549674656,0.0105236404804495,0.00944730350933748,0.00642068690304376
2013-07-15,0.0202175407383447,0.0149096317491564,0.0115893544981238,0.00961252769510518,0.0202175407383447,0.0149096317491564,0.0115893544981238,0.00961252769510518,0.00780959802339135
2013-07-16,0.00539019460187862,-0.00326677311564949,-0.00266563449061778,-0.0145725276149308,0.00539019460187862,-0.00326677311564949,-0.00266563449061778,-0.0145725276149308,-0.0181275288397245
2013-07-17,-0.015595064453818,-0.00808684383219893,-0.00762343965803166,-0.0118199677082204,-0.015595064453818,-0.00808684383219893,-0.00762343965803166,-0.0118199677082204,-0.0052712382031098
2013-07-18,0.00931465596642567,0.0121336825505808,0.010318258144791,0.0126457928186881,0.00931465596642567,0.0121336825505808,0.010318258144791,0.0126457928186881,0.0113019332728848
2013-07-19,0.00751468020949053,-0.00174400643620765,-0.00237948774185133,-0.00780558627525194,0.00751468020949053,-0.00174400643620765,-0.00237948774185133,-0.00780558627525194,-0.00686383181463694
2013-07-22,0.008317121771799,0.00754711301469768,0.00214535601462773,0.00412110732972917,0.008317121771799,0.00754711301469768,0.00214535601462773,0.00412110732972917,0.000745773981137206
2013-07-23,-0.00974824836162258,-0.00212809724385693,0.000611030615975857,0.00356282174174635,-0.00974824836162258,-0.00212809724385693,0.000611030615975857,0.00356282174174635,0.00764460624957651
2013-07-24,0.0146243344507986,0.000296958933154678,-0.00326632379716322,-0.0158527786397512,0.0146243344507986,0.000296958933154678,-0.00326632379716322,-0.0158527786397512,-0.0176077882408915
2013-07-25,-0.0017958625193385,0.0139489051750897,0.00524274335238695,0.0016815132565958,-0.0017958625193385,0.0139489051750897,0.00524274335238695,0.0016815132565958,-0.0108877139283805
2013-07-26,0.010786772379632,-0.00790289311838899,-0.00681179748918018,-0.00765053278660929,0.010786772379632,-0.00790289311838899,-0.00681179748918018,-0.00765053278660929,-0.00838526230785845
2013-07-29,-0.00557854264426005,-0.00761777891968413,-0.00497865857700704,-0.00716954803911676,-0.00557854264426005,-0.00761777891968413,-0.00497865857700704,-0.00716954803911676,-0.0117613850643254
2013-07-30,-0.0250118163010716,-0.0260187408634581,-0.0219625785113409,-0.0197185082276586,-0.0250118163010716,-0.0260187408634581,-0.0219625785113409,-0.0197185082276586,-0.0170638892618204
2013-07-31,0.0441385668078613,0.0323674705777974,0.0189668481492982,0.00801618470486343,0.0441385668078613,0.0323674705777974,0.0189668481492982,0.00801618470486343,-0.00268873571788772
2013-08-01,-0.00381997594200373,-0.0082349109074101,-0.00657822259365381,-0.00621326540506788,-0.0126498458728165,-0.00795734591947886,-0.00701102855942259,-0.00621326540506788,-0.0108818748366836
2013-08-02,0.0104484885263161,-0.00726775792612222,-0.00795710986385145,-0.010083162549283,-0.0249840043785605,-0.0171599090589352,-0.0169270462411493,-0.010083162549283,-0.00877583288893365
2013-08-05,0.00740016993319825,0.000573157814909631,-0.00152169125691074,0.000524848195313704,-0.00625385430337899,-0.00598262185196524,-0.00176692571731448,0.000524848195313704,0.00395171275135036
2013-08-06,-0.00497134953566492,-0.0105491001523071,-0.0100739250448628,-0.0120744984034082,-0.0161268507689493,-0.0126252127994617,-0.014442214692656,-0.0120744984034082,-0.0276824418616586
2013-08-07,-0.0138765330113744,-0.00522798703874461,-0.00590914277271541,-0.00831555271525777,0.00342055893388515,-0.00192544765338593,-0.00646189261655224,-0.00831555271525777,0.0069112235978032
2013-08-08,0.00434155732224983,0.0108501729570625,0.00619319998954334,0.00630543556320162,0.0173587885918751,0.00711902132319009,0.00696006164351888,0.00630543556320162,0.00899003709028929
2013-08-12,0.00512593719638499,0.0131181764942009,0.0150618481857281,0.0172725091402727,0.0211104157920168,0.0200298036803996,0.021321366454902,0.0172725091402727,0.010448433123396
2013-08-13,0.0172930273911707,0.026229093249679,0.0230118017349705,0.0190960218582522,0.0351651591081874,0.0258711889068705,0.0196970200139461,0.0190960218582522,0.0172246578579979
2013-08-14,-0.00252223906702931,0.00153041817285299,0.000237697937995847,0.000587515966654212,0.00558307541273528,0.00161766644050843,0.00162410097788205,0.000587515966654212,0.00899193701159698
2013-08-16,-0.0228642679817123,-0.0254092102443588,-0.0227927864951174,-0.0267328738491667,-0.0279541525070053,-0.0227570457518199,-0.0280224091383182,-0.0267328738491667,-0.0375745512073696
2013-08-19,0.00244408269874552,-0.0109872921781854,-0.0160727669960578,-0.017618339244597,-0.0244186670551163,-0.0253311918434594,-0.0243058132257112,-0.017618339244597,-0.0174990585109681
2013-08-20,-0.0127915484493945,-0.0109616613113312,-0.0114045912761005,-0.00819160766334853,-0.00913177417326805,-0.0107111126894535,-0.00665829406799989,-0.00819160766334853,-0.00387802501331221
2013-08-21,-0.012928250475124,-0.021525273977311,-0.0241875083947937,-0.026280658702477,-0.0301222974794979,-0.0298171373546285,-0.030731461444928,-0.026280658702477,-0.0131333558779597
2013-08-22,0.0241567896396253,0.0267241491047793,0.0270164383560004,0.0241499978676778,0.0292915085699332,0.0284462627141879,0.0241477339436953,0.0241499978676778,0.0114127257127583
2013-08-23,0.0148766123703639,0.0140443282714614,0.0110446796479492,0.0102404515360104,0.0132120441725589,0.00912871328674192,0.00869506459122597,0.0102404515360104,0.00923003010532668
2013-08-26,0.0082939770440833,0.00773429533674852,0.00889759478520435,0.00719737587837943,0.00717461362941374,0.00919940365576488,0.00683184215647814,0.00719737587837943,0.00474834439114938
2013-08-27,0.0021549787983326,-0.012188579360176,-0.014828530859591,-0.0179743850200234,-0.0265321375186846,-0.0233202856885528,-0.0246841729594754,-0.0179743850200234,-0.0321472323645835
2013-08-28,0.0250074236762046,0.00896084555531274,0.00989437872095652,0.00642975237745336,-0.00708573256557909,0.00233785624333249,0.000237195277869621,0.00642975237745336,-0.00604320066531685
2013-08-29,0.00875994280291947,0.0185961867469178,0.0184398319829426,0.0194931608945568,0.0284324306909161,0.0232797765729542,0.0230709002584359,0.0194931608945568,0.0178040810490466
2013-08-30,0.0164303247376034,0.0109798000681219,0.0137115732317234,0.0137680362661565,0.00552927539864045,0.0123521974787835,0.0128806067756742,0.0137680362661565,0.00870345018547366
2013-09-02,0.00174964228824637,0.00501844603702761,0.00649962079185773,0.0044627833611182,0.00828724978580886,0.00376844603702761,0.0056662874585244,0.00645335095238712,0.0143323802928769
2013-09-03,-0.0163791699616942,-0.0165516286411433,-0.0193196194760339,-0.0144138920784024,-0.0167240873205925,-0.0165516286411433,-0.0193196194760339,-0.0199671578917662,-0.0306345140375428
2013-09-04,0.0235728089785514,0.0228792719012281,0.0237357366706672,0.0179344516969014,0.0221857348239047,0.0228792719012281,0.0237357366706672,0.024005015775257,0.013689170779443
2013-09-05,-0.0296529494906141,-0.0155258668122029,-0.0114312988489312,-0.00843652455745414,-0.00139878413379158,-0.0155258668122029,-0.0114312988489312,-0.00892845474880902,0.0293875154707927
2013-09-06,0.00159604659802381,0.0072514485785834,0.00864686645615468,0.00654048212704811,0.012906850559143,0.0072514485785834,0.00864686645615468,0.00903311185270578,0.0110413793330884
2013-09-10,0.0236806554138866,0.0255894918914914,0.0212296778505056,0.0161959470117495,0.0274983283690962,0.0255894918914914,0.0212296778505056,0.0191803025075926,0.0266724261441494
2013-09-11,-0.00449353914288064,-0.00212105503218418,0.00201314013518602,0.00157383983812143,0.000251429078512277,-0.00212105503218418,0.00201314013518602,0.00403433831608391,0.0120286114484859
2013-09-12,-0.0123161490020279,-0.0118433792082097,-0.00748246499661416,-0.00554061125036831,-0.0113706094143914,-0.0118433792082097,-0.00748246499661416,-0.00562962606752349,-0.00880057738492448
2013-09-13,-0.0117899933107187,-0.00700924027837113,-0.00411166163588813,-0.00303723703262976,-0.00222848724602354,-0.00700924027837113,-0.00411166163588813,-0.00271039595692685,0.00539543340893715
2013-09-16,-0.019004845530269,-0.0102106858342745,-0.015079643902844,-0.0110888553456262,-0.00141652613828003,-0.0102106858342745,-0.015079643902844,-0.0171489407684074,-0.00512486553006756
2013-09-17,0.017092273529884,0.011957376970292,0.0074749801495327,0.00568899108945409,0.00682248041069999,0.011957376970292,0.0074749801495327,0.00481962614267625,-0.00238173065614593
2013-09-18,0.000595130451937598,0.00170276109610934,0.00377298326145207,0.00291827155349106,0.00281039174028108,0.00170276109610934,0.00377298326145207,0.00485496826329895,0.00755517534576999
2013-09-19,-5.47676318913837e-05,0.0175756848271015,0.016437624339855,0.0125081255156001,0.0352061372860943,0.0175756848271015,0.016437624339855,0.0159163977823717,0.0351548468752389
2013-09-20,-0.00296637740470462,-0.0104952382793963,-0.00631893064483424,-0.00465510832665347,-0.018024099154088,-0.0104952382793963,-0.00631893064483424,-0.00448340765299207,-0.0162484130384867
2013-09-23,0.00835320098001513,0.0057049592228593,0.000355729996327788,0.000439268264175452,0.00305671746570346,0.0057049592228593,0.000355729996327788,-0.00185544358934159,-0.017711905130214
2013-09-24,-0.00385816845410669,-0.00137501106023358,-1.39495523944951e-05,5.90579154204629e-05,0.00110814633363954,-0.00137501106023358,-1.39495523944951e-05,0.000877916798097317,0.000331048459725675
2013-09-25,0.00225977082904927,0.00913320617363855,0.0104733312424596,0.00794042644064813,0.0160066415182278,0.00913320617363855,0.0104733312424596,0.0110076388221869,0.00257574985498762
2013-09-26,-0.00363410955585297,-0.00608896624327815,-0.00118217210683147,-0.000827284132549788,-0.00854382293070333,-0.00608896624327815,-0.00118217210683147,0.00113246452242222,0.000235351685958674
2013-09-27,0.00107558916437034,-0.00547706907126616,-0.00357157493711254,-0.00260343230262602,-0.0120297273069027,-0.00547706907126616,-0.00357157493711254,-0.00256801276547272,-0.00640550958332201
2013-09-30,0.00015317789424163,-0.00714205586482125,-0.00492369247935328,-0.00349602376314434,-0.0144372896238841,-0.00714205586482125,-0.00492369247935328,-0.003852956022313,-0.0129257214436743
2013-10-01,0.00169345046001013,0.00695347643836219,0.00560887720982824,0.00594655000916909,0.0122135024167143,0.00695347643836219,0.00560887720982824,0.00469115520362223,0.00890196675811697
2013-10-03,0.0219066507364103,0.0198910655906035,0.0170889598478651,0.0159004281449125,0.0178754804447967,0.0198910655906035,0.0170889598478651,0.0149791574637755,0.0202570120809419
2013-10-04,-0.00102167642567141,-0.0015773588334354,-0.000822485473460458,-0.000207060372594131,-0.0021330412411994,-0.0015773588334354,-0.000822485473460458,-0.000858067079493097,0.00104736811553974
2013-10-07,0.013076069711937,0.00874063030778938,0.0094043562784009,0.00940304754590882,0.00440519090364178,0.00874063030778938,0.0094043562784009,0.00929568564180372,0.00264522508069755
2013-10-08,-0.00313521664568783,0.00942223227593525,0.00686517343388948,0.00512720502773198,0.0219796811975583,0.00942223227593525,0.00686517343388948,0.00538460701692836,0.00162439234588925
2013-10-09,0.0153429765416864,0.0131871770284061,0.0151693947094309,0.013249932531683,0.0110313775151258,0.0131871770284061,0.0151693947094309,0.0159554507682721,0.0138186912009743
2013-10-10,0.00459364068194135,0.00421390220140994,0.00371434402963589,0.00746758324556029,0.00383416372087853,0.00421390220140994,0.00371434402963589,0.00362753240106151,0.00406901773739697
2013-10-11,0.0309616139544833,0.019075036799991,0.00885797841596288,0.0071524810241036,0.00718845964549875,0.019075036799991,0.00885797841596288,0.00387930469362979,0.00636131988252855
2013-10-14,0.0215993512740313,0.0129607812421252,0.00736636383027615,0.00778847522746343,0.00432221121021903,0.0129607812421252,0.00736636383027615,0.00450853896160971,0.00179805490941491
2013-10-15,0.00645856608000539,0.00580596679318923,0.00282695202455815,0.0017358717867271,0.00515336750637307,0.00580596679318923,0.00282695202455815,0.000999621525032496,-0.00939424372490249
2013-10-17,-0.0332338271413833,-0.0193474216292698,-0.0147465943001318,-0.0125431969112814,-0.00546101611715621,-0.0193474216292698,-0.0147465943001318,-0.0123999345930658,-0.00433443044902231
2013-10-18,0.0109122047862504,0.0101690415533652,0.0105460755676312,0.00690570119724002,0.00942587832047992,0.0101690415533652,0.0105460755676312,0.0104158551645623,0.0179291659695226
2013-10-21,-0.00434663621882758,-0.00195260503640871,-0.00121033715931433,-0.000409084061642306,0.000441426146010171,-0.00195260503640871,-0.00121033715931433,-0.000699690665370234,0.00888814165801756
2013-10-22,0.0069269857443035,0.00444438415952908,0.00356728342087583,0.00511744955859661,0.00196178257475466,0.00444438415952908,0.00356728342087583,0.00312952082174339,0.00253004245933705
2013-10-23,-0.00959806898730819,-0.00922303384326523,-0.00900228536551332,-0.00643218917637917,-0.00884799869922226,-0.00922303384326523,-0.00900228536551332,-0.00867399508396435,-0.00215256927366741
2013-10-24,-0.0167521792068233,-0.0126071795704652,-0.0101519596776083,-0.00634375901585246,-0.00846217993410714,-0.0126071795704652,-0.0101519596776083,-0.00856537803202223,-0.00242881278819168
2013-10-25,0.0155703071654834,0.00101209415905495,-0.00240747272346716,0.000194876901066565,-0.0135461188473734,0.00101209415905495,-0.00240747272346716,-0.00380845896695814,-0.00508030043146287
2013-10-28,-0.00332939360145756,-0.0108264424941493,-0.0105904258728836,-0.00807045970605846,-0.018323491386841,-0.0108264424941493,-0.0105904258728836,-0.0104552165348589,-0.00961224121818511
2013-10-29,0.00442899806852681,0.00587356518932525,0.00890571485680229,0.00745581799070633,0.00731813231012368,0.00587356518932525,0.00890571485680229,0.0106008927659749,0.0206367103900711
2013-10-30,0.00149069527401124,0.0129502083800392,0.0129600483714921,0.0110691122539784,0.0244097214860672,0.0129502083800392,0.0129600483714921,0.0126146243826072,0.00556988773003834
2013-10-31,0.00199572819371974,0.00776203228698791,0.00036276021192779,0.00186511630826738,0.0135283363802561,0.00776203228698791,0.00036276021192779,-0.00254636198650462,0.0110135795243126
2013-11-01,0.00951972771034532,0.00327850827382076,0.00331268859882737,0.00562937231057904,-0.00851551735764083,-0.00314389089042438,-0.00179280393156397,-0.00525067796735844,0.00989243732309286
2013-11-03,0.00458518151044718,0.0101501396872468,0.00609369825331877,0.00599155909417193,0.0027216945788866,0.00385274521694678,0.00475710355651208,0.00515910111578977,0.0053812435426549
2013-11-05,0.00131444693374383,0.000537285834440682,-0.00167769528270882,-0.00171023708840995,-0.0112621527847903,-0.0169177275224152,-0.0174017185391104,-0.0195460592267023,-0.00345104330548857
2013-11-06,-0.0114083470226245,-0.00374472215769117,-0.00738185214115132,-0.00702665202012664,0.0136321624257651,0.0116263060597039,0.0106105224802226,0.00666550245453715,-0.00558803210419761
2013-11-07,0.0091300249067372,0.00829335342130322,-0.00037543880540114,-0.00262542705271579,0.0128392559014934,-0.00178761611779465,-0.0009757264905171,-0.00140218930776073,-0.0100944196951861
2013-11-08,0.00298066926929996,-0.000423298817560536,-0.0053312802133922,-0.00547157912888552,9.54990121821986e-05,0.00604329646888246,0.00446564909684799,0.00233206244945316,-0.00291864542789453
2013-11-11,-0.0111551647905599,-0.00412096729887346,-0.00859312325483304,-0.00906711889453723,0.000665445191785574,-0.00396754431722596,-0.00140941414807579,-0.00434099378994765,-0.00841225521516238
2013-11-12,-0.0177204890635079,-0.0163398240923188,-0.015503236460166,-0.0155595112785953,-0.00540650151936717,-0.0114097011158724,-0.00741553500604201,-0.00386483363036705,-0.00843010533770708
2013-11-13,0.00176110860294076,0.00523155949214327,0.000145628387127061,0.00129500680322092,-0.006198454484035,-0.000748634991891928,-0.000714920155878558,-0.00328201551686078,-0.00360760375664711
2013-11-14,0.0138517980520327,0.010904805643189,0.0169834662814251,0.0202263427308963,0.000321811800436445,0.0103472982049292,0.00435891516923089,0.00407221989189979,0.0129701961941959
2013-11-18,0.0092540888451309,0.00773683136067005,0.014923008672411,0.0138920484935993,0.0131297188068644,0.0160471655444858,0.0132146021709117,0.0168953107399772,0.0166987850305729
2013-11-19,0.00199837654655766,0.000327667809576271,-0.000109207717426692,0.000712115962526821,0.00284395931530645,0.0074304382660495,0.00403573370488615,0.00181357053835673,0.00268206855382708
2013-11-20,0.000966316951960255,0.00193811003002575,-0.00354665572045817,-0.00603188804416971,-0.00983162744306454,-0.013883432514018,-0.013544252557243,-0.0124219329513258,-0.00871911884528324
2013-11-21,-0.0166401730432826,-0.0125781753220052,-0.0169640895912128,-0.0150123911704705,-0.0166316904504935,-0.0156059561795079,-0.0156797473490465,-0.0164030862156092,-0.0178411579182501
2013-11-22,-0.00254287643982543,0.000994530333347399,0.000493360020871118,-0.00258180246784973,0.00209443344101889,-0.00119847356108421,-0.000355476339631881,-0.00170442034212656,0.00080627528603827
2013-11-25,0.00994583074327338,0.00609881983509997,0.0154804842494783,0.0167337241386906,-0.000188622226188317,0.0012056541284769,0.00281316671489062,0.00742197824236226,0.0165652011294749
2013-11-26,-0.00930566546499023,-0.00832147643413311,-0.0091264852739044,-0.00560985029232033,-0.00290492457744718,0.0003537558164462,-0.0026960917000168,-0.0043661251563922,-0.00699321997088807
2013-11-27,0.00386817153084928,-0.000574599667580777,-0.000517240005513564,0.00212466563699726,-0.00638117365581325,-0.00528392338530065,-0.00474845989046228,-0.00166339115028563,-0.000867636987454297
2013-11-28,0.0103441416351699,0.00691394010580471,0.00505319128396501,0.0048643207988629,0.00527961915487185,0.00295894596661572,0.00299367714516915,0.00274414545220636,0.00561377364194948
2013-11-29,0.0172970765607112,0.0134200676268463,0.0152748294073856,0.0117974371167102,0.00827654053437521,0.00925159541920073,0.0100072639758457,0.0110566407879325,0.0138412591974884
2013-12-02,0.00931373794133056,0.00584242715558764,0.00912535788254361,0.00975266199106491,0.00726624160981698,0.0067693720283204,0.0113269490687227,0.0128257710434646,0.00899880675352173
2013-12-03,0.00779753061119925,0.000390324569930933,-0.00189593127424122,-0.000888925138652658,-0.00530826689503761,-0.00187680937432061,-0.00231956500511169,-0.00213925696143785,0.00101018352987721
2013-12-04,-0.00447354508113385,-0.00146503582684415,-0.00312740267711316,-0.00576781080808528,-0.00327302047175226,-0.00113969457809521,-0.00239284030727231,-0.00328041346312186,-0.00670953116099322
2013-12-05,0.0147524408676825,0.0207602586813044,0.028498032318464,0.0280245379802818,0.00575173614681668,0.000512690485304834,-0.00401588870803341,-0.00682191992772385,0.00844218905715498
2013-12-06,0.00690918423317122,0.00950369939932849,0.00808283784821688,0.00734510532500343,0.000463505739291659,-0.00014944192391908,0.000880960111903306,0.00153569988280872,0.004082052016924
2013-12-09,0.00872589882755115,0.01554409858142,0.0194362810478252,0.0207905148700034,0.00451708726222289,0.00504954501071697,0.00422657687306338,0.0036722978574743,0.0130103955271455
2013-12-10,-0.0100227903289735,-0.0141794699747658,-0.0154598959666544,-0.0158517725980418,0.00424582369657966,0.0116311987307881,0.008739126709709,0.00732077469346942,-0.00781998151983596
2013-12-11,-0.00467928154261155,-0.0131242055172546,-0.0091336566798376,-0.00907477988296004,-0.0181001587140784,-0.0100285673935826,-0.0075681485599041,-0.00621719037321233,-0.00434521384103426
2013-12-12,-0.000452529640691424,-0.00619930809298697,-0.00841271355544589,-0.00770750692281605,-0.009423255494033,-0.00821582913744723,-0.00853358707307816,-0.00861533694667749,-0.00724400437526013
2013-12-13,-0.0233812225844099,-0.0241225642192662,-0.022956868566342,-0.0216550149571448,-0.00660347880429124,-0.00370968849645892,-0.00440063715364273,-0.00463346782518789,-0.013113134160808
2013-12-16,-0.000999258282512017,-0.003708134543849,-0.00182074325148932,-0.00115825967522754,-0.00264916401051296,0.00719513887094397,0.00648528526551303,0.00692734719263952,0.0024996703367743
2013-12-17,0.00331528744521781,-0.00338956787823819,-0.00620853928347087,-0.00529761372598372,0.00613939797455942,0.00356795630907081,0.00824780923026395,0.00986954333374696,-0.00060150740343606
2013-12-18,0.0208846155822666,0.0255753226163975,0.0213949516634863,0.0224549124349471,0.00644325408711288,0.00606555860553037,0.00739110225824802,0.00860858825079136,0.0143374603296304
2013-12-19,-0.000412771762384412,-0.00966822367364534,-0.0146456160470774,-0.0141860127116387,0.0104785238708249,0.0140254053872123,0.0129131273668944,0.012187163573081,-0.00449991274215668
2013-12-20,0.013435729573209,0.0163770211533528,0.0167108220054086,0.017877588973314,0.0126027397260275,0.0148365022838199,0.0120381865614367,0.0107758027424753,0.0158821677627618
2013-12-23,0.0136948862817587,0.0150512316410442,0.0129048946021006,0.0154805772922302,-0.00397050865800874,-0.00740212632243392,-0.00504528409079537,-0.00320638665029355,0.00772618064116203
2013-12-24,0.00697062240501189,0.00534389962842452,0.00175883933622974,0.0028943321176976,-0.00159589278316907,-0.000475314627348677,-0.00044865147366883,0.000215002724015173,0.00174534721062322
2013-12-26,0.00769152131476347,0.0031921245095618,0.0043193073342986,0.00462639845161231,-0.00127875498238317,0.00141702200317217,-0.000786497305519792,-0.00154452965886465,0.00230338287478522
2013-12-27,-0.0043188197158468,0.00210191776194535,0.00318817092082472,0.00311635194742205,0.00945310903766261,0.0126271070050191,0.0110424853939733,0.010249814079269,0.00514411430307205
2013-12-30,0.00674892167660479,-0.000803715848760211,-0.00317813809111304,-0.00532445329801115,-0.000694922344114723,-0.00449917080619927,-0.00475062769246852,-0.0046739903443492,-0.00394581734057021
2013-12-31,0.000983142006188098,0.00313781144018321,0.00290477357045334,0.0028811694535173,-0.00138405968335431,0.000267985158557194,0.000791293651896193,0.00123363537164439,0.00389988494937212
2014-01-01,0.0177982670287057,0.00888468974395104,0.00779787873240663,0.0120071917840115,0.0197823000473261,0.00700118485108853,0.00608041927761179,0.0059663786355383,0.00502460989333649
2014-01-02,-0.0301529621928243,-0.0263622063872218,-0.0218481870528076,-0.0234828167215685,-0.0307287384974408,-0.0145441501659916,-0.0115308232656601,-0.0118531545452399,-0.0173578049150772
2014-01-03,-0.000541250414329286,-0.00278530443162872,0.00544511532861858,0.00650117897930858,0.0114363102851553,0.0159975595008949,0.012325429574188,0.0147205608929193,0.00199930018954215
2014-01-06,0.00140633396023637,0.00485194883241569,0.00964746291198182,0.00538202906535801,-0.00321221588795795,-0.00328406224838063,-0.000702657271195746,0.00428262981438171,0.000480188414187469
2014-01-07,-0.00718528734861212,-0.00232830012638624,0.000221756391605191,-0.0042039493314647,0.00270017232255526,-0.0047686261885721,-0.00244842726030411,-0.000505853088331065,-0.00591046226423529
2014-01-08,-0.00675170692778326,-0.00559205697259479,-0.00039598796889669,-0.0018148622611876,0.000879590787301376,0.000901800608511083,0.0045958272086218,0.00594590791609123,0.00297877190167478
2014-01-09,-0.0213493176890703,-0.0143446002533795,-0.0106635138212691,-0.0144116372782009,-0.0127631383259197,-0.00405779131873796,-0.000345180300831045,-0.0010842204648854,-0.00516023567163632
2014-01-10,-0.0155468098415346,-0.0115968570792955,-0.00627429194848717,-0.0087808429868792,0.0024514167545433,0.0120258839702234,0.00880109671137038,0.00769353211181018,-0.00610203471207685
2014-01-13,0.00672905938780999,0.00335454157976078,0.00436240509265747,0.00522536178890121,0.0035998251318341,0.0159814010236284,0.00845445100381477,0.00793537128247379,0.00622402522827941
2014-01-14,-0.00834962349991675,-0.00360547787059728,-0.00796209780108966,-0.00979340453036082,0.00496178270250391,-0.000667585003969517,0.00195942499166135,-0.00269926567177259,-0.00500567982080447
2014-01-15,0.0131890085702038,0.0105154469076438,0.0031532646932763,0.00561786637331069,0.00636632080838728,0.00664112539424699,0.00460582827557861,0.000561596272819265,0.0081663591991099
2014-01-16,-0.00302748731639857,-0.00114004418187347,0.00275981631175463,0.00335156013899793,-0.0345442554107894,-0.0142033213237638,-0.0125215317722543,-0.006751264504438,-0.00302329709899855
2014-01-17,-0.016211675031395,-0.0125102196409788,-0.0159391466795491,-0.0183850077363114,-0.0166319296802571,-0.0203312025199701,-0.0135833884218909,-0.0158867915055907,-0.0108521690150788
2014-01-20,0.00842399281247497,0.00645995552880985,0.0126085273535349,0.0112718650040051,0.0198124375323414,0.0235463011553858,0.0155486619214688,0.0178879141918478,0.00816756777277087
2014-01-21,0.00418563212307244,0.0013054536015874,0.00156172283505048,0.00268026211455141,-0.000423999777574013,-0.003076144447614,-0.00376059406784849,-0.00230188022539221,0.00310128829016003
2014-01-22,0.00265288105517913,0.00226679517562822,0.00186076085679051,0.00315936154309843,0.00413748983011963,0.00336329325662654,0.00750389906147671,0.0058900973508863,0.00412101496159043
2014-01-23,0.00432799926406502,0.000542573969308902,-0.00575495262711556,-0.00489542894518219,0.00317170122297461,0.000275728177950241,0.00129137004116657,-0.0036189739241162,-0.00169217102628116
2014-01-24,-0.0255682189916647,-0.0231745675130012,-0.0207344431491302,-0.0234298548101502,-0.0146693359105343,-0.0110940730844313,-0.0120041500069084,-0.0129666611105284,-0.0161755901534661
2014-01-27,-0.0532883929330774,-0.0405292693771634,-0.0345841025119552,-0.0445210867035599,-0.0360037832346656,-0.0213813450382961,-0.0171969441772735,-0.0185711503283399,-0.0282612058018971
2014-01-28,0.00636400601412745,0.00342011818154198,0.00441456856486644,0.00662596281195627,-0.0114901595976626,-0.0108120638604727,-0.0105257462516828,-0.00629344235588328,0.000873636473975294
2014-01-29,-0.000930241298955137,0.0020848989660579,0.000676557949384593,-0.00116645091528214,0.00161746866154444,0.00379669389341808,0.00471734004924662,0.00300297401594446,1.09934091457139e-05
2014-01-30,-0.0169950623089583,-0.0080369534807867,-0.0102010269498331,-0.0147130902074726,-0.0122508900062391,-0.00701650795179648,-0.00609263819923752,-0.00820177212140963,-0.0116221798981843
2014-01-31,0.0140310759869113,0.0135850784115977,0.013489992675567,0.0151622668613227,0.0304088699968788,0.0191896411640976,0.0135638688623436,0.0134978569476341,0.0120692662863858
2014-02-03,-0.0252394019818546,-0.0221736633484416,-0.0160769845921473,-0.0135094714843251,-0.0227394019818546,-0.0196736633484416,-0.0144103179254806,-0.0122594714843251,-0.0106399948646402
2014-02-04,0.0294823069259438,0.00552764419133328,0.00256758878747039,0.00021635205030604,0.0294823069259438,0.00552764419133328,0.00256758878747039,0.00021635205030604,0.00238335642056941
2014-02-05,0.00023655913978482,0.00567438003773546,0.00529518154916908,0.00560460719600597,0.00023655913978482,0.00567438003773546,0.00529518154916908,0.00560460719600597,0.00472989586811058
2014-02-06,0.0105208086975841,0.00410731108459556,0.00203251482593144,0.0013861359302641,0.0105208086975841,0.00410731108459556,0.00203251482593144,0.0013861359302641,0.000891167048442965
2014-02-07,-0.0145672725725349,-0.00974099934033218,-0.00257074753307033,0.000803891358118286,-0.0145672725725349,-0.00974099934033218,-0.00257074753307033,0.000803891358118286,0.00795817159157867
2014-02-10,-0.029946670313141,-0.0164841639922921,-0.0140858220597942,-0.00836786222745442,-0.029946670313141,-0.0164841639922921,-0.0140858220597942,-0.00836786222745442,-0.000914683240074316
2014-02-11,0.00685531138248785,0.0081574110346978,0.00632360147075343,0.00843174355828613,0.00685531138248785,0.0081574110346978,0.00632360147075343,0.00843174355828613,0.000856343816619079
2014-02-12,0.010080318325842,0.00656380661096034,0.00306371836321802,0.00588218206372373,0.010080318325842,0.00656380661096034,0.00306371836321802,0.00588218206372373,0.00221559936075315
2014-02-13,-0.0179313967230336,-0.00991445716766953,-0.00883200235274328,-0.00813944752061577,-0.0179313967230336,-0.00991445716766953,-0.00883200235274328,-0.00813944752061577,-0.0138526922697061
2014-02-14,0.00960481354924969,0.0116992455824602,0.00674242703446152,0.00597616881186647,0.00960481354924969,0.0116992455824602,0.00674242703446152,0.00597616881186647,0.00166610474903037
2014-02-17,-0.0119782507927867,-0.00537682377399712,-0.00232563214279924,-0.000880387071607341,-0.0119782507927867,-0.00537682377399712,-0.00232563214279924,-0.000880387071607341,0.00220718696296842
2014-02-18,0.0006031946978442,0.0011799438762311,0.00231390836401705,0.00582669308605493,0.0006031946978442,0.0011799438762311,0.00231390836401705,0.00582669308605493,0.0100681540363811
2014-02-19,0.00490451453492691,0.00994807343057003,0.00811726220363251,0.00801201989362038,0.00490451453492691,0.00994807343057003,0.00811726220363251,0.00801201989362038,0.00346516281755126
2014-02-20,-0.011723754860211,-0.00884747599474889,-0.00837114296993061,-0.000308379619092025,-0.011723754860211,-0.00884747599474889,-0.00837114296993061,-0.000308379619092025,-0.00478062512313229
2014-02-21,-0.0149802910627839,-0.00100329847437286,0.0033790773478702,0.00483687221511403,-0.0149802910627839,-0.00100329847437286,0.0033790773478702,0.00483687221511403,0.00851983283083382
2014-02-24,-0.00690032942035723,-0.00510304781370768,-0.0029696301159163,-0.000523424803674705,-0.00690032942035723,-0.00510304781370768,-0.0029696301159163,-0.000523424803674705,0.00428986507223354
2014-02-25,0.00523993381136245,0.00734950983283067,0.00785513155632726,0.00719184025306491,0.00523993381136245,0.00734950983283067,0.00785513155632726,0.00719184025306491,0.00271110665209885
2014-02-26,-0.0067291571406799,-0.00149643862522036,0.000179839297235307,-0.000266186586534795,-0.0067291571406799,-0.00149643862522036,0.000179839297235307,-0.000266186586534795,0.00300382500851577
2014-02-28,0.0156900956750579,0.0145941355512602,0.0157568191178936,0.00981068159253448,0.0156900956750579,0.0145941355512602,0.0157568191178936,0.00981068159253448,0.00715132629130862
2014-03-03,-0.0150210519163049,-0.0132942896174362,-0.00866395103348281,-0.011135701585851,-0.0150210519163049,-0.0132942896174362,-0.00866395103348281,-0.011135701585851,-0.00503764163824083
2014-03-04,-0.00123253008375124,0.00156109569294238,0.00267662098872234,0.000722995014009853,-0.00123253008375124,0.00156109569294238,0.00267662098872234,0.000722995014009853,0.0131171316403598
2014-03-05,0.0039951858925722,0.00817567162303245,0.00694953653141635,0.0047355072073349,0.0039951858925722,0.00817567162303245,0.00694953653141635,0.0047355072073349,0.0075674988053162
2014-03-06,0.0016912625053096,0.00481984274699732,0.0013564260452917,0.000406048251127722,0.0016912625053096,0.00481984274699732,0.0013564260452917,0.000406048251127722,0.0148707085806485
2014-03-07,-0.0194743478343817,-0.0250540866775236,-0.0240564009609723,-0.0226483211816225,-0.0194743478343817,-0.0250540866775236,-0.0240564009609723,-0.0226483211816225,0.0134904868314982
2014-03-10,-0.024399907667898,-0.0187119034943831,-0.015555895315476,-0.0162942766540447,-0.024399907667898,-0.0187119034943831,-0.015555895315476,-0.0162942766540447,0.00579585334819269
2014-03-11,0.00194177925722872,0.000357603560991182,-0.00391737405338266,-0.00503568792732956,0.00194177925722872,0.000357603560991182,-0.00391737405338266,-0.00503568792732956,-0.00222637750967023
2014-03-12,0.00498708894064159,0.00220002022251881,0.00266932969049327,0.00525316860426059,0.00498708894064159,0.00220002022251881,0.00266932969049327,0.00525316860426059,-0.000426297340445524
2014-03-13,-0.0420034462704115,-0.0313317436602139,-0.020328747316432,-0.0183408937578585,-0.0420034462704115,-0.0313317436602139,-0.020328747316432,-0.0183408937578585,-0.00543558803658529
2014-03-14,-0.0024988018156018,-0.00273852205056346,-0.00042826525304925,0.00218151004727768,-0.0024988018156018,-0.00273852205056346,-0.00042826525304925,0.00218151004727768,0.000400277819943207
2014-03-18,-0.00791840603098981,-0.00107924173766338,0.0025166324276101,0.00204169717720543,-0.00791840603098981,-0.00107924173766338,0.0025166324276101,0.00204169717720543,0.00698007307268177
2014-03-19,-0.0219344644013652,-0.0179454313440485,-0.0118226300746023,-0.00771352718587193,-0.0219344644013652,-0.0179454313440485,-0.0118226300746023,-0.00771352718587193,0.00323269462699793
2014-03-20,0.0168959986329407,0.0142803971884993,0.0106187190668979,0.00838260889278791,0.0168959986329407,0.0142803971884993,0.0106187190668979,0.00838260889278791,-0.00885495500965682
2014-03-21,0.00614885186422875,0.00163400028288901,0.00618517458437725,0.0035567475706173,0.00614885186422875,0.00163400028288901,0.00618517458437725,0.0035567475706173,0.00652517000383035
2014-03-22,0.000747777071333111,0.00239907550258622,0.00163645439271298,0.00281384527899464,0.000747777071333111,0.00239907550258622,0.00163645439271298,0.00281384527899464,0.00142847809322569
2014-03-24,-0.00135788912721502,-0.00346008786132757,-0.00544811976588311,-0.00560360606017452,-0.00135788912721502,-0.00346008786132757,-0.00544811976588311,-0.00560360606017452,0.00851886141775164
2014-03-25,-0.00688128711498681,-0.00154733348383773,0.000114408811859423,0.000115617900631748,-0.00688128711498681,-0.00154733348383773,0.000114408811859423,0.000115617900631748,0.00477978672830529
2014-03-26,-0.00835166684354804,-0.0039861821731792,-0.00257088628412949,-0.00710356792542405,-0.00835166684354804,-0.0039861821731792,-0.00257088628412949,-0.00710356792542405,0.00175694398666895
2014-03-27,-0.000628637322544812,0.000588768379773286,0.00174462740466101,-0.00104235553543963,-0.000628637322544812,0.000588768379773286,0.00174462740466101,-0.00104235553543963,0.00721425106950546
2014-03-28,0.00631927078509453,0.00485589192984426,0.00367487367338041,0.00525249101434871,0.00631927078509453,0.00485589192984426,0.00367487367338041,0.00525249101434871,0.0149650510805562
2014-03-31,0.00244280781008221,0.00136885303509116,0.00306332847509072,0.0022349443955415,0.00244280781008221,0.00136885303509116,0.00306332847509072,0.0022349443955415,0.00658722727040412
2014-04-01,0.0152418205640725,0.0103393449024839,0.00610202851759358,0.00507145266035118,0.0152418205640725,0.0103393449024839,0.00610202851759358,0.00507145266035118,-0.000418138283585542
2014-04-02,0.00425416868023731,0.0149740863653627,0.0170758764149242,0.0205166183460033,0.00425416868023731,0.0149740863653627,0.0170758764149242,0.0205166183460033,0.0130845922527425
2014-04-03,-0.000832971409757133,-0.00194224409654975,-0.0060436346897537,-0.0043788927992772,-0.000832971409757133,-0.00194224409654975,-0.0060436346897537,-0.0043788927992772,-0.00443194060628185
2014-04-04,-0.00871781632126178,-0.00286515657685404,-0.00234123683361254,-0.00212499579730496,-0.00871781632126178,-0.00286515657685404,-0.00234123683361254,-0.00212499579730496,2.06704010822085e-05
2014-04-07,-0.00159297047322204,-0.00855880854818103,-0.00171038634965511,-0.00212673335525113,-0.00159297047322204,-0.00855880854818103,-0.00171038634965511,-0.00212673335525113,-0.00209035195002037
2014-04-09,-0.0104087717118174,-0.00431292162591096,-0.00414574058224826,-0.00138259657544082,-0.0104087717118174,-0.00431292162591096,-0.00414574058224826,-0.00138259657544082,0.0176243886812564
2014-04-10,-0.0105307150648848,-0.0106450723671071,-0.0100848739820035,-0.00840989040817822,-0.0105307150648848,-0.0106450723671071,-0.0100848739820035,-0.00840989040817822,0.00343547404722006
2014-04-11,0.0144655160387814,0.00776772145787674,0.0073271551342872,0.0081531352209222,0.0144655160387814,0.00776772145787674,0.0073271551342872,0.0081531352209222,-0.000122475061335833
2014-04-15,0.0192870375675624,0.00794503822610776,0.0062836516853975,0.0045788591894351,0.0192870375675624,0.00794503822610776,0.0062836516853975,0.0045788591894351,-0.0111023339630621
2014-04-16,-0.0230124876215246,-0.0136135274299622,-0.0132142609481715,-0.011964931317753,-0.0230124876215246,-0.0136135274299622,-0.0132142609481715,-0.011964931317753,-0.0101453071114595
2014-04-17,0.0126235359325826,0.0124202876534911,0.0118842537588603,0.0105854662370357,0.0126235359325826,0.0124202876534911,0.0118842537588603,0.0105854662370357,0.0152949720500002
2014-04-21,-0.00635524603732285,-0.000812499442648829,0.00483456502966291,0.00766458187013835,-0.00635524603732285,-0.000812499442648829,0.00483456502966291,0.00766458187013835,0.0081383961608214
2014-04-22,-0.00523603620432178,-0.00116785318805779,-0.00103084385441932,-0.00141975700905436,-0.00523603620432178,-0.00116785318805779,-0.00103084385441932,-0.00141975700905436,0.000101865243926427
2014-04-23,-0.000771240490029856,-0.000486501951126428,-0.000675492076556409,0.00220445762732321,-0.000771240490029856,-0.000486501951126428,-0.000675492076556409,0.00220445762732321,0.00244431560287684
2014-04-25,0.000318322326284148,-0.00101130278455031,0.00424029418377625,0.00497839562441299,0.000318322326284148,-0.00101130278455031,0.00424029418377625,0.00497839562441299,-0.00201214177836753
2014-04-28,-0.0014770439950158,-0.00238708481483091,-0.0016049749872726,0.00160704361087491,-0.0014770439950158,-0.00238708481483091,-0.0016049749872726,0.00160704361087491,0.00254756476779259
2014-04-29,-0.00104822708515118,-0.00513100561547414,-0.00369238369845445,-0.00114827715004251,-0.00104822708515118,-0.00513100561547414,-0.00369238369845445,-0.00114827715004251,-0.00725387396956634
2014-04-30,-0.00255509207075844,-0.00694462237021465,-0.0131163849099866,-0.0135748167139502,-0.00255509207075844,-0.00694462237021465,-0.0131163849099866,-0.0135748167139502,-0.0107498722399716
2014-05-02,-0.0129013557906236,-0.00722140193638843,-0.00600598146077049,-0.00442369283652508,-0.00159530386740331,0.00541666433361032,0.00668628402414771,0.00408755040869931,0.00224481009222238
2014-05-05,0.00706122979027346,0.00351576785674973,0.00334754511166176,0.00339404730506629,-0.0168976961450621,-0.013599499499489,-0.0105175277441965,-0.00841194549534308,-0.00240518805057514
2014-05-06,-0.00206053181600818,0.001861280679674,0.00345094586526521,0.00417193322179774,0.00399348689659051,-0.00038201734070531,0.00241414290604454,0.00318675203066054,0.00253598226760767
2014-05-07,-0.000926058034764865,-0.00137827975179733,-0.00163509594468791,-0.00203091127424324,-0.0133938245800449,-0.0193942458596574,-0.0116857161452443,-0.00950058524140387,-0.00549203172188355
2014-05-08,-0.000425734864182514,-0.00133684513000742,0.00166393317550595,0.00306992676525375,-0.00381903850922871,-0.000957570790997564,0.000772832078381894,0.00211977761062071,0.00078283378465265
2014-05-09,0.0391438545415337,0.0362231538326878,0.0423813915971494,0.045553562246914,0.00554781074852762,0.00753947977722813,0.00196148492215749,0.00935925990396774,0.0242144433538649
2014-05-12,0.0240838837208095,0.0243479734834813,0.0243412711269685,0.0232924924231013,-0.00451278859212301,0.00237625994809032,-0.000901172200447978,0.00258525519256522,0.0145366807846857
2014-05-13,0.0166527345036351,0.024675112482996,0.0183560438891922,0.0155682932149103,0.0167900638065057,0.0211238567805543,0.0170910320278755,0.0205770778185526,0.0140893216338833
2014-05-14,0.0332433025035879,0.0260115215119514,0.018318753323096,0.0131522846601934,0.00873508920273092,0.00355688797899378,0.00370020268059619,0.00403162874473484,0.00979298475137502
2014-05-15,-0.00606724123794866,-0.00859429568459458,-0.00503895297620257,-0.00252311510720538,-0.0108485566431823,-0.00730874044646956,-0.00911733543512139,-0.00805338678673706,-0.00362411536943436
2014-05-16,0.0575539219254191,0.0504489542343665,0.0480661420037679,0.0463692184897859,-0.00951080295549245,-0.0156535256337119,-0.0138181856661658,-0.00280057158232164,0.0199725565231128
2014-05-19,0.0681430262542098,0.0800387401966941,0.0616440869162252,0.0513782894585785,-0.00490005444504948,-0.0263905437515108,-0.0256415081170496,0.00225804039176475,0.0304733085920636
2014-05-20,-0.0106659220996789,0.00712842931059593,0.00232262400323261,0.000463986064730471,0.0369136100729035,0.0302031142688274,0.0272852546589321,0.0256849933332514,0.0113550479058537
2014-05-21,-0.0150641839745219,-0.00485552191529032,-0.00674667883363078,-0.00717498502702107,0.0111492575156411,0.00973909696839581,0.01258202537491,0.00967725945685916,0.00294028590219156
2014-05-22,0.0161806519870398,0.0254140226325221,0.0192490332116796,0.016488558455252,0.0189622922822521,0.00818091161237788,0.00697870612276078,0.0079323176451559,0.016658454489266
2014-05-23,0.0811854300470034,0.0508119741514509,0.0389658004203766,0.0288336317214558,0.0188688029583517,0.0100914402056357,0.00585626222517828,0.0104643086742109,0.0165461562147789
2014-05-26,-0.0248485334831281,-0.0306293789390164,-0.0228096123888533,-0.0182528779211498,0.00141000450418094,0.00739849924511216,0.000423607802008305,-0.00346063374759414,-0.0145623221940642
2014-05-27,-0.0241485864292269,-0.0167320528139362,-0.0131738209682473,-0.0101866108005654,0.0120268305879132,0.00826644975316948,0.00802238370174531,0.001867928920854,-0.00721009312632634
2014-05-28,-0.00905265465830118,-0.00146825378752902,0.000996259720453437,0.00270209306333968,0.0131592507664957,0.0140184490792684,0.00946392530256731,0.00865819809240292,0.00440920716499267
2014-05-29,0.00379753298641416,-0.0045207472459371,-0.00586217826474544,-0.00670169717898614,0.00837280269557183,-0.0103672874536784,-0.00783387979374421,-0.00821264559027574,-0.00697210089050722
2014-05-30,-0.026797957726031,-0.00662400033452998,-0.00966944250493869,-0.00985499272141518,0.0167830933346784,0.0107942300602771,0.0145486429492312,0.0113348795933211,0.00386811179455568
2014-06-02,0.0455613557122105,0.0399287968167671,0.0312462668072393,0.0288394126643503,0.0174656789222642,0.0246309584217939,0.0245128457641823,0.0223781252144149,0.0177667785990636
2014-06-03,-0.00401579657740814,0.00750940900971875,0.0151326592537511,0.0128356452802092,0.0484602157261216,0.0337474151614836,0.0272111351846696,0.0190654084161625,0.0080574138906478
2014-06-04,0.0260134343839924,0.0218102654105172,0.0187288811928175,0.0167322534802712,0.0140126809076275,0.0158098886723348,0.0161054255516984,0.0134046601436039,0.00799523341179823
2014-06-05,0.00255597566319832,0.00852026164222031,0.00826099485737804,0.012650234762294,0.0361488119863032,0.0253166798037727,0.021579035926546,0.0178363502969663,0.0117342626182158
2014-06-06,0.0200114258064648,0.0214136279636532,0.0310141019126631,0.0244644348005605,-0.00463725728359665,0.0090892864186225,0.00989217772752108,0.0120130510275858,0.0172621702568221
2014-06-09,-0.00226225404215952,0.0205412417873587,0.0335641834768001,0.0322427989976829,0.0168497106334649,0.0300972241251709,0.0236923767911603,0.0222937373309161,0.0136857152737186
2014-06-10,-0.0171581994378488,-0.0158793463850396,-0.0204963789149031,-0.0178591308427703,-0.00954116841885122,-0.0120708308755408,-0.0092007800724165,-0.00354997590594755,-0.00166615757988923
2014-06-11,-0.000756116002829432,-0.0142432204384642,-0.0238288590203498,-0.0250173121811031,-0.025964927434002,-0.0268476261540505,-0.0222204089037729,-0.0169936222310197,-0.00972649542048984
2014-06-12,-0.00268095424070824,-0.00151186347089127,-0.000331968890231608,0.00111014592215525,0.00296326584903839,0.00131024657398204,-0.00148042986353303,-0.00228048894363092,0.00203519239000236
2014-06-13,-0.0384052147877412,-0.0373122916300636,-0.0424374069457826,-0.0416453586655851,-0.0322638478881264,-0.0342416081802562,-0.0299218013488485,-0.0265765646400899,-0.0227621984589037
2014-06-16,-0.00688275768450897,-0.00303421271847593,0.00213729945895169,0.00215069591674033,0.000403515405913657,0.000608923826735386,0.00115763511880599,0.00198229646782178,0.00258272388146396
2014-06-17,0.030447030581582,0.0247821587533898,0.0195567899000019,0.0188628236857803,0.0148301859988431,0.0169737364620204,0.0173265415912468,0.0162132909030883,0.0131127348743818
2014-06-18,-0.0114678566321021,-0.0123136746347263,-0.0155211494862569,-0.0151831970557307,-0.00818664040275774,-0.0106730665200541,-0.00869238133082066,-0.00746453155836982,-0.00659161772320158
2014-06-19,-0.0132048491862812,-0.0108820270312965,-0.00949249238608955,-0.00942806097242491,-0.00656808655961805,-0.00756364571796492,-0.00675755608106121,-0.00327560240876948,-0.00379289329790028
2014-06-20,-0.0155424011150583,-0.0116546418595978,-0.00427079330940909,-0.00542304638924018,-0.0077176585202493,-0.00774227056219329,-0.00775871667105384,-0.00642196751123283,-0.00353073914315358
2014-06-23,0.0116115191449779,0.00708863662389458,0.00552290793734067,0.00365944808902888,0.0110912535571015,0.00682850382995637,0.00738618456299137,0.00428582467823654,0.00231259098099538
2014-06-24,0.0240445645842977,0.0253956316956244,0.0271195411383687,0.0257545344792871,0.0128332536786553,0.0197899762428032,0.0183246409712738,0.0164126861579813,0.0124159411141528
2014-06-25,0.00442724013142137,0.00696207969281504,0.00789683028738497,0.00779289589231463,-0.000674103442421692,0.00441140790589351,0.00386444224436141,0.00312371309797285,0.0028383537546467
2014-06-26,-0.0131007989910974,-0.012055867825339,-0.0163717726085916,-0.0157257116958633,-0.0116098955184354,-0.011310416089008,-0.00731082515488398,-0.006064829760179,-0.00595146691642586
2014-06-27,-0.006208595352591,-0.00107001397465023,0.00194421239958779,0.00416598119912692,-0.0136648003741011,-0.00479811648540529,-0.00320293234920073,0.000371350592549557,0.00466483125891904
2014-06-30,0.0342041037310876,0.0250050288942927,0.0195738525658203,0.0234684668905746,0.0131724281090388,0.0144891910832683,0.0177612980320925,0.0147590709426487,0.0165993033509521
2014-07-01,0.00842095574232532,0.00389098352440981,0.00193929961310633,0.0022989156706882,0.00842095574232532,0.0111316252422306,0.00637475393031852,0.00500050640859734,0.00490856321262339
2014-07-02,0.00968525435095491,0.00652270988724168,0.0109485152107547,0.00960201327347365,0.00968525435095491,0.0122046423229598,0.0092564833564827,0.00833298938276966,0.0118310970684169
2014-07-03,-0.0126745392263928,-0.00709987301444848,-0.00896336711961543,-0.00677895668035899,-0.0126745392263928,-0.00641775035147307,-0.00478690250181675,-0.00364660821700999,-0.00172268714026721
2014-07-04,0.00541457121836664,0.00207149456636313,0.00457297253820103,0.00415360642299278,0.00541457121836664,0.00512805894490165,0.00299484526805431,0.00297001097038274,0.00538324387035658
2014-07-07,0.00377906029706221,-0.00243545801131412,0.00371096228707513,0.00311579196437592,0.00377906029706221,0.00558626716989863,0.000840852673368938,0.000963209754096278,0.00311523119368425
2014-07-08,-0.0590564450291974,-0.0531276831456272,-0.0549844823083166,-0.0512974732913505,-0.0590564450291974,-0.0567881519497856,-0.0535917417205428,-0.0502529178505202,-0.0315688325601459
2014-07-09,-0.0162406406045201,-0.0109409911856435,-0.0142860670344888,-0.0141925664452573,-0.0162406406045201,-0.0178996583163022,-0.0138135527997904,-0.0138381807692335,-0.0101573809704878
2014-07-10,0.0233215471460975,0.00646002352993658,0.00873690600284031,0.00906282575314643,0.0233215471460975,0.0131905348159201,0.00532652318187199,0.00650503863742019,0.00345200109690385
2014-07-11,-0.0497206262189657,-0.05069731916672,-0.046675043932857,-0.0429192702522095,-0.0497206262189657,-0.045237675185766,-0.0473831208286688,-0.0434503279240683,-0.0204567982188897
2014-07-14,-0.00091248214558115,0.00316888569615964,0.00398450063396542,0.00360425458968058,-0.00091248214558115,0.00316270025479287,0.00452521801582872,0.00400979262607806,-0.00111198377715661
2014-07-15,0.0250564923131589,0.0327160840349859,0.0248104802988624,0.0239668432563282,0.0250564923131589,0.0250314014494398,0.0301461595518975,0.0279686026961046,0.0157367417913745
2014-07-16,0.03216231733342,0.0251440797107549,0.0210974639895743,0.0189579171653679,0.03216231733342,0.0243134539547284,0.0222509166658489,0.0198230066725738,0.0149760974223948
2014-07-17,0.0102721395436702,0.00984520440294201,0.0138258820645389,0.0130177996216828,0.0102721395436702,0.0137431700395976,0.0123015364471363,0.0118745404086309,0.00823145096037601
2014-07-18,-0.0040956464602655,-0.00891170964123589,-0.0104585361607552,-0.00776713477829694,-0.0040956464602655,-0.00474818513430547,-0.0077413810302724,-0.00572926843043484,-0.00213381616044834
2014-07-21,-0.00453234445817874,-0.007895246765876,-0.00730300103185969,-0.00535762076918478,-0.00453234445817874,-0.00214332745512374,-0.00518160132794025,-0.00376657099124519,0.00202716898184741
2014-07-22,-0.00568205633330543,-0.00416659194653607,-0.00348528932339831,-0.00360363861108295,-0.00568205633330543,-0.0042806018289841,-0.00373744373924497,-0.00379275442296795,0.00660649387935687
2014-07-23,-0.00251871250582913,0.00211610370902265,0.000738367772986489,-6.91148359603655e-05,-0.00251871250582913,-0.00203267187482553,0.00089519205807446,4.85033778556132e-05,-0.000396612003271631
2014-07-24,0.000393552084901438,0.00572673199250251,0.00252158631974597,0.00303752215728795,0.000393552084901438,0.000179599331572244,0.00380637018774936,0.00400111005829049,0.00149635910889026
2014-07-25,-0.0201187056437986,-0.0210157345542817,-0.0195756039122879,-0.018242507859971,-0.0201187056437986,-0.0199487934665165,-0.0206034501325993,-0.0190133925252045,-0.00955735370876317
2014-07-28,-0.0207608074755075,-0.0103882106787935,-0.00785600319541861,-0.00519492736010513,-0.0207608074755075,-0.0117918745668256,-0.00786645433857688,-0.00520276571747383,-0.00514533695995088
2014-07-30,-0.0110751265040847,-0.00402187774730456,-0.000862043247776093,-0.00116178733456465,-0.0110751265040847,-0.00564300433124776,-0.00275154588433997,-0.00257891431198756,0.00722411187178269
2014-07-31,0.00425150666941199,-0.00479375003553584,-0.0086117996255836,-0.00766944984078236,0.00425150666941199,0.00182534266693141,-0.00339610713554028,-0.00375768047324987,-0.00320870648867694
2014-08-01,-0.0180156259493407,-0.0137940596152933,-0.0113970618516832,-0.00733253552390338,-0.0180156259493407,-0.0125440596152933,-0.0105637285183499,-0.00670753552390338,-0.0106168916140927
2014-08-04,0.0185340977376447,0.0157863858853969,0.0128059370788359,0.0120431754044317,0.0185340977376447,0.0157863858853969,0.0128059370788359,0.0120431754044317,0.00954255243856304
2014-08-05,0.00857541035363596,0.0100369264638482,0.00975145282516528,0.00919848616122504,0.00857541035363596,0.0100369264638482,0.00975145282516528,0.00919848616122504,0.00917538409255883
2014-08-06,0.00358565737051797,-0.00317714128471097,-0.00617080829471876,-0.0101321253269953,0.00358565737051797,-0.00317714128471097,-0.00617080829471876,-0.0101321253269953,-0.00921109745002834
2014-08-07,-0.000311915159076803,-0.00229295128436857,-0.00418572284758297,-0.00387641676175476,-0.000311915159076803,-0.00229295128436857,-0.00418572284758297,-0.00387641676175476,-0.00309605112615541
2014-08-08,-0.025588175042153,-0.0303109591581723,-0.0272323397858796,-0.0245635661069994,-0.025588175042153,-0.0303109591581723,-0.0272323397858796,-0.0245635661069994,-0.0153538583508697
2014-08-11,0.00443760188371667,0.00798276675696374,0.00556535818568382,0.00625459439781695,0.00443760188371667,0.00798276675696374,0.00556535818568382,0.00625459439781695,0.0065216133539779
2014-08-12,0.00227984079755794,0.00623106161446796,0.00724788341360079,0.00745529220128616,0.00227984079755794,0.00623106161446796,0.00724788341360079,0.00745529220128616,0.0102431006321319
2014-08-13,-0.025133652042049,-0.0333608405802048,-0.0292960734979505,-0.0299701041031473,-0.025133652042049,-0.0333608405802048,-0.0292960734979505,-0.0299701041031473,-0.0108896902516253
2014-08-14,0.0106679233965983,0.0170949270732669,0.0155439316516493,0.0126844478844928,0.0106679233965983,0.0170949270732669,0.0155439316516493,0.0126844478844928,0.00937298505449041
2014-08-18,0.0239834349626635,0.0240893575038923,0.0198504963041632,0.0204416772672757,0.0239834349626635,0.0240893575038923,0.0198504963041632,0.0204416772672757,0.0160298445386917
2014-08-19,0.00459199108351238,0.0109155284908189,0.0107092690232971,0.00966565141789988,0.00459199108351238,0.0109155284908189,0.0107092690232971,0.00966565141789988,0.00778587478030884
2014-08-20,0.0012743012739842,0.0002276986157006,-0.00122267254752569,-0.00370609305126132,0.0012743012739842,0.0002276986157006,-0.00122267254752569,-0.00370609305126132,0.0037557467508932
2014-08-21,0.000474880409283562,-0.00255269078987702,0.00264465748689195,0.00871371309328359,0.000474880409283562,-0.00255269078987702,0.00264465748689195,0.00871371309328359,0.00372270482415364
2014-08-22,0.00047149063822105,-0.00277608628382547,0.00109475231286878,0.00618751778458657,0.00047149063822105,-0.00277608628382547,0.00109475231286878,0.00618751778458657,0.00217630275708839
2014-08-25,0.00171744136028962,-0.00536839370064968,-0.00811794829243769,-0.0100212027551587,0.00171744136028962,-0.00536839370064968,-0.00811794829243769,-0.0100212027551587,-0.00508690479233005
2014-08-26,-0.00568657230093061,-0.00640042578756661,-0.0052058699412203,-0.00558862982216579,-0.00568657230093061,-0.00640042578756661,-0.0052058699412203,-0.00558862982216579,-0.000238100830597247
2014-08-27,0.00515702899241055,0.000606295821138969,0.000603425321008655,0.000931288349361986,0.00515702899241055,0.000606295821138969,0.000603425321008655,0.000931288349361986,0.00305906355132743
2014-08-28,0.00997997055608546,0.00402418707003999,0.000677294528214264,-0.00395190916153304,0.00997997055608546,0.00402418707003999,0.000677294528214264,-0.00395190916153304,-0.00193993465078879
2014-09-01,0.0198377818719835,0.0175822149451716,0.0192649051031316,0.0156907670504942,0.0198377818719835,0.0175822149451716,0.0192649051031316,0.0156907670504942,0.014576744834228
2014-09-02,0.00761881393101982,0.00709193809214215,0.00791563231255273,0.00682491138302105,0.00761881393101982,0.00709193809214215,0.00791563231255273,0.00682491138302105,0.00842210500778181
2014-09-03,0.000642276398016506,0.00505018886282893,0.0074210097813577,0.00988996312555757,0.000642276398016506,0.00505018886282893,0.0074210097813577,0.00988996312555757,0.00514775054071079
2014-09-04,-0.00804915888419067,-0.0028972900733587,-0.00984691861533941,-0.00728552898657456,-0.00804915888419067,-0.0028972900733587,-0.00984691861533941,-0.00728552898657456,-0.00438482595312372
2014-09-05,0.00355429889230985,0.0018684716046381,0.00435618803774207,0.00859387335087552,0.00355429889230985,0.0018684716046381,0.00435618803774207,0.00859387335087552,0.00191165991989479
2014-09-08,0.0161623014090448,0.0126911458597417,0.0122051062717139,0.0127816674517948,0.0161623014090448,0.0126911458597417,0.0122051062717139,0.0127816674517948,0.0109276250853337
2014-09-09,0.00509424656875135,0.0013857667312967,-0.000360055498030679,0.00255738426515761,0.00509424656875135,0.0013857667312967,-0.000360055498030679,0.00255738426515761,0.00172304158181512
2014-09-10,-0.00268082076199938,-0.00103782872096453,-0.000257983453932797,0.000244897630792301,-0.00268082076199938,-0.00103782872096453,-0.000257983453932797,0.000244897630792301,-0.00218398845858949
2014-09-11,0.0118171181711817,0.00854876756496015,0.00726487630779338,0.0053941746884576,0.0118171181711817,0.00854876756496015,0.00726487630779338,0.0053941746884576,0.00199949912329665
2014-09-12,-0.00249059356181569,0.00275262790429925,-4.6093188922125e-05,0.00276538848160435,-0.00249059356181569,0.00275262790429925,-4.6093188922125e-05,0.00276538848160435,0.00312496297837097
2014-09-15,0.000306156722517992,0.000183194555010147,-0.00173671203742346,-0.000143011549672584,0.000306156722517992,0.000183194555010147,-0.00173671203742346,-0.000143011549672584,-0.00106939914564128
2014-09-16,-0.0296970273257818,-0.0365290420698767,-0.0370179615055192,-0.035070903079869,-0.0296970273257818,-0.0365290420698767,-0.0370179615055192,-0.035070903079869,-0.0250834207102143
2014-09-17,0.0141239304460736,0.00657069645227715,0.00655937668585027,0.00529492501880113,0.0141239304460736,0.00657069645227715,0.00655937668585027,0.00529492501880113,0.00376614319740704
2014-09-18,0.015422014192964,0.0198673059136036,0.02557725156145,0.0222363944369147,0.015422014192964,0.0198673059136036,0.02557725156145,0.0222363944369147,0.0206607989940181
2014-09-19,-0.00711955438845879,-0.00498696631216866,-0.00792951523223243,-0.00578888565085556,-0.00711955438845879,-0.00498696631216866,-0.00792951523223243,-0.00578888565085556,0.00145617977104608
2014-09-22,-0.00337563611421454,0.00239753115143815,0.000751831687671456,0.00120807413491239,-0.00337563611421454,0.00239753115143815,0.000751831687671456,0.00120807413491239,0.000152706012254829
2014-09-23,-0.0213442488940181,-0.0218505565177499,-0.0252469321399677,-0.0208589771133327,-0.0213442488940181,-0.0218505565177499,-0.0252469321399677,-0.0208589771133327,-0.0182879202921006
2014-09-24,-0.0137577771362942,-0.00940187525322711,-0.0158641497184732,-0.0120206938638903,-0.0137577771362942,-0.00940187525322711,-0.0158641497184732,-0.0120206938638903,-0.00741121866239643
2014-09-25,-0.024418191895477,-0.0224437415960122,-0.0243873310765415,-0.0242617711657708,-0.024418191895477,-0.0224437415960122,-0.0243873310765415,-0.0242617711657708,-0.0179539014781714
2014-09-26,0.00841333878051276,0.0102941776869804,0.0139658998660184,0.0104063533519724,0.00841333878051276,0.0102941776869804,0.0139658998660184,0.0104063533519724,0.0102966598564743
2014-09-29,0.00499765784242978,0.0110380549390761,0.00870465353358744,0.0125276614793381,0.00499765784242978,0.0110380549390761,0.00870465353358744,0.0125276614793381,0.00546278866132103
2014-09-30,-0.00350206439137457,-0.00087845494471217,-0.00441987245873362,-0.00252581339380223,-0.00350206439137457,-0.00087845494471217,-0.00441987245873362,-0.00252581339380223,0.000603738134280908
2014-10-01,-0.00484657650042269,-0.00514597838816308,-0.00415731963008919,-0.00323857241196986,-0.00484657650042269,-0.00514597838816308,-0.00415731963008919,-0.00323857241196986,-0.0037645997078085
2014-10-07,-0.00748739222384898,-0.0122726704741581,-0.0109352776738955,-0.0106153340729223,-0.00748739222384898,-0.0122726704741581,-0.0109352776738955,-0.0106153340729223,-0.012204659032458
2014-10-08,0.00146288093296554,0.00282148197635601,0.000563660937453192,-0.00489909360664179,0.00146288093296554,0.00282148197635601,0.000563660937453192,-0.00489909360664179,-0.0021089722084458
2014-10-09,0.00884766253675728,0.019448765512158,0.0155113766728712,0.0145312034497702,0.00884766253675728,0.019448765512158,0.0155113766728712,0.0145312034497702,0.0181358876326165
2014-10-10,-0.0161516882414574,-0.0142939837733631,-0.0130633995317223,-0.0126289208095316,-0.0161516882414574,-0.0142939837733631,-0.0130633995317223,-0.0126289208095316,-0.0146508264836049
2014-10-13,0.00193204054262042,0.00405490156458932,0.00272183492271708,0.00231574837462856,0.00193204054262042,0.00405490156458932,0.00272183492271708,0.00231574837462856,0.0027926344780219
2014-10-14,-0.00496616534135019,-0.00220471425558211,0.00028885578008501,-0.000219546057232733,-0.00496616534135019,-0.00220471425558211,0.00028885578008501,-0.000219546057232733,-0.00371577861946982
2014-10-16,-0.038804266773993,-0.0325929124162985,-0.0281347128959268,-0.0288521681937497,-0.038804266773993,-0.0325929124162985,-0.0281347128959268,-0.0288521681937497,-0.0201479216785902
2014-10-17,0.0168707697602386,0.0137532800655998,0.00942339155909252,0.00704950642240451,0.0168707697602386,0.0137532800655998,0.00942339155909252,0.00704950642240451,0.00868753706742971
2014-10-20,0.011311122862683,0.00942549334892695,0.00557837680938185,0.00458889833935633,0.011311122862683,0.00942549334892695,0.00557837680938185,0.00458889833935633,0.0130644569349698
2014-10-21,0.0128983498478692,0.0115623302401892,0.0116172970600955,0.0107307720506845,0.0128983498478692,0.0115623302401892,0.0116172970600955,0.0107307720506845,0.00879429351719939
2014-10-22,0.00325442320717628,0.00996242824702731,0.0123132308866602,0.0123289475628644,0.00325442320717628,0.00996242824702731,0.0123132308866602,0.0123289475628644,0.00882550816235927
2014-10-23,0.00624622646687523,0.00564396078159313,0.00710677974645028,0.00903333372786991,0.00624622646687523,0.00564396078159313,0.00710677974645028,0.00903333372786991,0.00524365645515619
2014-10-27,0.0118912550183279,0.0110895150532456,0.00315362757387742,0.00352884713747703,0.0118912550183279,0.0110895150532456,0.00315362757387742,0.00352884713747703,-0.00456241412180904
2014-10-28,0.00174790305539396,0.00117041134142903,-0.00212463560230654,-0.00111244118443279,0.00174790305539396,0.00117041134142903,-0.00212463560230654,-0.00111244118443279,0.00446298295167354
2014-10-29,0.0166359714204611,0.0115786306676263,0.00842357087602112,0.00651310593871257,0.0166359714204611,0.0115786306676263,0.00842357087602112,0.00651310593871257,0.00670077530727994
2014-10-30,0.00781135246362608,0.00614737515277852,0.00695808684300362,0.00684657715228226,0.00781135246362608,0.00614737515277852,0.00695808684300362,0.00684657715228226,0.0088822644414374
2014-10-31,-0.0118697790697979,0.000373964802400817,0.00422964915534818,0.00481901405673552,-0.0118697790697979,0.000373964802400817,0.00422964915534818,0.00481901405673552,0.0154084273412166
2014-11-03,-0.0041963543009309,0.00254812886866082,0.003703533847813,-9.17740129059286e-05,-0.0041963543009309,0.00254812886866082,0.003703533847813,-9.17740129059286e-05,0.00626131194416458
2014-11-05,-0.00116493194555634,-0.00587075020392452,-0.00109603500004363,-0.000482492937155493,-0.00116493194555634,-0.00587075020392452,-0.00109603500004363,-0.000482492937155493,0.00180258374800792
2014-11-07,0.000456897346388097,-0.00167084742594392,-0.000924230486132845,-0.0026962473989208,0.000456897346388097,-0.00167084742594392,-0.000924230486132845,-0.0026962473989208,0.00475180384137439
2014-11-10,0.0159787626407291,0.0101497486392153,0.00963334887046807,0.00685339854097222,0.0159787626407291,0.0101497486392153,0.00963334887046807,0.00685339854097222,0.000697461385617842
2014-11-11,-0.00690294216222975,-0.00337284177709662,-0.000434034313167242,0.00172424385420517,-0.00690294216222975,-0.00337284177709662,-0.000434034313167242,0.00172424385420517,0.00541615417031747
2014-11-12,0.0024444700317503,0.003781965172585,0.00427976321590802,0.00665100769535515,0.0024444700317503,0.003781965172585,0.00427976321590802,0.00665100769535515,0.00359558367950258
2014-11-13,0.00407430389606955,0.000800586099972245,-0.00103147315491111,-0.00179920552435542,0.00407430389606955,0.000800586099972245,-0.00103147315491111,-0.00179920552435542,-0.00466711228357313
2014-11-14,0.00990248725865084,0.010678005670461,0.00958395424351099,0.00821218175066341,0.00990248725865084,0.010678005670461,0.00958395424351099,0.00821218175066341,0.0051289443007042
2014-11-17,0.00843828567782956,0.00964110534016072,0.0104031228986025,0.0113070850799074,0.00843828567782956,0.00964110534016072,0.0104031228986025,0.0113070850799074,0.00740544341090322
2014-11-18,-0.00418190175177646,6.64371051873336e-05,0.00681659044264008,0.00631645955999952,-0.00418190175177646,6.64371051873336e-05,0.00681659044264008,0.00631645955999952,0.0028720962898215
2014-11-19,-0.00963711397413936,-0.0116392676573047,-0.0110027780360122,-0.0101177384301975,-0.00963711397413936,-0.0116392676573047,-0.0110027780360122,-0.0101177384301975,-0.00613823630297112
2014-11-20,-0.0117181772480677,-0.00540103508430301,-0.00573611767932336,-0.00562986808507326,-0.0117181772480677,-0.00540103508430301,-0.00573611767932336,-0.00562986808507326,-0.000234965440927118
2014-11-21,0.00582457395301406,0.0094195336202153,0.0075528336342748,0.00700328120803173,0.00582457395301406,0.0094195336202153,0.0075528336342748,0.00700328120803173,0.00494439947626051
2014-11-24,0.00258790310047918,0.00335729904522664,0.00669552991461852,0.00546557318586693,0.00258790310047918,0.00335729904522664,0.00669552991461852,0.00546557318586693,0.00430694015390045
2014-11-25,-0.0130322212837283,-0.0177246444077758,-0.0129320147740063,-0.0124337894609425,-0.0130322212837283,-0.0177246444077758,-0.0129320147740063,-0.0124337894609425,-0.0120772812531946
2014-11-26,-0.00151727699355553,-0.00118736998863367,0.00154360868358316,0.0021173940605197,-0.00151727699355553,-0.00118736998863367,0.00154360868358316,0.0021173940605197,0.00334993984943724
2014-11-27,-0.0036883202746979,-0.000853431650707559,0.00154537610039063,0.00250937227317119,-0.0036883202746979,-0.000853431650707559,0.00154537610039063,0.00250937227317119,0.0032988202689771
2014-11-28,0.012762245480902,0.0200167043754259,0.0152165061744225,0.0162315690086636,0.012762245480902,0.0200167043754259,0.0152165061744225,0.0162315690086636,0.0135492791323495
2014-12-01,-0.00715942978513623,-0.0114376925535872,-0.00651975062932449,-0.00535107483340426,-0.00715942978513623,-0.0114376925535872,-0.00651975062932449,-0.00535107483340426,-0.00221832287012696
2014-12-02,0.00513000035379307,0.00561351053241765,0.00462333589910376,0.00388005533526048,0.00513000035379307,0.00561351053241765,0.00462333589910376,0.00388005533526048,0.00387276229773773
2014-12-03,0.000383481044550438,0.0106317425037702,0.009765963059998,0.00853688933496888,0.000383481044550438,0.0106317425037702,0.009765963059998,0.00853688933496888,0.00840301400468752
2014-12-04,0.00723519858370114,0.0124934824995153,0.010688573995465,0.00985328847772504,0.00723519858370114,0.0124934824995153,0.010688573995465,0.00985328847772504,0.00344685517869046
2014-12-05,-0.000981787294128011,-0.00426406374565119,-0.00323148061455436,-0.00277104830382516,-0.000981787294128011,-0.00426406374565119,-0.00323148061455436,-0.00277104830382516,-0.00333287580206006
2014-12-08,-0.0139057588539712,-0.0133475843124227,-0.0124832279375533,-0.0126500985314109,-0.0139057588539712,-0.0133475843124227,-0.0124832279375533,-0.0126500985314109,-0.0100593564699683
2014-12-09,-0.0256282007256222,-0.0237050877564627,-0.0192503537273543,-0.0174014311816746,-0.0256282007256222,-0.0237050877564627,-0.0192503537273543,-0.0174014311816746,-0.0143141770854871
2014-12-10,0.0307517564223383,0.0160930539482435,0.0122395897938639,0.0115348041044362,0.0307517564223383,0.0160930539482435,0.0122395897938639,0.0115348041044362,0.00776066029414967
2014-12-11,-0.00492066176210992,-0.00631152653172906,-0.00480918426490092,-0.00439147040864887,-0.00492066176210992,-0.00631152653172906,-0.00480918426490092,-0.00439147040864887,-0.00696349275625145
2014-12-12,-0.0119441783335295,-0.0151220596866165,-0.0116997045986985,-0.0102044438014303,-0.0119441783335295,-0.0151220596866165,-0.0116997045986985,-0.0102044438014303,-0.011158866724659
2014-12-15,-0.0024532456364168,-0.00516872784279876,-0.00105720736728003,0.000203290777731568,-0.0024532456364168,-0.00516872784279876,-0.00105720736728003,0.000203290777731568,-0.00300254570688468
2014-12-16,-0.0430279065625611,-0.0342780516133813,-0.030950580578533,-0.0305897829152319,-0.0430279065625611,-0.0342780516133813,-0.030950580578533,-0.0305897829152319,-0.0264516033713392
2014-12-17,0.0164625104189973,0.00608480425260638,0.00315290068256983,0.00285852465907005,0.0164625104189973,0.00608480425260638,0.00315290068256983,0.00285852465907005,-0.00606955361111523
2014-12-18,0.028018979279395,0.0299528792028472,0.0280241597666121,0.0274667090669529,0.028018979279395,0.0299528792028472,0.0280241597666121,0.0274667090669529,0.0223966560291793
2014-12-19,-0.0102143478335009,-0.00361272533690443,0.000890330954665471,0.00274532594161367,-0.0102143478335009,-0.00361272533690443,0.000890330954665471,0.00274532594161367,0.00442468779363106
2014-12-22,0.0120445026378457,0.0103671226362321,0.0119480979405842,0.0125929785480317,0.0120445026378457,0.0103671226362321,0.0119480979405842,0.0125929785480317,0.0112456177978138
2014-12-23,-0.00347653058136366,-0.00653198454590048,-0.00692800993100673,-0.00711089129203271,-0.00347653058136366,-0.00653198454590048,-0.00692800993100673,-0.00711089129203271,-0.00521285372133579
2014-12-24,-0.000529562494068547,0.000700112557721233,-0.000530734320885351,-0.00131700732507989,-0.000529562494068547,0.000700112557721233,-0.000530734320885351,-0.00131700732507989,-0.00365014618810475
2014-12-26,0.0132232880276355,0.00568127800356816,0.00386092442728429,0.00319042123743998,0.0132232880276355,0.00568127800356816,0.00386092442728429,0.00319042123743998,0.00324433680292656
2014-12-29,-0.00338872499222165,0.00507368254070356,0.0029854552697642,0.00185013995369454,-0.00338872499222165,0.00507368254070356,0.0029854552697642,0.00185013995369454,0.00626008673247023
2014-12-30,0.00939769731026874,0.0111953820588574,0.00974929617169725,0.00892010314461045,0.00939769731026874,0.0111953820588574,0.00974929617169725,0.00892010314461045,0.00396693434403106
2014-12-31,0.00396666436877147,0.00799874494704034,0.00732457173948053,0.00668782402232904,0.00396666436877147,0.00799874494704034,0.00732457173948053,0.00668782402232904,0.00797009873641345
2015-01-01,0.00594040664226902,0.00323726807406532,0.00448464144432653,0.00399586886096939,0.00594040664226902,0.00323726807406532,0.00448464144432653,0.00399586886096939,0.00308830886036277
2015-01-02,0.00396271213331545,0.00833684165970405,0.00720743849551608,0.00781464164049828,0.00396271213331545,0.00833684165970405,0.00720743849551608,0.00781464164049828,0.00968534760924905
2015-01-05,-0.00708010459370723,-0.00351031597691243,-0.00401639813122023,-0.00240306130048762,-0.00708010459370723,-0.00351031597691243,-0.00401639813122023,-0.00240306130048762,-0.00135664833492501
2015-01-06,-0.0412345377423438,-0.0363062995247914,-0.0348253983171369,-0.033200915073397,-0.0412345377423438,-0.0363062995247914,-0.0348253983171369,-0.033200915073397,-0.0303463109027679
2015-01-07,-0.00316754396632091,-0.0010995841350197,0.000994623707020007,0.000823478068913336,-0.00316754396632091,-0.0010995841350197,0.000994623707020007,0.000823478068913336,-0.00235701966430494
2015-01-08,0.0178825233431312,0.0156589674753623,0.0140775738546953,0.0155004564927751,0.0178825233431312,0.0156589674753623,0.0140775738546953,0.0155004564927751,0.0166027549518903
2015-01-09,-0.00626449365655801,-0.00426842914565079,-0.000447852067436509,-0.00154337593175274,-0.00626449365655801,-0.00426842914565079,-0.000447852067436509,-0.00154337593175274,0.00213465622338002
2015-01-12,0.0150966368537122,0.0130781084299443,0.00923614429557862,0.00887377538409123,0.0150966368537122,0.0130781084299443,0.00923614429557862,0.00887377538409123,0.00379000391266184
2015-01-13,-0.00730593262851387,-0.00409476481595999,0.00205061474822802,0.000276672379235815,-0.00730593262851387,-0.00409476481595999,0.00205061474822802,0.000276672379235815,-0.00158336162266841
2015-01-14,-0.00698354800714318,-0.000246323502833268,0.0038003530259764,0.00275028026376992,-0.00698354800714318,-0.000246323502833268,0.0038003530259764,0.00275028026376992,-0.00299523615649139
2015-01-15,0.0448284306223024,0.0256414477288365,0.0230114615767848,0.0230547184112142,0.0448284306223024,0.0256414477288365,0.0230114615767848,0.0230547184112142,0.0233996599768576
2015-01-16,-0.0152489489797413,-0.00258967414388817,-0.0042389053424815,-0.00178823101284312,-0.0152489489797413,-0.00258967414388817,-0.0042389053424815,-0.00178823101284312,0.00540318063516115
2015-01-19,-0.00161953708386642,0.0032291372720637,0.003833026222544,0.00418076287844735,-0.00161953708386642,0.0032291372720637,0.003833026222544,0.00418076287844735,0.00536484808207408
2015-01-20,0.0113625993366075,0.00496282141318705,0.00305317367709642,0.00444188065747955,0.0113625993366075,0.00496282141318705,0.00305317367709642,0.00444188065747955,0.00856934697131751
2015-01-21,0.024489998858275,0.0130744922724428,0.00796735919204923,0.00577485618944554,0.024489998858275,0.0130744922724428,0.00796735919204923,0.00577485618944554,0.00113320019251006
2015-01-22,-0.00777765994352331,0.000118154801960757,0.000508271579313139,-0.000349644595225407,-0.00777765994352331,0.000118154801960757,0.000508271579313139,-0.000349644595225407,0.00367021462106561
2015-01-23,0.00202351406677415,-0.00102895751854815,-0.00387395622354988,-0.00211574892944158,0.00202351406677415,-0.00102895751854815,-0.00387395622354988,-0.00211574892944158,0.00408544292434436
2015-01-27,0.000677963650300928,0.00750218855930274,0.00549337878154062,0.00889870068504867,0.000677963650300928,0.00750218855930274,0.00549337878154062,0.00889870068504867,0.00779370240971523
2015-01-28,0.00773258271876154,0.00522257586733788,0.00201876217635399,0.00256491224240765,0.00773258271876154,0.00522257586733788,0.00201876217635399,0.00256491224240765,0.00367340517790655
2015-01-29,-0.027180869945606,-0.0128856238595901,-0.00733510090605346,-0.00972900116889375,-0.027180869945606,-0.0128856238595901,-0.00733510090605346,-0.00972900116889375,0.00149459627550221
2015-01-30,-0.0587795164580803,-0.0304855940529095,-0.020221844783688,-0.0176350313195025,-0.0587795164580803,-0.0304855940529095,-0.020221844783688,-0.0176350313195025,-0.00959423909782242
2015-02-02,-0.0106191752556551,-0.00349058178390909,0.000945000595895937,0.0034970446413011,-0.0106191752556551,-0.00349058178390909,0.000945000595895937,0.0034970446413011,0.00141560520075138
2015-02-03,-0.00277086143830896,-0.0139645807886291,-0.011421461299151,-0.0116809707658482,-0.00277086143830896,-0.0139645807886291,-0.011421461299151,-0.0116809707658482,-0.00686801763301105
2015-02-04,-0.000397179684768378,-0.00654364810946928,-0.00712710477666752,-0.00741117137471861,-0.000397179684768378,-0.00654364810946928,-0.00712710477666752,-0.00741117137471861,-0.00290887426667792
2015-02-05,-0.00865142973578747,-0.00521498493614087,-0.00906634742415768,-0.008011725469389,-0.00865142973578747,-0.00521498493614087,-0.00906634742415768,-0.008011725469389,-0.00974942453042472
2015-02-06,-0.0151089795743587,-0.0146032588288038,-0.0116412338478745,-0.00815559218036135,-0.0151089795743587,-0.0146032588288038,-0.0116412338478745,-0.00815559218036135,-0.00870335283422764
2015-02-09,0.00319997773928526,-0.00655044645672315,-0.0110344964302814,-0.0113193535356223,0.00319997773928526,-0.00655044645672315,-0.0110344964302814,-0.0113193535356223,-0.0134209033789503
2015-02-10,0.0101084521985146,0.0134551754838133,0.00933540914934324,0.00729653907142991,0.0101084521985146,0.0134551754838133,0.00933540914934324,0.00729653907142991,0.00530191469836064
2015-02-11,0.0173887673231217,0.0149601940777073,0.014699241043959,0.0128814866800085,0.0173887673231217,0.0149601940777073,0.014699241043959,0.0128814866800085,0.0109380639529494
2015-02-12,0.00999819502806143,0.0113231781656054,0.0106744457751755,0.0118001749912215,0.00999819502806143,0.0113231781656054,0.0106744457751755,0.0118001749912215,0.0125574030094322
2015-02-13,-0.0100578888120602,-0.00328490713401675,0.00083661409583143,0.00322082679031377,-0.0100578888120602,-0.00328490713401675,0.00083661409583143,0.00322082679031377,0.00970658541538398
2015-02-16,-0.00604846873355014,-0.00888314051084454,-0.0066190882299203,-0.00459059968096817,-0.00604846873355014,-0.00888314051084454,-0.0066190882299203,-0.00459059968096817,-0.000962588106131374
2015-02-18,0.00549287335328374,0.00583563276496513,0.00523719524911674,0.0063912964817272,0.00549287335328374,0.00583563276496513,0.00523719524911674,0.0063912964817272,0.00640012432455493
2015-02-19,-0.00035113604327075,-0.00213115761222171,-0.00258993644303851,-0.00195750675263992,-0.00035113604327075,-0.00213115761222171,-0.00258993644303851,-0.00195750675263992,-0.000262186338196626
2015-02-20,-0.00265639908469917,-0.00458536948867594,-0.00267503541618093,-0.00326900789407772,-0.00265639908469917,-0.00458536948867594,-0.00267503541618093,-0.00326900789407772,-0.00166522645855299
2015-02-23,-0.00795994459702454,-0.00736751586030299,-0.0073435767193889,-0.00814198375503439,-0.00795994459702454,-0.00736751586030299,-0.0073435767193889,-0.00814198375503439,-0.00829947370474431
2015-02-24,-0.000337952587641577,0.000237224955281723,-0.000353016140542247,-0.00121264389962542,-0.000337952587641577,0.000237224955281723,-0.000353016140542247,-0.00121264389962542,-0.00143092103398737
2015-02-25,-0.0098158901658405,-0.00889879027552265,-0.00768648206506754,-0.00399222760064163,-0.0098158901658405,-0.00889879027552265,-0.00768648206506754,-0.00399222760064163,-0.00250941772416254
2015-02-26,-0.015222421861798,-0.0113958425987468,-0.00982960668071897,-0.00797998593669427,-0.015222421861798,-0.0113958425987468,-0.00982960668071897,-0.00797998593669427,-0.0087001636309346
2015-02-27,0.022414402930454,0.0239223583924789,0.0219670854387012,0.0201297755002041,0.022414402930454,0.0239223583924789,0.0219670854387012,0.0201297755002041,0.0203326241202005
2015-02-28,-0.00535187966576867,0.0176412349783423,0.0123035190626282,0.0096621895169571,-0.00535187966576867,0.0176412349783423,0.0123035190626282,0.0096621895169571,0.00435231081840598
2015-03-02,0.012400373719575,0.0172319202602055,0.0166273520445979,0.0286458907110883,0.0174289466163415,0.0197462067085887,0.0183035430101867,0.0184987912631705,0.0108873455237434
2015-03-03,0.013948247078464,0.00435996934892491,0.00771730616235433,0.0046132727224717,0.0076742652440569,0.00122297843172137,0.00562597888421864,0.0104892372516747,0.00765744741685638
2015-03-04,-0.00410915244908527,-0.00929443369129523,-0.00996084120724576,-0.0113194271298205,-0.00642442431884327,-0.0104520696261742,-0.0107325984971651,-0.012935267441628,-0.0101951325211161
2015-03-05,0.0275825664292639,0.0164799901331953,0.013294181595083,0.00680265187468707,-0.0021786439811039,0.00159938492801143,0.00337377812496035,0.00493346271725223,0.00592117080640322
2015-03-09,0.00318906867702484,-0.0150629871554747,-0.0171771857492484,-0.0193032501057934,-0.0154893308347942,-0.0244021869113842,-0.0234033189198547,-0.0216753607782983,-0.0163973317388462
2015-03-10,0.0108622062352868,0.00307275347034142,-0.00345889401609737,-0.00479779660048296,-0.00251001426925923,-0.00361335678193159,-0.00791630085094604,-0.00685624189198361,-0.00339123086171655
2015-03-11,0.0039085829035479,0.00248928875030252,-0.000313449269994659,-0.00152566971524193,0.000568759587046275,0.00081937709205171,-0.00142672370882853,-0.00162749009028795,-0.00238659910350553
2015-03-12,0.020997532358167,0.0124230506133686,0.0119820812481136,0.012008882942907,0.0207737623591828,0.0123111656138765,0.0119074912484522,0.00944577698737353,0.0126457258556838
2015-03-13,-0.00750497254183946,-0.013541275087849,-0.013592546966359,-0.0156557181262461,-0.0203172460344245,-0.0199474118341415,-0.0178633047972207,-0.0132841808497296,-0.0131562428781079
2015-03-16,0.00456622021903152,0.00272083137828916,-0.00115170287018492,-0.00171221217164266,-0.00527077304671353,-0.00219766525458337,-0.00443070062543327,-0.00368149723835878,-0.00279161856222844
2015-03-17,0.0227883137534959,0.018734906609958,0.0171426559996979,0.0135604183669166,0.0097019171304884,0.0121917082984543,0.0127805237920287,0.0114374562916905,0.0108120142970044
2015-03-18,0.0041807252951227,0.00381043432677308,0.00192242768601573,7.40688395575728e-05,-0.00599257175896428,-0.00127621420027041,-0.00146867133201326,-0.000150540516735853,0.000336771000618803
2015-03-19,2.37533794580358e-05,-0.00865000312547953,-0.00680761189667223,-0.00711925935308544,-0.00654875457821291,-0.011936257104315,-0.00899844788256254,-0.0077560640067135,-0.00594265892240467
2015-03-20,-0.0346229672448678,-0.0220422411520962,-0.0158085211856714,-0.0128754365578999,-0.0141935996070152,-0.0118275573331699,-0.00899873197305382,-0.0110313162616767,-0.0128186373663571
2015-03-23,-0.00207126864085838,-0.00454148704390128,-0.00432367966045018,-0.00420963352286538,-0.0132830667324361,-0.0101473860896901,-0.00806094569097608,-0.0104564428428687,-0.00527419019016211
2015-03-24,0.0080983003207491,0.00215921489577448,0.00176661819559535,-0.00154356935547015,-0.0041421174790216,-0.00396099400411087,-0.00231352107099488,-0.00354409807923536,-0.000531560071871727
2015-03-25,-0.00437237079660968,-0.00136981339566389,-0.00360480671793273,-0.00309953679785671,-0.00756826808316646,-0.00296776203894228,-0.00467010581345166,-0.00532869596304375,-0.00335402247032026
2015-03-26,-0.0153788777986087,-0.0194309559518089,-0.020617616175948,-0.016392701456638,-0.00994861816145398,-0.0167158261332315,-0.0188075296302298,-0.0146875422786997,-0.015935832311258
2015-03-27,0.00346448084952944,0.00644740279234479,0.00141209526600135,0.000657252895140847,0.00581280171829546,0.0076215632267278,0.00219486888892336,0.00371830376185367,-0.000846005356681978
2015-03-30,0.0196369825317197,0.0185003506469293,0.0207921423814915,0.0220953743209106,0.0232412288203678,0.0203024737912534,0.0219935578110408,0.0214155994244831,0.017517375191655
2015-03-31,0.0111788809370486,0.00174032856427753,0.00167228563200609,4.29898011294338e-05,0.00695988693982796,-0.000369168434332767,0.000265954299599228,0.0017929163563547,0.00225390902558202
2015-04-01,0.020184973814959,0.0193166819197803,0.0168979928668303,0.0171288794206481,0.020184973814959,0.0193166819197803,0.0168979928668303,0.0165038794206481,0.0147825054743341
2015-04-06,0.0510744905254574,0.0490301962726702,0.0461029674274735,0.0405613497513452,0.0510744905254574,0.0490301962726702,0.0461029674274735,0.0405613497513452,0.0134634482248838
2015-04-07,-0.00209121520965549,-0.00166505861481842,0.00027774590829784,0.00332039608585119,-0.00209121520965549,-0.00166505861481842,0.00027774590829784,0.00332039608585119,0.0032319321944341
2015-04-08,0.0038400510754959,0.00408209296889617,0.00445049474517815,0.00578477516164216,0.0038400510754959,0.00408209296889617,0.00445049474517815,0.00578477516164216,0.00541759247471571
2015-04-09,-0.0206239049240228,-0.0201927370339287,-0.0186484358797471,-0.0170331847910058,-0.0206239049240228,-0.0201927370339287,-0.0186484358797471,-0.0170331847910058,0.00470412224096977
2015-04-10,-0.00295156153903942,-0.0022478133678544,-0.00167096575438271,-0.000886902014647722,-0.00295156153903942,-0.0022478133678544,-0.00167096575438271,-0.000886902014647722,0.00276643032846702
2015-04-13,0.0160613463869155,0.0153854924873242,0.0145714966653439,0.0138400944106742,0.0160613463869155,0.0153854924873242,0.0145714966653439,0.0138400944106742,0.00499690098661558
2015-04-15,-0.0176261979083856,-0.0168993321701808,-0.014854327775695,-0.0126369023900869,-0.0176261979083856,-0.0168993321701808,-0.014854327775695,-0.0126369023900869,-0.00725536709537568
2015-04-16,-0.0172310774813135,-0.0163483103661348,-0.0140481704024281,-0.0114277993978021,-0.0172310774813135,-0.0163483103661348,-0.0140481704024281,-0.0114277993978021,-0.00714441886279479
2015-04-17,-0.0331727886923109,-0.0324466879056772,-0.0307918487005383,-0.0280705095515932,-0.0331727886923109,-0.0324466879056772,-0.0307918487005383,-0.0280705095515932,-0.0138098221447842
2015-04-20,-0.00431706601098258,-0.00572203225014106,-0.00748357874690486,-0.0111240069047296,-0.00431706601098258,-0.00572203225014106,-0.00748357874690486,-0.0111240069047296,-0.0180465144045972
2015-04-21,-0.0368392865836835,-0.035519287729506,-0.0308658173832139,-0.0259009587734521,-0.0368392865836835,-0.035519287729506,-0.0308658173832139,-0.0259009587734521,-0.00716958045698186
2015-04-22,0.0119919178643841,0.0126482061613461,0.0126591873168427,0.0121132061085606,0.0119919178643841,0.0126482061613461,0.0126591873168427,0.0121132061085606,0.00402795735974772
2015-04-23,-0.0111220799510495,-0.0102095283792589,-0.00845304685370933,-0.00719843742998533,-0.0111220799510495,-0.0102095283792589,-0.00845304685370933,-0.00719843742998533,-0.00238492152412118
2015-04-24,-0.00675658137046842,-0.0075686859018898,-0.0101708803406201,-0.0146566820452688,-0.00675658137046842,-0.0075686859018898,-0.0101708803406201,-0.0146566820452688,-0.0164194099331211
2015-04-27,-0.024717578969822,-0.0277274622518149,-0.0309586484596811,-0.0358248532536541,-0.024717578969822,-0.0277274622518149,-0.0309586484596811,-0.0358248532536541,-0.0203895855318257
2015-04-28,0.00641657475128543,0.00583767825017723,0.00680611395941518,0.00884904564763672,0.00641657475128543,0.00583767825017723,0.00680611395941518,0.00884904564763672,0.0126330549718051
2015-04-29,0.00486162432654336,0.00550643418032548,0.00517837797530903,0.00638619768442339,0.00486162432654336,0.00550643418032548,0.00517837797530903,0.00638619768442339,0.000914755636293759
2015-04-30,0.00123817060114662,0.000981133042602167,0.00120100147714131,0.00133025402215536,0.00123817060114662,0.000981133042602167,0.00120100147714131,0.00133025402215536,-0.00365523943784182
2015-05-04,0.0228746109127529,0.0234569104840072,0.0245719645486036,0.0244408790610723,0.0228746109127529,0.0234569104840072,0.0245719645486036,0.0244408790610723,0.0178200877402955
2015-05-05,0.00470937525784443,0.00550738748890789,0.00515180910256796,0.00705492072774255,0.00470937525784443,0.00550738748890789,0.00515180910256796,0.00705492072774255,0.00193437227322341
2015-05-06,-0.0285713092637354,-0.0300806116896656,-0.0294106017516931,-0.0307450381005709,-0.0285713092637354,-0.0300806116896656,-0.0294106017516931,-0.0307450381005709,-0.0299972215353677
2015-05-07,-0.0136329638460303,-0.0145047375794642,-0.014319265474306,-0.0144297344389009,-0.0136329638460303,-0.0145047375794642,-0.014319265474306,-0.0144297344389009,-0.0147091256666731
2015-05-08,0.0194700819812039,0.0184024606075032,0.0181998499586855,0.0169130529547146,0.0194700819812039,0.0184024606075032,0.0181998499586855,0.0169130529547146,0.0165620205346393
2015-05-11,0.0175792702258859,0.017794896645326,0.0175275824312503,0.0165470668939338,0.0175792702258859,0.017794896645326,0.0175275824312503,0.0165470668939338,0.0173251355863655
2015-05-12,-0.00542198578829189,-0.00659347702802809,-0.00642056567543784,-0.00940582773633644,-0.00542198578829189,-0.00659347702802809,-0.00642056567543784,-0.00940582773633644,-0.0211734935711533
2015-05-13,0.000870810938286448,0.00322371947916433,0.00314727872559935,0.00611445449774839,0.000870810938286448,0.00322371947916433,0.00314727872559935,0.00611445449774839,0.0106019918246283
2015-05-14,-0.00184068670204085,0.00196070963378336,0.00133595781120392,0.00331091207633666,-0.00184068670204085,0.00196070963378336,0.00133595781120392,0.00331091207633666,0.00584211142933321
2015-05-15,0.0045598198902852,0.00471889447781348,0.00485952618285353,0.0069716060349258,0.0045598198902852,0.00471889447781348,0.00485952618285353,0.0069716060349258,0.0035891993926757
2015-05-18,0.0155639075593117,0.0144874330831967,0.0146923298822494,0.0146740857161489,0.0155639075593117,0.0144874330831967,0.0146923298822494,0.0146740857161489,0.0109464062188645
2015-05-19,0.00131095998463859,0.00334871347720833,0.00320271393379519,0.00521809352781222,0.00131095998463859,0.00334871347720833,0.00320271393379519,0.00521809352781222,0.00185942633716353
2015-05-20,0.00277369261884597,0.00264910310220012,0.00273984977123195,0.00177075732960491,0.00277369261884597,0.00264910310220012,0.00273984977123195,0.00177075732960491,0.00310993762188784
2015-05-21,0.00141499732065409,0.000769192166985899,0.001196622346567,0.0021334420469275,0.00141499732065409,0.000769192166985899,0.001196622346567,0.0021334420469275,-0.000512526801452616
2015-05-22,0.0107805491252051,0.0075108101288327,0.0079213081016376,0.00575182875923375,0.0107805491252051,0.0075108101288327,0.0079213081016376,0.00575182875923375,0.00130846038856237
2015-05-25,-0.00571879434359246,-0.00684478189285892,-0.00672892651756296,-0.00567587977779757,-0.00571879434359246,-0.00684478189285892,-0.00672892651756296,-0.00567587977779757,-0.00600266940754843
2015-05-26,-0.00463484134844416,-0.00349787506593852,-0.00351882232772867,-0.00175522326132319,-0.00463484134844416,-0.00349787506593852,-0.00351882232772867,-0.00175522326132319,-0.00217614696227552
2015-05-27,-0.00421969033172476,-0.00105539974409091,-0.00124260287740866,0.000117969286669933,-0.00421969033172476,-0.00105539974409091,-0.00124260287740866,0.000117969286669933,0.000518774739683295
2015-05-28,-0.0155248899576105,-0.0136442573122305,-0.0139641217622877,-0.0124507881028142,-0.0155248899576105,-0.0136442573122305,-0.0139641217622877,-0.0124507881028142,-0.00266129410273431
2015-05-29,0.0162299227380025,0.0157056977593851,0.0159754574791826,0.0142536902081645,0.0162299227380025,0.0157056977593851,0.0159754574791826,0.0142536902081645,0.0110515187144376
2015-06-01,-0.00291646228171943,-0.00686633845597709,-0.0130726529769308,-0.0178101918377726,-0.00291646228171943,-0.00686633845597709,-0.0130726529769308,-0.0178101918377726,-0.0018601510623088
2015-06-02,-0.0174600464527436,-0.016078957694626,-0.0157545280067423,-0.0154781850829787,-0.0174600464527436,-0.016078957694626,-0.0157545280067423,-0.0154781850829787,-0.0217499757304745
2015-06-03,-0.0206544416503007,-0.0169637108956154,-0.0156158008325146,-0.0149934973129242,-0.0206544416503007,-0.0169637108956154,-0.0156158008325146,-0.0149934973129242,-0.0178407698538519
2015-06-04,0.00260012721652458,-0.00120622108524765,-0.00334821356836723,-0.00492533606733447,0.00260012721652458,-0.00120622108524765,-0.00334821356836723,-0.00492533606733447,0.000523970793306912
2015-06-05,0.00767107430657576,0.00550810509659128,0.00560032975466932,0.00597705756074851,0.00767107430657576,0.00550810509659128,0.00560032975466932,0.00597705756074851,0.00107764144780558
2015-06-08,-0.0158814666884634,-0.0125109592558224,-0.0118337544924029,-0.0116541303350374,-0.0158814666884634,-0.0125109592558224,-0.0118337544924029,-0.0116541303350374,-0.011896852324381
2015-06-09,0.000505076580833652,-0.00548817169592042,-0.00884343108452249,-0.0110616569843653,0.000505076580833652,-0.00548817169592042,-0.00884343108452249,-0.0110616569843653,-0.00255096593213199
2015-06-10,0.0148843846336788,0.0130978122185226,0.0120396908480589,0.0111717164488951,0.0148843846336788,0.0130978122185226,0.0120396908480589,0.0111717164488951,0.0105611247995064
2015-06-11,-0.0150949736479077,-0.0145686529280338,-0.0145098722417708,-0.014569010001905,-0.0150949736479077,-0.0145686529280338,-0.0145098722417708,-0.014569010001905,-0.017575420161739
2015-06-12,-0.00498644244323343,-0.00217960400452705,-0.00115693317294341,-0.000418899362957775,-0.00498644244323343,-0.00217960400452705,-0.00115693317294341,-0.000418899362957775,0.00105059709901119
2015-06-15,0.00445084612321844,0.00536741180393641,0.00644479375909294,0.00754022360878087,0.00445084612321844,0.00536741180393641,0.00644479375909294,0.00754022360878087,0.00275640651803626
2015-06-16,0.00207744023429024,0.00349738266658906,0.00311239001518748,0.00282775976557392,0.00207744023429024,0.00349738266658906,0.00311239001518748,0.00282775976557392,0.00450231382204865
2015-06-17,0.0145971005268,0.0168255114867017,0.0172156662761781,0.0173846051642276,0.0145971005268,0.0168255114867017,0.0172156662761781,0.0173846051642276,0.00964163962732088
2015-06-18,0.0204065628813941,0.0170331378269698,0.0161632396173697,0.0154875168371986,0.0204065628813941,0.0170331378269698,0.0161632396173697,0.0154875168371986,0.0103252985502029
2015-06-19,0.00389231829984937,0.00366583388147523,0.0029091437201693,0.00162921783232725,0.00389231829984937,0.00366583388147523,0.0029091437201693,0.00162921783232725,0.00481165109102876
2015-06-22,0.00558186975924757,0.0052566457711406,0.00557935612996789,0.00565296946843136,0.00558186975924757,0.0052566457711406,0.00557935612996789,0.00565296946843136,0.0169918379964369
2015-06-23,-9.22109615244526e-05,0.00150612426267316,0.00163269436970189,0.00187424241329731,-9.22109615244526e-05,0.00150612426267316,0.00163269436970189,0.00187424241329731,0.00413083880224048
2015-06-24,0.0039943896250958,0.00454632943256816,0.00533239249060813,0.00583244390965965,0.0039943896250958,0.00454632943256816,0.00533239249060813,0.00583244390965965,-0.00428320115615559
2015-06-25,0.00274382852193189,0.00218933552670975,0.00199764785478866,0.0017000371877951,0.00274382852193189,0.00218933552670975,0.00199764785478866,0.0017000371877951,0.00365236467980777
2015-06-26,-0.00517014396305282,-0.00139319906497609,0.000512147547233721,0.00162482505335867,-0.00517014396305282,-0.00139319906497609,0.000512147547233721,0.00162482505335867,-0.00068808025469177
2015-06-29,-0.0148576335281232,-0.0138079555073434,-0.0132850414818905,-0.0128733692988293,-0.0148576335281232,-0.0138079555073434,-0.0132850414818905,-0.0128733692988293,-0.0117196037702803
2015-06-30,0.0115039217668111,0.0160740853672321,0.0178701744105492,0.0191909064585415,0.0115039217668111,0.0160740853672321,0.0178701744105492,0.0191909064585415,0.0105142936644445
2015-07-01,0.0106972556317464,0.00949919399972299,0.0106682639603442,0.00928917279723478,0.0106972556317464,0.00949919399972299,0.0106682639603442,0.00928917279723478,0.0114321604944206
2015-07-02,0.00373247776565844,-0.000366006018861886,0.00110152072438019,-0.000366414578655411,0.00373247776565844,-0.000366006018861886,0.00110152072438019,-0.000366414578655411,0.0031466254598269
2015-07-03,0.000582520364382333,0.00209792239671036,0.00378280421427113,0.00401615253455434,0.000582520364382333,0.00209792239671036,0.00378280421427113,0.00401615253455434,0.000982143361351683
2015-07-06,0.0151769354615057,0.0157682690989772,0.011922094294114,0.0128174152413131,0.0151769354615057,0.0157682690989772,0.011922094294114,0.0128174152413131,0.00708077443844562
2015-07-07,0.00853126130663218,0.00587924547207541,0.00286629687336311,0.00287739688304173,0.00853126130663218,0.00587924547207541,0.00286629687336311,0.00287739688304173,0.0040778593680665
2015-07-08,-0.00621870615760467,-0.00524472994621539,-0.00933264482783791,-0.0088907089792653,-0.00621870615760467,-0.00524472994621539,-0.00933264482783791,-0.0088907089792653,-0.015392618953665
2015-07-09,-0.00253529859721113,-0.000902608255631154,0.000270235935238524,0.000306780806516305,-0.00253529859721113,-0.000902608255631154,0.000270235935238524,0.000306780806516305,-0.00188324598090826
2015-07-10,0.00603259730222749,0.00618797308934782,0.00763279862508237,0.00858187117762477,0.00603259730222749,0.00618797308934782,0.00763279862508237,0.00858187117762477,0.00369852054378194
2015-07-13,0.0119088717829097,0.0122341467294059,0.0114453308488881,0.0116117462590213,0.0119088717829097,0.0122341467294059,0.0114453308488881,0.0116117462590213,0.0112421492357365
2015-07-14,0.00704668350985882,0.00724582248275774,0.00357523453685878,0.00452934167544183,0.00704668350985882,0.00724582248275774,0.00357523453685878,0.00452934167544183,0.00119902896998648
2015-07-15,0.00806865118928912,0.00807084414909343,0.00601699150495024,0.00682149743240668,0.00806865118928912,0.00807084414909343,0.00601699150495024,0.00682149743240668,0.00495263938997955
2015-07-16,0.0113637395786133,0.0112856256858703,0.0146269625944001,0.0137873117277954,0.0113637395786133,0.0112856256858703,0.0146269625944001,0.0137873117277954,0.0102287439655785
2015-07-17,0.00679052938188729,0.00608001907311206,0.00256325210346324,0.00327869402913178,0.00679052938188729,0.00608001907311206,0.00256325210346324,0.00327869402913178,0.00291581122558472
2015-07-20,0.00101790400976864,0.00149958017321283,0.00045034691203838,0.000970563265415864,0.00101790400976864,0.00149958017321283,0.00045034691203838,0.000970563265415864,-0.000931622295709921
2015-07-21,-0.0247108062374563,-0.0316869405728191,-0.0267715765832247,-0.0357521295193517,-0.0247108062374563,-0.0316869405728191,-0.0267715765832247,-0.0357521295193517,-0.0179818904881363
2015-07-22,0.00767203448506915,0.00800370493449265,0.0100251275562312,0.0101208073655361,0.00767203448506915,0.00800370493449265,0.0100251275562312,0.0101208073655361,0.0116642795948198
2015-07-23,-0.00183665923472864,-0.00308599606745324,-0.00505515915804081,-0.0055026501692311,-0.00183665923472864,-0.00308599606745324,-0.00505515915804081,-0.0055026501692311,-0.00108056927478462
2015-07-24,-0.0034045259099259,-0.00459453072306049,-0.00661784802991283,-0.00589721234021998,-0.0034045259099259,-0.00459453072306049,-0.00661784802991283,-0.00589721234021998,-0.00733203532424378
2015-07-27,-0.00120320002592744,-0.00519611381749335,-0.0112891701987929,-0.0114844741210999,-0.00120320002592744,-0.00519611381749335,-0.0112891701987929,-0.0114844741210999,-0.0144936363009372
2015-07-28,0.00380052708483958,-0.00233053482097828,-0.000186940867432391,-0.00267831164144014,0.00380052708483958,-0.00233053482097828,-0.000186940867432391,-0.00267831164144014,-0.00431942816684334
2015-07-29,0.012763567414567,0.00830839633902603,0.00767066126505189,0.00694748538014661,0.012763567414567,0.00830839633902603,0.00767066126505189,0.00694748538014661,0.00570538435012443
2015-07-30,0.00274297250444366,0.0071239794291974,0.00537146023391921,0.00598527090892476,0.00274297250444366,0.0071239794291974,0.00537146023391921,0.00598527090892476,0.00903142358277951
2015-07-31,0.00937519894321359,0.0152532965321855,0.0133741120932986,0.0154558839234963,0.00937519894321359,0.0152532965321855,0.0133741120932986,0.0154558839234963,0.0134424869292558
2015-08-03,0.00078345423493964,0.00664713202129016,0.006039156771268,0.00469669857414533,0.00078345423493964,0.00664713202129016,0.006039156771268,0.00469669857414533,0.00526187438895655
2015-08-04,0.00922275221263336,0.00542822794981357,0.00320072488976456,0.0025231501883681,0.00922275221263336,0.00542822794981357,0.00320072488976456,0.0025231501883681,0.00390611777392336
2015-08-05,0.0183871956038553,0.0157438316711174,0.0102259619051947,0.0119847892949793,0.0183871956038553,0.0157438316711174,0.0102259619051947,0.0119847892949793,0.00745335576507807
2015-08-06,0.0103234225283426,0.011120624830089,0.00887761804211188,0.00997917932753672,0.0103234225283426,0.011120624830089,0.00887761804211188,0.00997917932753672,0.00333659159641055
2015-08-07,-0.000697000904678724,-0.00517696061754291,-0.00461856188426435,-0.00500401652337359,-0.000697000904678724,-0.00517696061754291,-0.00461856188426435,-0.00500401652337359,-0.00337064051725961
2015-08-10,-0.00582377965862046,-0.00388326236001596,-0.00317685675482685,-0.00192027654268712,-0.00582377965862046,-0.00388326236001596,-0.00317685675482685,-0.00192027654268712,-0.00251313906931344
2015-08-11,-0.00110151711551409,-0.00917092382535761,-0.00898050456898862,-0.00663086210639649,-0.00110151711551409,-0.00917092382535761,-0.00898050456898862,-0.00663086210639649,-0.00902387064378671
2015-08-12,-0.00799910558322481,-0.015680054816328,-0.0198070978207295,-0.0151368528450547,-0.00799910558322481,-0.015680054816328,-0.0198070978207295,-0.0151368528450547,-0.01975331321324
2015-08-13,-0.000193619048261096,-0.00235521058105737,0.000463335435038144,0.00170200838985834,-0.000193619048261096,-0.00235521058105737,0.000463335435038144,0.00170200838985834,-0.00376443518039183
2015-08-14,0.0216365423153999,0.020517262080659,0.0228901451204306,0.0222818568837723,0.0216365423153999,0.020517262080659,0.0228901451204306,0.0222818568837723,0.023667771184862
2015-08-17,0.00326299042698963,4.01521199238641e-05,-0.00172472236116613,-0.00173183048311773,0.00326299042698963,4.01521199238641e-05,-0.00172472236116613,-0.00173183048311773,0.00151571377468387
2015-08-18,0.00527900420835148,0.00395037706501822,0.00112973428599309,0.000663840185819747,0.00527900420835148,0.00395037706501822,0.00112973428599309,0.000663840185819747,0.000300061135903607
2015-08-19,0.0193388582761467,0.0129945268361011,0.00838716490435854,0.0119197370364579,0.0193388582761467,0.0129945268361011,0.00838716490435854,0.0119197370364579,0.00261255372619663
2015-08-20,-0.0163025680305652,-0.0188772088800893,-0.020029208902808,-0.0154414428862187,-0.0163025680305652,-0.0188772088800893,-0.020029208902808,-0.0154414428862187,-0.0172958200409886
2015-08-21,0.00583757552246778,-0.00265750658317648,-0.00635516380141706,-0.00433681858636886,0.00583757552246778,-0.00265750658317648,-0.00635516380141706,-0.00433681858636886,-0.00779072251055463
2015-08-24,-0.100012701379444,-0.0922996278326989,-0.0837476105300222,-0.0817951775002853,-0.100012701379444,-0.0922996278326989,-0.0837476105300222,-0.0817951775002853,-0.0752067030112835
2015-08-25,0.0156724666674222,0.018121753553006,0.0200400210316311,0.018499124545406,0.0156724666674222,0.018121753553006,0.0200400210316311,0.018499124545406,0.0152198107202931
2015-08-26,-0.00167856537936095,-1.65993422175381e-05,-0.00473242853205384,-0.0055150368897095,-0.00167856537936095,-1.65993422175381e-05,-0.00473242853205384,-0.0055150368897095,-0.00591326975636674
2015-08-27,0.0236745483619931,0.0190750148457614,0.0185836470201659,0.0203254475533363,0.0236745483619931,0.0190750148457614,0.0185836470201659,0.0203254475533363,0.0253346705363386
2015-08-28,0.00860254324842269,0.00780092854607273,0.00517524867979184,0.00480336318726279,0.00860254324842269,0.00780092854607273,0.00517524867979184,0.00480336318726279,0.00358121336200907
2015-08-31,0.0116011677918519,-0.000602905631619854,-0.00137957286638979,0.00289181047917361,0.0116011677918519,-0.000602905631619854,-0.00137957286638979,0.00289181047917361,-0.00129869527258145
2015-09-01,-0.0142558802101419,-0.017656277059734,-0.017714380163436,-0.0171861053206951,-0.0142558802101419,-0.017656277059734,-0.017714380163436,-0.0171861053206951,-0.0223320849955759
2015-09-02,-0.00289122577118273,-0.00672566201252817,-0.00815849379205613,-0.00932318078687844,-0.00289122577118273,-0.00672566201252817,-0.00815849379205613,-0.00932318078687844,-0.00689558353733598
2015-09-03,0.0092639050115737,0.00623773727151955,0.00404565839626388,0.00258697019096071,0.0092639050115737,0.00623773727151955,0.00404565839626388,0.00258697019096071,0.0143817856315572
2015-09-04,-0.0298203054983027,-0.0269155978853535,-0.0260444200913548,-0.0253039609072854,-0.0298203054983027,-0.0269155978853535,-0.0260444200913548,-0.0253039609072854,-0.0220460932149282
2015-09-07,-0.0350423981484288,-0.0304476961293425,-0.0283241705512868,-0.0268641450865257,-0.0350423981484288,-0.0304476961293425,-0.0283241705512868,-0.0268641450865257,-0.0163381016245717
2015-09-08,0.00130190058632662,0.00416587176420147,0.00540785018235016,0.00588391856824011,0.00130190058632662,0.00416587176420147,0.00540785018235016,0.00588391856824011,0.0138630263557402
2015-09-09,0.00981275124189196,0.00783650382607415,0.0062900501025589,0.00533727590265298,0.00981275124189196,0.00783650382607415,0.0062900501025589,0.00533727590265298,0.0186287816261792
2015-09-10,0.00480845924204099,0.00298097793315544,0.00154228139588945,0.000265833851982061,0.00480845924204099,0.00298097793315544,0.00154228139588945,0.000265833851982061,-0.00234608202448037
2015-09-11,0.00490709508218368,0.00258022232173438,0.00229626440574752,0.00226704806050698,0.00490709508218368,0.00258022232173438,0.00229626440574752,0.00226704806050698,0.00109304393147361
2015-09-14,0.0140964562405621,0.0136438306276792,0.0133809079017479,0.0131419891804744,0.0140964562405621,0.0136438306276792,0.0133809079017479,0.0131419891804744,0.0129540759593083
2015-09-15,0.00177132596545371,-0.000638131705724354,-0.000676847369138126,-0.000835816804008543,0.00177132596545371,-0.000638131705724354,-0.000676847369138126,-0.000835816804008543,-0.00640501518480592
2015-09-16,-0.00729998505467166,-0.00200057398202463,0.00142114543390359,0.00397118762952511,-0.00729998505467166,-0.00200057398202463,0.00142114543390359,0.00397118762952511,0.00312814831670155
2015-09-18,0.00905246646396352,0.00897531898724624,0.00920035768632836,0.00942320779319372,0.00905246646396352,0.00897531898724624,0.00920035768632836,0.00942320779319372,0.0114067781361114
2015-09-21,0.0160613581787721,0.009902296236312,0.00611069398677211,0.00370251861749563,0.0160613581787721,0.009902296236312,0.00611069398677211,0.00370251861749563,0.00519315342585744
2015-09-22,-0.00748701727788492,-0.00644900011072236,-0.00575868151534068,-0.00517488530879398,-0.00748701727788492,-0.00644900011072236,-0.00575868151534068,-0.00517488530879398,-0.0168991834560661
2015-09-23,0.012341902488374,0.0107235473836452,0.00886561832293083,0.00800651376575612,0.012341902488374,0.0107235473836452,0.00886561832293083,0.00800651376575612,0.00477332521235784
2015-09-24,0.00878857840300662,0.00917148126044098,0.00870249474176473,0.00839086719936066,0.00878857840300662,0.00917148126044098,0.00870249474176473,0.00839086719936066,0.00357325900836358
2015-09-28,0.00156914107390715,0.00288066916191299,0.00234443041357209,0.00210450243484395,0.00156914107390715,0.00288066916191299,0.00234443041357209,0.00210450243484395,-0.00360162282171964
2015-09-29,-0.00969134493310564,-0.00797090481733947,-0.00859043444068023,-0.0092480901227168,-0.00969134493310564,-0.00797090481733947,-0.00859043444068023,-0.0092480901227168,0.00287133131302049
2015-09-30,0.0240924141266106,0.0208792494984604,0.0197063480481972,0.0190837248187487,0.0240924141266106,0.0208792494984604,0.0197063480481972,0.0190837248187487,0.0133275661446112
2015-10-01,0.0066937977810051,-0.0047281205629365,0.000129852481882817,0.00259791965941195,0.0066937977810051,0.00826979817626328,0.0106155626166981,0.0122600042022945,0.00128329703700563
2015-10-05,0.018386537535551,0.0148497623016534,0.0120071868482479,0.0106285597437468,0.018386537535551,0.0123542867384939,0.00921905113305218,0.00706917157078446,0.0187292479033362
2015-10-06,0.00767603846479226,-0.000837434670561743,0.00235298052024061,-0.000161091321615209,0.00767603846479226,0.00820492468331879,0.00873806877429469,0.00896329765758969,0.00509829068114019
2015-10-07,-0.00583957402826119,-0.011601634061214,-0.00857586476750793,-0.00668361590801095,-0.00583957402826119,-0.00418195010417854,-0.00221792345303832,-0.000596589253458013,0.00500408906261745
2015-10-08,-0.00984202466652162,-0.00550966036309947,-0.0074642673637351,-0.00622995398557719,-0.00984202466652162,-0.010607753015764,-0.0102270175403529,-0.00991161322693501,-0.00638945157287777
2015-10-09,0.00106136288470848,0.00643777986909988,0.00670940299600538,0.00610564211919834,0.00106136288470848,0.00415700606726244,0.00428464498738953,0.00444059176703882,0.00388426524155395
2015-10-12,-0.00172193943960763,-0.00835256715990063,-0.00776374093528838,-0.00567608032034481,-0.00172193943960763,-0.00415401396283577,-0.00642016470717669,-0.00794139619885387,-0.00143664719915322
2015-10-13,-0.000619222643255535,-0.0049548524534907,-0.00299740525894817,-0.00188100024689652,-0.000619222643255535,0.00014913324344068,-8.49422714673437e-06,6.50964446043123e-05,0.00130811994993278
2015-10-14,0.007082299470061,-0.00338833250466081,-0.000811695402646732,-0.00695503873183417,0.007082299470061,0.00571193913572121,0.00505449988091581,0.00465265964901829,-0.00122214277265228
2015-10-15,-0.0038102093636555,-0.00298537257307652,-0.00271802626518932,0.0109612787393779,-0.0038102093636555,-0.00299677150653521,-0.00181154206462201,-0.00120694562815443,0.00792615921326239
2015-10-16,0.00771577060762407,0.00480121834794289,0.00481477179427636,0.00556609571704159,0.00771577060762407,0.00627882464728369,0.00532340520433161,0.00465582543786708,0.00338718060201119
2015-10-19,0.00789696219425573,0.00810933345846376,0.00943980555090381,0.0105661220874006,0.00789696219425573,0.00999885596501981,0.0113936774315605,0.0125229839805697,0.00559896100762964
2015-10-20,0.00248908870300135,0.00550590798786432,0.00243209203955008,0.00374765342432373,0.00248908870300135,-0.000613225577038523,-0.00198945517006284,-0.00284695729452988,0.000667164482007454
2015-10-21,0.00556866314929017,0.00366129849416807,0.00102382783459043,0.000712740285356395,0.00556866314929017,0.000658774832362652,-0.00235525898051892,-0.00437736696870164,-0.00335653963748482
2015-10-23,0.0016433345188005,0.00158785621688362,0.00319987406273207,-0.00071049024004477,0.0016433345188005,0.00403362213661473,0.0042464342280241,0.00448721509978356,0.00105651942065431
2015-10-26,-0.00103196985430698,0.000536797127603073,-0.000463786279384,-0.00444142328774186,-0.00103196985430698,-0.00174846147383256,-0.00150829259435969,-0.00158064447325354,-0.00437335625985321
2015-10-27,0.000843784474919618,0.000765519274703808,-0.00046736008122091,0.000172800523500383,0.000843784474919618,-0.00104466715907536,-0.0011322322444568,-0.0010698296078317,-0.00120044781024631
2015-10-28,-0.000554362073148185,0.00230140725130418,0.00042508809745249,-0.0012390148597681,-0.000554362073148185,-0.00194095614169953,-0.00303351719268767,-0.00367104202987364,-0.0063349147798127
2015-10-29,-0.00238757097186237,-0.00527856271045435,-0.00530304346233423,-0.006930781905582,-0.00238757097186237,-0.00386978796897819,-0.00471477685605178,-0.00538318906515506,-0.00525617663170879
2015-10-30,-0.0125381496307385,-0.00892221796147197,-0.00497639719330204,-0.00710597474306282,-0.0125381496307385,-0.00481145264385036,-0.00112360265474546,0.00142023351091938,-0.00312590682403639
2015-11-02,-0.0131642180008244,-0.0122346414709912,-0.00907566273016506,-0.00508408387359521,0.00689065269611433,0.00206647372380075,-0.00155737249785215,-0.00383408387359521,0.000123799252035099
2015-11-03,0.00190969017798293,0.00182731036628059,0.00224477631441925,0.00287851907187664,0.0047797473442488,0.00392972777747269,0.00320146203650788,0.00287851907187664,0.00239223222703635
2015-11-04,-0.0100085729493511,-0.00938008542673135,-0.00839326339805424,-0.00756638511567778,-0.00508575026854841,-0.00575268480462421,-0.00675232250445335,-0.00756638511567778,-0.00200538506711944
2015-11-05,-0.0225489055848899,-0.0218966603564358,-0.0202415125480295,-0.0194589186007189,-0.0171111367587872,-0.017021176845002,-0.0184289229393286,-0.0194589186007189,-0.0143581899421016
2015-11-06,-0.0321249751828311,-0.0305771602182198,-0.027832174093026,-0.0227311311114341,-0.00742800216665851,-0.0148851020046484,-0.0195998497543018,-0.0227311311114341,-0.0049729239196411
2015-11-09,-0.0194364906976287,-0.017599247436497,-0.0122187360609237,-0.00701647915605766,0.00859029155854052,0.00356628912438173,-0.00287647530886733,-0.00701647915605766,-0.00137873391651308
2015-11-10,-0.0309204493351674,-0.0295463612481524,-0.0272911470599311,-0.0225791964566034,-0.00844334464662055,-0.0156120316650545,-0.0197987788304155,-0.0225791964566034,-0.0153236218334495
2015-11-11,0.011583670934737,0.0114297583647337,0.0109650817646384,0.0115634631964314,0.0133586074918102,0.011697168028129,0.0115567272836628,0.0115634631964314,0.00997412637133343
2015-11-13,-0.00955969566243697,-0.00954906027349534,-0.0101040353703525,-0.0102812737193151,-0.0108129887662028,-0.0110134871651349,-0.0105217997382745,-0.0102812737193151,-0.00845166265553029
2015-11-16,0.00605193954258487,0.00577950047400877,0.00480445172420474,0.00255409325066272,-0.00419698216996334,-0.000671313972683329,0.00138814448668867,0.00255409325066272,0.00509034102434299
2015-11-17,0.00770313978305337,0.0085460554189738,0.00900783408217998,0.010021289932612,0.0130616574839082,0.0114965244462503,0.0107940066491316,0.010021289932612,0.00367470270327294
2015-11-18,-0.00706709666056027,-0.00688364375850825,-0.00689705872923759,-0.00641452527261246,-0.00496692490273709,-0.00594540678671668,-0.00619700147662986,-0.00641452527261246,-0.00971256431498982
2015-11-19,-0.00360560976879087,-0.00261334598900509,-0.000589048183161633,0.00157172990012405,0.00805406414998111,0.00575680578925319,0.00329750978976236,0.00157172990012405,0.0117832431339581
2015-11-20,0.000890870890664752,0.000761040535501301,0.00180640888265423,0.000772389865062034,-0.00232966718771455,0.000783739194622768,0.000732896189861128,0.000772389865062034,0.00410766565813829
2015-11-23,0.00271874345395817,0.00323354369841411,0.00419976473787487,0.00502677085087544,0.00750778918987716,0.00681999800333677,0.00579611331651453,0.00502677085087544,0.00149113388557083
2015-11-24,-0.0067678013038629,-0.00657937016760013,-0.00609830159739807,-0.00484975501358553,-0.00110411526214793,-0.00312013985957094,-0.00421040625015974,-0.00484975501358553,3.85380859147849e-05
2015-11-26,-0.0072663080498383,-0.00690129821205981,-0.00743950454859847,-0.00518034931512631,0.00159711638529014,-0.00345940041819282,-0.00448502973688899,-0.00518034931512631,0.00583846247149476
2015-11-27,0.00123329678294648,0.00107322860566894,0.000774464966734352,-0.000256417256652403,-0.00334906392681267,-0.00158606311897375,-0.000752988603185364,-0.000256417256652403,0.00637124502967693
2015-11-30,-0.00645142608517457,-0.00621273504469244,-0.00532204169088272,-0.00448323932494868,-0.00196683222714655,-0.00275374360520492,-0.00382717707154005,-0.00448323932494868,0.000822478659004897
2015-12-01,0.013378493047518,0.0113758893626955,0.00760247039245262,0.00812276951480431,0.015878493047518,0.0138758893626955,0.00843580372578595,0.00812276951480431,0.00627261842716513
2015-12-02,-0.00279324179867002,0.00196704052884256,-0.000135373796223859,-0.0015226318431564,-0.00279324179867002,0.00196704052884256,-0.000135373796223859,-0.0015226318431564,-0.00140817974101018
2015-12-03,-0.00809506175245733,-0.00948193461676156,-0.00852189576786585,-0.00847359900585409,-0.00809506175245733,-0.00948193461676156,-0.00852189576786585,-0.00847359900585409,-0.00714850707580302
2015-12-04,-0.00187981005403637,-0.00199958835538033,-0.00351679330689007,-0.00551561234598222,-0.00187981005403637,-0.00199958835538033,-0.00351679330689007,-0.00551561234598222,-0.00914953172186266
2015-12-07,0.00138649837445026,0.00236434478272163,0.00213784122687222,0.00258624869242541,0.00138649837445026,0.00236434478272163,0.00213784122687222,0.00258624869242541,0.000943932623579076
2015-12-08,-0.00996634509616701,-0.0105058155730363,-0.00982605036329013,-0.00911834504786391,-0.00996634509616701,-0.0105058155730363,-0.00982605036329013,-0.00911834504786391,-0.0127351629754573
2015-12-09,-0.0195659964691943,-0.0194861336412544,-0.0168835733148441,-0.0160035250565556,-0.0195659964691943,-0.0194861336412544,-0.0168835733148441,-0.0160035250565556,-0.0150994873509991
2015-12-10,0.00881220843375718,0.00688507991060294,0.0093382423753936,0.0106158968470973,0.00881220843375718,0.00688507991060294,0.0093382423753936,0.0106158968470973,0.00734455176147512
2015-12-11,-0.00633368833855641,-0.00368856894365965,-0.0073346481624316,-0.00714458980169472,-0.00633368833855641,-0.00368856894365965,-0.0073346481624316,-0.00714458980169472,-0.0100796386386218
2015-12-14,-0.000849553912037004,0.00232278793712604,0.0026234528184493,0.00441531481588764,-0.000849553912037004,0.00232278793712604,0.0026234528184493,0.00441531481588764,0.00478669449215812
2015-12-15,0.00472803677661515,0.0040725036726057,0.0069418339699366,0.00686725897769713,0.00472803677661515,0.0040725036726057,0.0069418339699366,0.00686725897769713,0.0054289274641509
2015-12-16,-0.00535271363892509,-0.00223805275545608,-0.00384406927650264,-0.00256756007989933,-0.00535271363892509,-0.00223805275545608,-0.00384406927650264,-0.00256756007989933,0.00487559818492799
2015-12-17,0.015757204346456,0.0142741546942418,0.0113196469080502,0.0161833789619904,0.015757204346456,0.0142741546942418,0.0113196469080502,0.0161833789619904,0.0147233329454872
2015-12-18,-0.0027879912423493,-0.00314690872667772,-0.000533214753139055,-0.00307764150737652,-0.0027879912423493,-0.00314690872667772,-0.000533214753139055,-0.00307764150737652,-0.00505013097458748
2015-12-21,0.00652096363766086,0.00426576095957332,0.00174440100657806,-0.000287999148545992,0.00652096363766086,0.00426576095957332,0.00174440100657806,-0.000287999148545992,0.00761512617191228
2015-12-22,-0.00069748979283224,0.000189868364090628,0.00216303048343895,0.000435485758999044,-0.00069748979283224,0.000189868364090628,0.00216303048343895,0.000435485758999044,-0.00330332984571332
2015-12-23,0.00464844865710434,0.00758141958173109,0.00521918849046029,0.00514879569598919,0.00464844865710434,0.00758141958173109,0.00521918849046029,0.00514879569598919,0.00844934119737782
2015-12-24,0.00259259294125624,0.00122817972978295,-0.0014289601221014,-0.000757493769518253,0.00259259294125624,0.00122817972978295,-0.0014289601221014,-0.000757493769518253,0.000961962753209434
2015-12-28,0.00415394770570443,0.00697267228832876,0.00489547318910288,0.0033775246825474,0.00415394770570443,0.00697267228832876,0.00489547318910288,0.0033775246825474,0.00534832472255076
2015-12-29,0.00104260661003241,0.00151224065376054,0.00195350498307264,0.00347887450217632,0.00104260661003241,0.00151224065376054,0.00195350498307264,0.00347887450217632,0.000667598830439557
2015-12-30,-0.000188688057540576,-0.00155896940342037,-0.00175358354904065,-0.00299461258135117,-0.000188688057540576,-0.00155896940342037,-0.00175358354904065,-0.00299461258135117,-0.000798459710051779
2015-12-31,-0.000154155470930895,-0.00298023998915203,-0.00112271600484441,-0.00115254421661715,-0.000154155470930895,-0.00298023998915203,-0.00112271600484441,-0.00115254421661715,0.00498125900705429
2016-01-01,0.00674837854834176,0.00107423200693088,0.00214692495663125,0.00415421960093447,0.00674837854834176,0.00107423200693088,0.00214692495663125,0.00415421960093447,0.00680262302041519
2016-01-04,-0.0140355762224975,-0.0175126912081987,-0.0176120182241593,-0.0155315771057599,-0.0140355762224975,-0.0175126912081987,-0.0176120182241593,-0.0155315771057599,-0.0171647057647221
2016-01-05,1.60032684322076e-05,0.00417704613705761,0.00321765419515082,0.00331478050358724,1.60032684322076e-05,0.00417704613705761,0.00321765419515082,0.00331478050358724,0.00349064823857267
2016-01-06,-0.00193165772380688,-0.00298397352441065,-0.0030955406167457,-0.00317487181771364,-0.00193165772380688,-0.00298397352441065,-0.0030955406167457,-0.00317487181771364,-0.00484132083827853
2016-01-07,-0.025153548980993,-0.0249507885505614,-0.0245070340679439,-0.0215475346532229,-0.025153548980993,-0.0249507885505614,-0.0245070340679439,-0.0215475346532229,-0.0271734647984293
2016-01-08,0.00839606841857266,0.00582394267691988,0.00489274386896069,0.00549458444808187,0.00839606841857266,0.00582394267691988,0.00489274386896069,0.00549458444808187,0.00895946844307688
2016-01-11,-0.0128528760181029,-0.00943644353869766,-0.0116093961488972,-0.0101157196446338,-0.0128528760181029,-0.00943644353869766,-0.0116093961488972,-0.0101157196446338,-0.00755906686381308
2016-01-12,-0.00296638710185348,-0.00473360466320411,-0.00221467104575442,-0.00241321703996389,-0.00296638710185348,-0.00473360466320411,-0.00221467104575442,-0.00241321703996389,-0.00856869887987309
2016-01-13,-0.0228726790269924,-0.00992728164456058,-0.00982950080754767,-0.00849023000718957,-0.0228726790269924,-0.00992728164456058,-0.00982950080754767,-0.00849023000718957,-0.00399860589831528
2016-01-14,-0.0105741929433548,-0.00698648097146504,-0.00425112249264381,-0.00614983809768715,-0.0105741929433548,-0.00698648097146504,-0.00425112249264381,-0.00614983809768715,-0.00947729674785397
2016-01-15,-0.0508173959689315,-0.0437305753735674,-0.0368067523012016,-0.0319817724655632,-0.0508173959689315,-0.0437305753735674,-0.0368067523012016,-0.0319817724655632,-0.0260029930997223
2016-01-18,-0.0396441702280451,-0.0334539604797335,-0.0304636464322383,-0.0263603992865414,-0.0396441702280451,-0.0334539604797335,-0.0304636464322383,-0.0263603992865414,-0.0226751031301385
2016-01-19,0.0256119819032554,0.0147779066611603,0.0158913568698712,0.0151604481854727,0.0256119819032554,0.0147779066611603,0.0158913568698712,0.0151604481854727,0.0132939480425351
2016-01-20,-0.0148632849574626,-0.0224484568169804,-0.0192928563773338,-0.0154598054148272,-0.0148632849574626,-0.0224484568169804,-0.0192928563773338,-0.0154598054148272,-0.0193128724738924
2016-01-21,0.0107926074252001,0.00903317276214954,0.00154464529009638,0.00249886418935835,0.0107926074252001,0.00903317276214954,0.00154464529009638,0.00249886418935835,-0.00188856032089611
2016-01-22,0.0258821719968676,0.0247388000476024,0.0249336998977444,0.022906156333888,0.0258821719968676,0.0247388000476024,0.0249336998977444,0.022906156333888,0.0220472658369105
2016-01-25,0.0145044591340191,0.00610639389332562,0.00654000782591513,0.00839359101577195,0.0145044591340191,0.00610639389332562,0.00654000782591513,0.00839359101577195,0.00495631967979831
2016-01-27,0.00352900160787595,0.00497345434729823,0.00489438863361369,0.00354504664571106,0.00352900160787595,0.00497345434729823,0.00489438863361369,0.00354504664571106,0.00437364274149807
2016-01-28,-0.00453703569273012,0.0048971941378827,0.00441218041492456,0.000765911445308881,-0.00453703569273012,0.0048971941378827,0.00441218041492456,0.000765911445308881,-0.00240309415556848
2016-01-29,0.0183808707265567,0.0254002921621166,0.024497741350687,0.023975061346026,0.0183808707265567,0.0254002921621166,0.024497741350687,0.023975061346026,0.01570196117585
2016-02-01,-0.00655964111348123,-0.00012214860870166,0.00103826865468263,0.00105078017200692,-0.00655964111348123,-0.00012214860870166,0.00103826865468263,0.00105078017200692,-0.00130413252897505
2016-02-02,-0.0314653184254469,-0.0210828438656145,-0.012356470644258,-0.0140400627944466,-0.0314653184254469,-0.0210828438656145,-0.012356470644258,-0.0140400627944466,-0.0165437781190685
2016-02-03,-0.00627600388373883,-0.00688300565086902,-0.0126768944813897,-0.0140043545470331,-0.00627600388373883,-0.00688300565086902,-0.0126768944813897,-0.0140043545470331,-0.0152039843908132
2016-02-04,-0.0120071478194321,-0.00271456238665957,-0.00143035391259823,-0.0057592219022744,-0.0120071478194321,-0.00271456238665957,-0.00143035391259823,-0.0057592219022744,-7.3059321321927e-06
2016-02-05,0.0201586066082327,0.0160188404973003,0.013917297183528,0.0147425110364698,0.0201586066082327,0.0160188404973003,0.013917297183528,0.0147425110364698,0.0184497238782389
2016-02-08,-0.0100257277867468,-0.00416826261414727,-0.00445828645600314,-0.00411376436383115,-0.0100257277867468,-0.00416826261414727,-0.00445828645600314,-0.00411376436383115,-0.00530361184880401
2016-02-09,-0.0193088144402828,-0.0153387971584552,-0.0157152063786139,-0.0164511691010116,-0.0193088144402828,-0.0153387971584552,-0.0157152063786139,-0.0164511691010116,-0.0136587024091265
2016-02-10,-0.0228705067654786,-0.0121916502164907,-0.0114001373859643,-0.0120222874472334,-0.0228705067654786,-0.0121916502164907,-0.0114001373859643,-0.0120222874472334,-0.0154566282614219
2016-02-11,-0.0375409912500194,-0.0360619112067225,-0.0397811524438296,-0.037790270483028,-0.0375409912500194,-0.0360619112067225,-0.0397811524438296,-0.037790270483028,-0.0365177450194269
2016-02-12,-8.07395745023864e-05,-0.00183832168552361,-0.00420871206090997,-0.00754961325627992,-8.07395745023864e-05,-0.00183832168552361,-0.00420871206090997,-0.00754961325627992,-0.00398806343261918
2016-02-15,0.0363841899148127,0.030665081841335,0.0319753371902558,0.0305085830475351,0.0363841899148127,0.030665081841335,0.0319753371902558,0.0305085830475351,0.0327522154808782
2016-02-16,-0.0395478025103038,-0.0297374382585987,-0.0253293205542642,-0.0264994458779135,-0.0395478025103038,-0.0297374382585987,-0.0253293205542642,-0.0264994458779135,-0.0234085119305206
2016-02-17,0.0163090650983573,-0.00121637751422504,0.0017626018830534,0.00252758868520506,0.0163090650983573,-0.00121637751422504,0.0017626018830534,0.00252758868520506,0.0074653634036227
2016-02-18,0.0180427902670302,0.012088720729494,0.01147083018384,0.0121843903352459,0.0180427902670302,0.012088720729494,0.01147083018384,0.0121843903352459,0.0101607801902524
2016-02-19,0.00139165477553194,0.00189442119750838,-0.000149093662532981,0.0016090300259641,0.00139165477553194,0.00189442119750838,-0.000149093662532981,0.0016090300259641,0.00232139617576808
2016-02-22,0.015145998974347,0.00907543099889574,0.00840165107427252,0.00658286520547818,0.015145998974347,0.00907543099889574,0.00840165107427252,0.00658286520547818,0.00455535526739721
2016-02-23,-0.0158686698853907,-0.0154621357686135,-0.0126038240702576,-0.0132464370392164,-0.0158686698853907,-0.0154621357686135,-0.0126038240702576,-0.0132464370392164,-0.0167641056767038
2016-02-24,-0.00271942508062273,-0.00667988513878998,-0.00485249770849953,-0.0059069463239175,-0.00271942508062273,-0.00667988513878998,-0.00485249770849953,-0.0059069463239175,-0.0113071912809758
2016-02-25,-0.0219522449284304,-0.0130821801786379,-0.0107348563994945,-0.0116068219626691,-0.0219522449284304,-0.0130821801786379,-0.0107348563994945,-0.0116068219626691,-0.00910251470111712
2016-02-26,0.00476458299855387,0.00194000986661885,0.000464218382715339,-0.00174508894003447,0.00476458299855387,0.00194000986661885,0.000464218382715339,-0.00174508894003447,0.0042377501662551
2016-02-29,-0.0142939393697072,-0.0138178089563611,-0.0108195016585131,-0.00637506007014485,-0.0142939393697072,-0.0138178089563611,-0.0108195016585131,-0.00637506007014485,-0.00103780861185012
2016-03-01,-0.00226658886295411,-0.00226658886295411,-0.00226658886295411,-0.00226658886295411,0.0257023326064775,0.0117178718717617,0.0241956925509498,0.0283758846450631,0.0310126096986978
2016-03-02,0.000242881431000264,0.000242881431000264,0.000242881431000264,0.000242881431000264,0.0157840719500748,0.00801347669053754,0.0117459163137719,0.0104290665075464,0.0252490024615306
2016-03-03,0.000109508165500039,0.000109508165500039,0.000109508165500039,0.000109508165500039,0.0268158136684034,0.0134626609169517,0.00879005517819683,0.00778450030032113,0.0127069992406926
2016-03-04,0,0,0,0,0.00843624085957306,0.00421812042978653,0.0040041734118248,0.00354862808702494,0.00671349900003099
2016-03-08,0.000923576430710282,0.000923576430710282,0.000923576430710282,0.000923576430710282,-0.00314001507577188,-0.0011082193225308,-0.00350876646727335,-0.00131790560212902,-0.000457186170255845
2016-03-09,9.03698982623879e-05,9.03698982623879e-05,9.03698982623879e-05,9.03698982623879e-05,-0.0200220818140487,-0.00996585595789318,-0.00354619291408146,-0.00389564239160575,0.00421511491309856
2016-03-10,0.000137920538746172,0.000137920538746172,0.000137920538746172,0.000137920538746172,-0.000724274069094921,-0.000293176765174374,-0.00177612753456117,-0.0021732778529345,-0.00361148644207734
2016-03-11,0.000247271689769235,0.000247271689769235,0.000247271689769235,0.000247271689769235,-0.00811490669989046,-0.00393381750506061,-0.000474912726731243,0.000765129486870963,0.000730663656002801
2016-03-14,0.00080343432518637,0.00080343432518637,0.00080343432518637,0.00080343432518637,0.00290858725761756,0.00185601079140196,0.00403672393221114,0.00321865708558788,0.00482764820344926
2016-03-15,0.000266013034638801,0.000266013034638801,0.000266013034638801,0.000266013034638801,-0.00698608022324987,-0.00336003359430553,-0.0110032027894782,-0.0084716618194014,-0.00837911792672053
2016-03-16,0.000161464962103119,0.000161464962103119,0.000161464962103119,0.000161464962103119,0.00713593769482368,0.0036487013284634,0.00270332102314856,-0.00547311390602645,0.000438528992673155
2016-03-17,0.000208920923430611,0.000208920923430611,0.000208920923430611,0.000208920923430611,0.00545212132755601,0.00283052112549331,0.00342359707196982,0.0030347738108667,0.00394066213608937
2016-03-18,0.000142416330405792,0.000142416330405792,0.000142416330405792,0.000142416330405792,0.00187539958798033,0.00100890795919306,0.00305116836294609,0.00424212727989226,0.00896284179707079
2016-03-21,0.000626542623884507,0.000626542623884507,0.000626542623884507,0.000626542623884507,-0.00418811539534203,-0.00178078638572876,0.000735898188606088,0.00526606359175025,0.0135742182641656
2016-03-22,8.53841337304928e-05,8.53841337304928e-05,8.53841337304928e-05,8.53841337304928e-05,-0.00599055372273505,-0.00295258479450228,-0.00171630575766061,0.00304407192252912,0.00395686823430201
2016-03-23,0,0,0,0,0.00420719855971496,0.00210359927985748,0.00144899983779475,-0.000984924836762324,0.000809984503414667
2016-03-28,0.00108144002276722,0.00108144002276722,0.00108144002276722,0.00108144002276722,-0.0155503985086837,-0.00723447924295822,-0.0084598214604306,-0.013607679809381,-0.0185660006542183
2016-03-29,0.000213211534270119,0.000213211534270119,0.000213211534270119,0.000213211534270119,0.00293216883882264,0.00157269018654638,-0.00106884332481601,-0.000646532167237451,-0.00222954926622042
2016-03-30,0.000374224904430731,0.000374224904430731,0.000374224904430731,0.000374224904430731,0.0237981707052755,0.0120861978048531,0.00777301173828471,0.0106183017645946,0.0204414426299989
2016-03-31,0.00121222452671144,0.00121222452671144,0.00121222452671144,0.00121222452671144,2.35225487152935e-05,0.000617873537713365,0.00647517985160821,0.0084515317068089,0.00374692458078909
2016-04-01,-0.00858310949597102,-0.0028228132595281,-0.00434932421973945,-0.00326199316480459,-0.000943250432640372,-0.00417279828640127,-0.00259167581294746,-0.0013187568597106,0.00208976505832034
2016-04-04,0.00592790297817514,0.00262081608523029,0.00185960230226275,0.00160043579531297,0.0134721163785623,0.00690464555744497,0.0092626144729071,0.00715269492329623,0.00374690628688583
2016-04-05,-0.0264830156036863,-0.0224418804169341,-0.0197338432174327,-0.0147294979641775,-0.0285329273331671,-0.0214253480757985,-0.0132615396952155,-0.00987527032251459,-0.0182329944023776
2016-04-06,0.0273273298930317,0.0272032342310501,0.0214358440545321,0.0161229448724119,0.00918106156982357,0.00954106263565979,0.00852921855336023,0.00644297574653308,0.00512351671160239
2016-04-07,-0.00692766700625813,-0.00742618989520927,-0.00264735500905866,-0.00194418633062104,-0.0121237204216154,-0.0026067028291864,-0.00718706932398886,-0.0053489720668187,-0.00493441967845535
2016-04-08,0.00341262629857764,0.00930585124717853,0.00870894910480476,0.00653171182860357,0.00394734313442879,0.00573124397724301,0.00412308616931726,0.00309231462698795,0.00470873452939043
2016-04-11,0.0201265262859194,0.0121610238056999,0.01002990002079,0.0076983433328216,0.0108192127165949,0.00829343258378257,0.0124521954455249,0.00951506490137277,0.012083581352443
2016-04-12,-0.0110530686378382,-0.00481999760559576,0.00223828426909234,0.0017235467278581,0.0201607405275197,0.0182577942729941,0.0129214716088083,0.0097359372326451,0.00681907188514277
2016-04-13,0.0233542222497984,0.0206898381928466,0.0207237199267299,0.0155427899450474,-0.00116205248913137,0.00981471545268253,0.00859918838406489,0.00644939128804867,0.015986398108847
2016-04-18,0.00976552237056438,0.0105867691636231,0.00918179871611994,0.00711519494593854,0.012169284636371,0.00927057122874231,0.0110817906207822,0.00854018887443525,0.00912640426676852
2016-04-20,0.0409579812422691,0.019837515212067,0.0131986512240283,0.0100392345913042,-0.00528437968212925,-0.00268172821708912,0.00292699217154328,0.00233549030194041,0.00293499182767385
2016-04-21,0.00087675784179142,-0.0103594493089865,-0.0116443697143589,-0.00869322941678688,-0.00167606221365735,-0.00794513636938043,-0.00886082505110886,-0.00660557091934938,-0.00138508388521144
2016-04-22,-0.00383821851335298,-0.00373341516672399,-0.00152782137730689,-0.00114586603298017,0.00279566154745048,0.00283951387448889,0.00108004420531612,0.000810033153987089,0.000513231990207748
2016-04-25,-0.0126775121684063,-0.00513096652367812,-0.00132530240764232,-0.000806724120598928,0.000578961924956323,0.0034324938746928,0.0018253299068484,0.00155625011526911,-0.00456948675491068
2016-04-26,0.0228875233894943,0.0135492978939581,0.0133236850332873,0.0100386593026229,0.016533250777645,0.0147028550447954,0.0119217324468974,0.00898719486283039,0.0121404460451371
2016-04-27,-0.00101584876837879,-0.000212950421620783,-0.000205464284541897,-0.000109387702200564,-0.00688860045392248,-0.0035395462321533,-0.00174847208579472,-0.00126664355314018,-9.0085267555947e-05
2016-04-28,-0.0232927090341918,-0.015265224269655,-0.0147027525438244,-0.0109823618913518,-0.00714447389364692,-0.010361141492905,-0.00965968661392369,-0.00720006244392632,-0.011688623054736
2016-04-29,0.00686521247323779,0.00305540038495222,0.0010724669117124,0.000804350183784303,0.0160684804071172,0.00658754018617497,0.002337378250123,0.00175303368759225,0.0017406978893909
2016-05-02,0.00578234475343681,0.00211447663783532,0.00129637264214979,0.0110160195054776,0.00578234475343681,0.00211447663783532,0.00212970597548312,0.0116410195054776,0.000656578515997813
2016-05-03,-0.00700638915436624,-0.00688205375312706,-0.00476408227774217,-0.00599479127463753,-0.00700638915436624,-0.00688205375312706,-0.00476408227774217,-0.00599479127463753,-0.00570237156690891
2016-05-04,-0.010052378416795,-0.0108476938790052,-0.0112899007223206,-0.00989887146761065,-0.010052378416795,-0.0108476938790052,-0.0112899007223206,-0.00989887146761065,-0.0103315293232712
2016-05-05,0.000913720892025793,0.000571435303144963,0.0020271044269599,0.00158368826599137,0.000913720892025793,0.000571435303144963,0.0020271044269599,0.00158368826599137,0.00154628143981028
2016-05-06,0.00812154435258106,0.00167629094122279,0.000231960483289958,0.0030323871206519,0.00812154435258106,0.00167629094122279,0.000231960483289958,0.0030323871206519,0.00158235893593705
2016-05-09,0.00813083382587454,0.00581067090259257,0.00687836705713625,0.00837597607205454,0.00813083382587454,0.00581067090259257,0.00687836705713625,0.00837597607205454,0.0143252915231874
2016-05-10,0.00338273962086322,0.000345433834850417,0.00109700602351907,0.00213599493421429,0.00338273962086322,0.000345433834850417,0.00109700602351907,0.00213599493421429,0.00226135692949277
2016-05-11,-0.00485635443780386,-0.0071176355606456,-0.00417354496583178,-0.00218236904628449,-0.00485635443780386,-0.0071176355606456,-0.00417354496583178,-0.00218236904628449,-0.00291858574728855
2016-05-12,0.00883062613138574,0.00913969266509207,0.0121599646409325,0.0129098005962457,0.00883062613138574,0.00913969266509207,0.0121599646409325,0.0129098005962457,0.00811784396924456
2016-05-13,-0.00217433081674667,-0.00502093906147827,-0.00287573177865637,-0.00370421967912768,-0.00217433081674667,-0.00502093906147827,-0.00287573177865637,-0.00370421967912768,-0.00797154509939049
2016-05-16,-0.00391462012116961,-0.00356127692139935,-0.00323040405537426,-0.00089656656879411,-0.00391462012116961,-0.00356127692139935,-0.00323040405537426,-0.00089656656879411,0.00106056624234992
2016-05-17,0.00752081565549445,0.0021061854072188,0.000897699979890421,0.00124002334504181,0.00752081565549445,0.0021061854072188,0.000897699979890421,0.00124002334504181,0.00260071429850695
2016-05-18,-0.00181928840491508,0.00462670280862942,0.00227420759444493,0.00363489417703933,-0.00181928840491508,0.00462670280862942,0.00227420759444493,0.00363489417703933,0.00202344341562983
2016-05-19,-0.0122133161070316,-0.0106803529489709,-0.00766363951531627,-0.00878054138377071,-0.0122133161070316,-0.0106803529489709,-0.00766363951531627,-0.00878054138377071,-0.0111997444928124
2016-05-20,-0.0022321850611543,-0.00369501713090337,0.00209490071370018,-0.00137028354112911,-0.0022321850611543,-0.00369501713090337,0.00209490071370018,-0.00137028354112911,-0.00620003280009963
2016-05-23,0.00152712258892973,0.00215408281171026,-0.000524504580755962,0.000503622860588915,0.00152712258892973,0.00215408281171026,-0.000524504580755962,0.000503622860588915,-0.00315826662527255
2016-05-24,-0.00297724384016596,-0.00321123170965298,-0.000801662127477565,0.0027657794584609,-0.00297724384016596,-0.00321123170965298,-0.000801662127477565,0.0027657794584609,-1.66138509222145e-05
2016-05-25,0.00871504687951763,0.00697308387259343,0.0130639133343211,0.00884917385279735,0.00871504687951763,0.00697308387259343,0.0130639133343211,0.00884917385279735,0.0164576897778163
2016-05-26,0.000304333487529007,0.00508968666270937,0.00355190068525106,0.00764080876425144,0.000304333487529007,0.00508968666270937,0.00355190068525106,0.00764080876425144,0.0127395759791371
2016-05-27,-0.000529932325761151,0.00377642750560264,0.00375497959365515,0.00607811924532628,-0.000529932325761151,0.00377642750560264,0.00375497959365515,0.00607811924532628,0.0124286927985506
2016-05-30,0.0033152167897188,0.00593760222718276,0.00225729865415136,0.00492943180894873,0.0033152167897188,0.00593760222718276,0.00225729865415136,0.00492943180894873,0.00365153235396523
2016-05-31,-0.002694159895411,-0.000781875246314401,0.00245039059519851,0.000466792459008658,-0.002694159895411,-0.000781875246314401,0.00245039059519851,0.000466792459008658,-0.000236408827637228
2016-06-01,-0.00101035748647599,-0.0038953053472332,-0.00490485555094688,-0.00178890137977619,-0.00101035748647599,-0.0038953053472332,-0.00490485555094688,-0.00178890137977619,-0.00118442997124824
2016-06-02,0.0129113351056944,0.00813006560895502,0.00432651328085972,0.00437582373189593,0.0129113351056944,0.00813006560895502,0.00432651328085972,0.00437582373189593,0.00477606319982114
2016-06-03,0.00399267201528475,0.00488482958778924,-0.0011736901689798,-0.00192782353330032,0.00399267201528475,0.00488482958778924,-0.0011736901689798,-0.00192782353330032,-0.00305407448971805
2016-06-06,-0.000164707195526526,0.000351058537776561,-0.00328479978821187,-0.00140588334292918,-0.000164707195526526,0.000351058537776561,-0.00328479978821187,-0.00140588334292918,-0.000697490439287769
2016-06-07,0.00554106377532948,0.00485260766472517,0.00751265119312235,0.0101305121271869,0.00554106377532948,0.00485260766472517,0.00751265119312235,0.0101305121271869,0.00997431655318001
2016-06-08,0.0112275347759097,0.0137093373666106,0.0108948424636899,0.0101706606642414,0.0112275347759097,0.0137093373666106,0.0108948424636899,0.0101706606642414,0.00421681842538247
2016-06-09,-0.00855560844233694,-0.00163942317121718,-0.00151419897944364,-0.00364369926011357,-0.00855560844233694,-0.00163942317121718,-0.00151419897944364,-0.00364369926011357,-0.00302274082221794
2016-06-10,-0.00634783659705718,-0.00047902920685966,-0.00211568404099838,-0.000501421420698811,-0.00634783659705718,-0.00047902920685966,-0.00211568404099838,-0.000501421420698811,-0.00333220313092315
2016-06-13,-0.0117676559008845,-0.0137491442171632,-0.0102507910059628,-0.00667856317070026,-0.0117676559008845,-0.0137491442171632,-0.0102507910059628,-0.00667856317070026,-0.0077896341345808
2016-06-14,0.00495922665769988,0.00445313028256711,0.00455057562634109,0.00235601399753843,0.00495922665769988,0.00445313028256711,0.00455057562634109,0.00235601399753843,0.00422520338365805
2016-06-15,0.00485538200894853,0.0131878556474403,0.0095856720622236,0.00989162485477313,0.00485538200894853,0.0131878556474403,0.0095856720622236,0.00989162485477313,0.00884316263280856
2016-06-16,-0.00709739494350614,-0.00528396971622064,-0.00316334901676637,-0.00458892298389732,-0.00709739494350614,-0.00528396971622064,-0.00316334901676637,-0.00458892298389732,-0.00535754654034659
2016-06-17,-0.00415871134812484,-0.002144707710727,0.00043345142502634,0.00286963019252287,-0.00415871134812484,-0.002144707710727,0.00043345142502634,0.00286963019252287,0.00266231720850737
2016-06-20,0.00779915707123569,0.00614503070432404,0.00573192769018172,0.00708642412629801,0.00779915707123569,0.00614503070432404,0.00573192769018172,0.00708642412629801,0.00626793644075621
2016-06-21,0.00807841984959734,1.336728948792e-05,0.00108854869987525,0.000576774456161694,0.00807841984959734,1.336728948792e-05,0.00108854869987525,0.000576774456161694,-0.000338094807674637
2016-06-22,-0.00321442056036125,-0.00420567913029463,-0.00388623315046155,-0.00300659335933789,-0.00321442056036125,-0.00420567913029463,-0.00388623315046155,-0.00300659335933789,-0.00184428963896638
2016-06-23,0.00113091939054111,-0.0026698156541009,-0.000608823816094136,0.00185611082807433,0.00113091939054111,-0.0026698156541009,-0.000608823816094136,0.00185611082807433,0.00390822353932365
2016-06-24,-0.011135429318248,-0.0115023565253248,-0.0110406299013911,-0.010965116090052,-0.011135429318248,-0.0115023565253248,-0.0110406299013911,-0.010965116090052,-0.017791370315993
2016-06-27,0.0108651524466685,0.00660906210550372,0.00744150917650876,0.0118126388040766,0.0108651524466685,0.00660906210550372,0.00744150917650876,0.0118126388040766,0.00948293012600414
2016-06-28,0.00286496345404785,0.00411064786410964,0.00248951190025914,0.00312622898060602,0.00286496345404785,0.00411064786410964,0.00248951190025914,0.00312622898060602,0.00514158579416197
2016-06-29,0.0150902433140805,0.0170181902776617,0.014881386951773,0.0140128460488111,0.0150902433140805,0.0170181902776617,0.014881386951773,0.0140128460488111,0.0120447360259885
2016-06-30,0.0278380409837269,0.0227665052994259,0.0192901416132614,0.0171277052178943,0.0278380409837269,0.0227665052994259,0.0192901416132614,0.0171277052178943,0.0131682461400307
2016-07-01,0.0188918929626092,0.0101300274269482,0.00813007096211621,0.00753319447468019,0.0188918929626092,0.0101300274269482,0.00813007096211621,0.00753319447468019,0.0081060126938119
2016-07-04,0.00617586129967806,0.00208747242469776,0.00376484274879833,0.00862625020290408,0.00617586129967806,0.00208747242469776,0.00376484274879833,0.00862625020290408,0.00819689229744652
2016-07-05,-0.00406261739494551,-0.00164381911516848,-0.00395255754449649,-0.00412130047395171,-0.00406261739494551,-0.00164381911516848,-0.00395255754449649,-0.00412130047395171,-0.00127744512837666
2016-07-07,-0.00608284577699247,0.0027990911768408,0.00264086022593287,0.000704437329887203,-0.00608284577699247,0.0027990911768408,0.00264086022593287,0.000704437329887203,-0.000409534222105743
2016-07-08,-0.00045822152450814,-0.000353477248990153,-0.00114344823538485,-0.00195709139918845,-0.00045822152450814,-0.000353477248990153,-0.00114344823538485,-0.00195709139918845,-0.00174594748832645
2016-07-11,0.0287653015948426,0.0202121479706444,0.0181875112433821,0.0184837219655754,0.0287653015948426,0.0202121479706444,0.0181875112433821,0.0184837219655754,0.0158492297513175
2016-07-12,0.00506729633414538,0.00486928090071415,0.00257843805797002,0.00535322997894899,0.00506729633414538,0.00486928090071415,0.00257843805797002,0.00535322997894899,0.0051768460492845
2016-07-13,-0.0137338412648088,-0.0124901937885105,-0.0128741520013446,-0.0137636474887178,-0.0137338412648088,-0.0124901937885105,-0.0128741520013446,-0.0137636474887178,-0.00473598498535559
2016-07-14,-0.00450796333606873,0.00340316204885682,0.0039045359775632,0.00212476183285773,-0.00450796333606873,0.00340316204885682,0.0039045359775632,0.00212476183285773,0.005995350360235
2016-07-15,-0.00111632694378061,-0.000626463662725119,-0.00346559301469947,-0.00397319548776881,-0.00111632694378061,-0.000626463662725119,-0.00346559301469947,-0.00397319548776881,-0.00110957511435239
2016-07-18,-0.000159743702909609,-0.00192625793957812,-0.00264114266829885,-0.00498382571554246,-0.000159743702909609,-0.00192625793957812,-0.00264114266829885,-0.00498382571554246,-0.00648061000749507
2016-07-19,-0.00554077146433229,-0.00116357453621529,0.000994998992020009,-0.000501901643558927,-0.00554077146433229,-0.00116357453621529,0.000994998992020009,-0.000501901643558927,0.00200503989276023
2016-07-20,0.00388122634560184,0.00917347631476917,0.0103756168965626,0.014483533895243,0.00388122634560184,0.00917347631476917,0.0103756168965626,0.014483533895243,0.00945078082865366
2016-07-21,-0.00203874823515116,0.00698280835646425,-0.00105615585119934,-0.00345036764628376,-0.00203874823515116,0.00698280835646425,-0.00105615585119934,-0.00345036764628376,-0.005997916165199
2016-07-22,0.0223376682646139,0.0114701714397039,0.0120933786304203,0.0109679576900017,0.0223376682646139,0.0114701714397039,0.0120933786304203,0.0109679576900017,0.00695885047850154
2016-07-25,0.015050623415112,0.00741902142222561,0.00755769416454203,0.00935608834308699,0.015050623415112,0.00741902142222561,0.00755769416454203,0.00935608834308699,0.0111430947683873
2016-07-26,0.021586095476021,0.00896275985321687,0.00656269727829761,0.00169037291623095,0.021586095476021,0.00896275985321687,0.00656269727829761,0.00169037291623095,-0.00513305334633592
2016-07-27,0.0177685567457198,0.00891655288271542,0.00586544413822658,0.00377600896917654,0.0177685567457198,0.00891655288271542,0.00586544413822658,0.00377600896917654,0.00420932965831026
2016-07-28,0.00930489130977552,0.0102922168763135,0.00934138144357862,0.00944777505510935,0.00930489130977552,0.0102922168763135,0.00934138144357862,0.00944777505510935,0.00549275324876123
2016-07-29,0.0128010514172363,0.00639271041017148,0.00596006085947361,0.00405390384147403,0.0128010514172363,0.00639271041017148,0.00596006085947361,0.00405390384147403,0.000896302688527172
2016-08-01,0.0124977454369605,0.021178573216453,0.0157711418891545,0.0115460767260832,0.0124977454369605,0.021178573216453,0.0157711418891545,0.0115460767260832,0.00168196165188499
2016-08-02,-0.019402129823974,-0.0204339729505492,-0.0148250401095518,-0.0121603584367123,-0.019402129823974,-0.0204339729505492,-0.0148250401095518,-0.0121603584367123,-0.00605058528942523
2016-08-03,-5.90921476385509e-05,-0.0178163721889175,-0.0147160108270058,-0.0145721098152383,-5.90921476385509e-05,-0.0178163721889175,-0.0147160108270058,-0.0145721098152383,-0.0110322754605372
2016-08-04,0.016888220597457,0.0117252803797081,0.00787545672383912,0.00755762613514188,0.016888220597457,0.0117252803797081,0.00787545672383912,0.00755762613514188,0.00401823116919195
2016-08-05,0.0267712722165723,0.0220088629539615,0.0267645625573874,0.0226715991088228,0.0267712722165723,0.0220088629539615,0.0267645625573874,0.0226715991088228,0.0165725641709342
2016-08-08,0.00564731925276796,0.00759982022965688,0.0063670066221874,0.00662095971048587,0.00564731925276796,0.00759982022965688,0.0063670066221874,0.00662095971048587,0.00421347903936829
2016-08-09,-0.00858912586024141,-0.0061227687828963,-0.00703959132775323,-0.00442481083147073,-0.00858912586024141,-0.0061227687828963,-0.00703959132775323,-0.00442481083147073,-0.00287145238567351
2016-08-10,-0.00627609784405003,-0.00949738454039029,-0.0176281352525388,-0.0167809732840178,-0.00627609784405003,-0.00949738454039029,-0.0176281352525388,-0.0167809732840178,-0.0131100434473434
2016-08-11,-0.0079914689957663,-0.00620116745184901,-0.00634379737985432,-0.00388647099542214,-0.0079914689957663,-0.00620116745184901,-0.00634379737985432,-0.00388647099542214,-0.000752267602454262
2016-08-12,0.0144768498374754,0.0113773662469372,0.00990964956883592,0.00953184576187288,0.0144768498374754,0.0113773662469372,0.00990964956883592,0.00953184576187288,0.0076192596150978
2016-08-16,0.015925927093944,0.00768895190060809,0.00710900047715024,0.00709007583854518,0.015925927093944,0.00768895190060809,0.00710900047715024,0.00709007583854518,0.00110830459756035
2016-08-17,0.0194789270603428,0.00920707938820531,0.00716667370989173,0.00551735672922715,0.0194789270603428,0.00920707938820531,0.00716667370989173,0.00551735672922715,0.00250128498378858
2016-08-18,-0.00182694005809669,0.00220184538140561,0.00672999278327716,0.00883407699288283,-0.00182694005809669,0.00220184538140561,0.00672999278327716,0.00883407699288283,0.00827140505049418
2016-08-19,0.0133915770335979,0.00643889165786043,0.00610913069822997,0.00568538876255473,0.0133915770335979,0.00643889165786043,0.00610913069822997,0.00568538876255473,0.00386530254927422
2016-08-22,-0.00801305206376723,-0.00698558062701837,-0.00881887156387477,-0.00821047549763068,-0.00801305206376723,-0.00698558062701837,-0.00881887156387477,-0.00821047549763068,-0.00379152095248602
2016-08-23,-0.00435447555121282,-0.00601283052080193,-0.00368473107323227,-0.0046509855540188,-0.00435447555121282,-0.00601283052080193,-0.00368473107323227,-0.0046509855540188,-0.000617142475539565
2016-08-24,-0.000691839042275322,-0.000174254386882067,0.00111583283484236,0.00279408126282357,-0.000691839042275322,-0.000174254386882067,0.00111583283484236,0.00279408126282357,0.00427261604495676
2016-08-25,-0.0160758072977029,-0.00859277349416027,-0.00717658184635091,-0.00641921858981043,-0.0160758072977029,-0.00859277349416027,-0.00717658184635091,-0.00641921858981043,-0.0053891538561277
2016-08-26,-0.000737726006081574,0.00638711462063685,0.00531847517541906,0.00221524037386645,-0.000737726006081574,0.00638711462063685,0.00531847517541906,0.00221524037386645,-0.00103396476418832
2016-08-29,0.0109406746801086,0.0112615688582146,0.00628266786295262,0.00559174066899848,0.0109406746801086,0.0112615688582146,0.00628266786295262,0.00559174066899848,0.00257619893050389
2016-08-30,0.0104847469484692,0.0103215832265,0.0161094666389888,0.0149940585013954,0.0104847469484692,0.0103215832265,0.0161094666389888,0.0149940585013954,0.0122226796356883
2016-08-31,-0.0154045165933335,-0.00478083822313674,0.000946807669908734,0.00134682291308383,-0.0154045165933335,-0.00478083822313674,0.000946807669908734,0.00134682291308383,0.00289984571571451
2016-09-01,-0.0100816873004911,-0.00227347720624932,-0.00274593297648521,-0.00201697867195576,-0.0100816873004911,-0.00227347720624932,-0.00274593297648521,-0.00201697867195576,-0.00495164288989341
2016-09-02,0.00429455494595699,0.00144777250726191,0.00168703000264451,0.00234904517737827,0.00429455494595699,0.00144777250726191,0.00168703000264451,0.00234904517737827,0.00447455458601075
2016-09-06,0.0142515257008358,0.0146078658447986,0.0151596304950975,0.0146589339842176,0.0142515257008358,0.0146078658447986,0.0151596304950975,0.0146589339842176,0.013821977833565
2016-09-07,-0.00275589281922617,0.0035896692865357,0.000846500637002867,-0.00148300399965684,-0.00275589281922617,0.0035896692865357,0.000846500637002867,-0.00148300399965684,0.000643520467892927
2016-09-08,0.0102068116756295,0.0103195303159019,0.00994875150205043,0.00940679553355289,0.0102068116756295,0.0103195303159019,0.00994875150205043,0.00940679553355289,0.00839885318392075
2016-09-09,-0.0104413575751157,-0.0151899697445919,-0.0151912925100091,-0.0153577501614252,-0.0104413575751157,-0.0151899697445919,-0.0151912925100091,-0.0153577501614252,-0.00819376011163943
2016-09-12,-0.0372414808272614,-0.0419148230887421,-0.0377555536997198,-0.0361130332152875,-0.0372414808272614,-0.0419148230887421,-0.0377555536997198,-0.0361130332152875,-0.0254239336540286
2016-09-14,0.014260215487186,0.00930466400367436,0.0124936377188938,0.0117990314134034,0.014260215487186,0.00930466400367436,0.0124936377188938,0.0117990314134034,0.00794607199622444
2016-09-15,-0.00185460639576562,-0.00227358618973544,-0.00326582873188367,-0.00198682199160419,-0.00185460639576562,-0.00227358618973544,-0.00326582873188367,-0.00198682199160419,0.00100716902007139
2016-09-16,-0.00940524590876668,-0.012513088151916,-0.00673300204124316,-0.00605115353769189,-0.00940524590876668,-0.012513088151916,-0.00673300204124316,-0.00605115353769189,0.000940721924202776
2016-09-19,0.00244163578047463,0.00829370215565117,0.00820706461786314,0.00677439760574872,0.00244163578047463,0.00829370215565117,0.00820706461786314,0.00677439760574872,0.00444183827077796
2016-09-20,-0.000970127672027754,0.00142712197372208,-0.000225606906095262,0.000851347613622294,-0.000970127672027754,0.00142712197372208,-0.000225606906095262,0.000851347613622294,-0.00263492665917728
2016-09-21,0.00165554703402782,0.00419066820547864,0.001947396205445,0.00222706935714354,0.00165554703402782,0.00419066820547864,0.001947396205445,0.00222706935714354,0.000324678788307286
2016-09-22,0.0305519558835976,0.020982410705066,0.019361369546306,0.0198158687646413,0.0305519558835976,0.020982410705066,0.019361369546306,0.0198158687646413,0.0122785464574097
2016-09-23,0.00264005975048476,0.00161108136489685,-0.000666679794979882,0.000470015867043178,0.00264005975048476,0.00161108136489685,-0.000666679794979882,0.000470015867043178,-0.00223316674294161
2016-09-26,-0.00715886735118554,-0.00408031098865047,-0.00569977523685602,-0.00588742384528149,-0.00715886735118554,-0.00408031098865047,-0.00569977523685602,-0.00588742384528149,-0.00885547435522643
2016-09-27,-0.00183166216607511,-0.0039163231201334,-0.00211015533953281,-0.0014094756130191,-0.00183166216607511,-0.0039163231201334,-0.00211015533953281,-0.0014094756130191,-0.000818560080768902
2016-09-28,0.00895473384291212,0.0154677894637276,0.0138029616961259,0.012109231948373,0.00895473384291212,0.0154677894637276,0.0138029616961259,0.012109231948373,0.00801978648918879
2016-09-29,-0.0419267913779384,-0.0385030872307393,-0.0333423436863174,-0.0338384426531508,-0.0419267913779384,-0.0385030872307393,-0.0333423436863174,-0.0338384426531508,-0.0308368712483941
2016-09-30,0.0232585866763444,0.0183518756230877,0.0156437712944553,0.0164631057768103,0.0232585866763444,0.0183518756230877,0.0156437712944553,0.0164631057768103,0.0118718047707461
2016-10-03,0.0228768119576665,0.0298695570423498,0.0286885210173482,0.0292553745862845,0.0228768119576665,0.0298695570423498,0.0286885210173482,0.0292553745862845,0.0227550210920266
2016-10-04,0.0110704491465574,0.00621769615344769,0.00526539401255562,0.00575652299946222,0.0110704491465574,0.00621769615344769,0.00526539401255562,0.00575652299946222,0.00520518990952552
2016-10-05,0.00787099193246021,0.00829308017115349,0.00696695124359133,0.00547343603371597,0.00787099193246021,0.00829308017115349,0.00696695124359133,0.00547343603371597,0.00192396485982817
2016-10-06,0.00184512362328282,-0.00306145100073929,-0.00353184898079106,-0.0042526062980546,0.00184512362328282,-0.00306145100073929,-0.00353184898079106,-0.0042526062980546,-0.00622513911457722
2016-10-07,0.0100141947617136,0.00433314648769362,0.00361650715263258,0.00203264898525521,0.0100141947617136,0.00433314648769362,0.00361650715263258,0.00203264898525521,5.85931796809076e-05
2016-10-10,0.0164408337533728,0.00510090286413262,0.00505162065018076,0.00190210794070067,0.0164408337533728,0.00510090286413262,0.00505162065018076,0.00190210794070067,0.000803458590219946
2016-10-13,-0.0199670376150403,-0.0157260088130733,-0.0151108390967923,-0.0160676061801713,-0.0199670376150403,-0.0157260088130733,-0.0151108390967923,-0.0160676061801713,-0.0163653401216097
2016-10-14,-0.00480102390094339,0.00236507942333558,0.00405779772713392,0.00406217399991041,-0.00480102390094339,0.00236507942333558,0.00405779772713392,0.00406217399991041,0.00359389052761521
2016-10-17,-0.0122623423466535,-0.0108038743146523,-0.0115188630600568,-0.010200656428333,-0.0122623423466535,-0.0108038743146523,-0.0115188630600568,-0.010200656428333,-0.00845685625545886
2016-10-18,0.0199178215753186,0.0204569537054138,0.0163908086558657,0.0193161159176767,0.0199178215753186,0.0204569537054138,0.0163908086558657,0.0193161159176767,0.0166045400374719
2016-10-19,0.00244927041429777,-0.000607348886641712,-0.000757719400376907,-0.000190140342206296,0.00244927041429777,-0.000607348886641712,-0.000757719400376907,-0.000190140342206296,0.000683714317304562
2016-10-20,0.0145619854291299,0.00981970805482313,0.00678939462725103,0.00592267571013644,0.0145619854291299,0.00981970805482313,0.00678939462725103,0.00592267571013644,0.0053360627929079
2016-10-21,-0.00756034409782325,0.00109120735342455,-0.00340408439429929,-0.00281519357887547,-0.00756034409782325,0.00109120735342455,-0.00340408439429929,-0.00281519357887547,0.00183170012067755
2016-10-24,0.00102945112607244,-0.000340679568744839,8.57815782624449e-05,-4.43176995677808e-05,0.00102945112607244,-0.000340679568744839,8.57815782624449e-05,-4.43176995677808e-05,0.000748990690531516
2016-10-25,-0.0041987794450794,-0.000667113449950574,6.48244409554943e-06,-0.000238351691195127,-0.0041987794450794,-0.000667113449950574,6.48244409554943e-06,-0.000238351691195127,-0.000747978037872505
2016-10-26,-0.0143047670754305,-0.0103632314719571,-0.0098355576760516,-0.00883653024441708,-0.0143047670754305,-0.0103632314719571,-0.0098355576760516,-0.00883653024441708,-0.00879359574878767
2016-10-27,-0.00817218463749014,-0.0143537368563201,-0.0130352719154944,-0.00988885802339678,-0.00817218463749014,-0.0143537368563201,-0.0130352719154944,-0.00988885802339678,-0.00557958130615813
2016-10-28,0.0224398635801164,0.0119795471479581,0.00979751517035406,0.00932623900573765,0.0224398635801164,0.0119795471479581,0.00979751517035406,0.00932623900573765,0.00785494601032007
2016-10-30,0.000997741797411189,0.00502662360090367,0.00543733123440227,0.00466437978172679,0.000997741797411189,0.00502662360090367,0.00543733123440227,0.00466437978172679,0.00308853473441413
2016-11-01,-0.0162915486762159,0.0117475287291017,0.00875677357856541,0.00316766928796132,-0.0162915486762159,0.0117475287291017,0.00875677357856541,0.00316766928796132,-0.00198541858248596
2016-11-02,-0.0162179521490126,-0.0124700651527358,-0.0152676243575361,-0.0169102264464042,-0.0162179521490126,-0.0124700651527358,-0.0152676243575361,-0.0169102264464042,-0.0165053445108736
2016-11-03,-0.0032621508886469,-0.00504252264934585,-0.00587965282031318,-0.00711457748725808,-0.0032621508886469,-0.00504252264934585,-0.00587965282031318,-0.00711457748725808,-0.00783591071793217
2016-11-04,-0.0245678116634561,-0.0236627680898857,-0.0179771735197903,-0.0180726241367095,-0.0245678116634561,-0.0236627680898857,-0.0179771735197903,-0.0180726241367095,-0.0152627874848349
2016-11-07,0.00404193257305674,0.0126985582657021,0.010754178865275,0.00995214990155158,0.00404193257305674,0.0126985582657021,0.010754178865275,0.00995214990155158,0.0108734586619571
2016-11-08,0.0110023513019244,0.00749888428928003,0.0079634988479654,0.00720286614956822,0.0110023513019244,0.00749888428928003,0.0079634988479654,0.00720286614956822,0.00257722815368408
2016-11-09,-0.050689645865599,-0.0324004698997502,-0.0349548448034583,-0.0342222722634838,-0.050689645865599,-0.0324004698997502,-0.0349548448034583,-0.0342222722634838,-0.0192873633355138
2016-11-10,-0.00296346929763525,0.029901073055856,0.0214460011528241,0.0222370131954983,-0.00296346929763525,0.029901073055856,0.0214460011528241,0.0222370131954983,0.0182766971167694
2016-11-11,-0.0664761189420658,-0.0435858554248728,-0.0450195110337771,-0.0442450013767862,-0.0664761189420658,-0.0435858554248728,-0.0450195110337771,-0.0442450013767862,-0.0314004159617502
2016-11-15,-0.0577072432364982,-0.0542103542534227,-0.0598090732622457,-0.0569784670834771,-0.0577072432364982,-0.0542103542534227,-0.0598090732622457,-0.0569784670834771,-0.029908443665561
2016-11-16,0.0284218389084272,0.0100026010361272,0.0043947570423208,0.0038264200699413,0.0284218389084272,0.0100026010361272,0.0043947570423208,0.0038264200699413,5.67058723187578e-05
2016-11-17,-0.0120208251876662,-0.00274198048652236,-0.00869675637666678,-0.00721282840043511,-0.0120208251876662,-0.00274198048652236,-0.00869675637666678,-0.00721282840043511,-0.00252397112522499
2016-11-18,-0.00637407469003604,-0.0101290322644974,-0.00465118805431064,-0.00292528284852536,-0.00637407469003604,-0.0101290322644974,-0.00465118805431064,-0.00292528284852536,0.00187637740068546
2016-11-21,-0.0279218317147902,-0.0310567698685709,-0.02932002631192,-0.0315101808013882,-0.0279218317147902,-0.0310567698685709,-0.02932002631192,-0.0315101808013882,-0.0245702179176354
2016-11-22,0.0152084413877631,0.0222879509464741,0.0225014746560896,0.0213635660444423,0.0152084413877631,0.0222879509464741,0.0225014746560896,0.0213635660444423,0.0121046050988838
2016-11-23,0.0198673066885238,0.0227290479697123,0.0197473326239981,0.0183144652246149,0.0198673066885238,0.0227290479697123,0.0197473326239981,0.0183144652246149,0.010904801610171
2016-11-24,-0.00683530711028069,0.00289705600359647,0.00340565871620161,5.03887633024058e-05,-0.00683530711028069,0.00289705600359647,0.00340565871620161,5.03887633024058e-05,-0.00588024164916862
2016-11-25,0.0266566336081491,0.0218350651417359,0.0192135096329845,0.0197272256467009,0.0266566336081491,0.0218350651417359,0.0192135096329845,0.0197272256467009,0.0176634592937713
2016-11-28,-0.00163497243313981,0.00411043418098428,0.00585105231124579,0.00357762311658361,-0.00163497243313981,0.00411043418098428,0.00585105231124579,0.00357762311658361,0.00442135702149523
2016-11-29,0.0248054623893954,0.0110321847619452,0.0103756166506249,0.0109200410554852,0.0248054623893954,0.0110321847619452,0.0103756166506249,0.0109200410554852,0.00349752504835189
2016-11-30,0.0087786475599434,0.00833461274112146,0.0123925447491312,0.0112516777056528,0.0087786475599434,0.00833461274112146,0.0123925447491312,0.0112516777056528,0.0109266756688446
2016-12-01,-0.0203940065653661,-0.0162702328376052,-0.0163342123745124,-0.0163135908107993,-0.0203940065653661,-0.0162702328376052,-0.0163342123745124,-0.0163135908107993,-0.00762888534670136
2016-12-02,-0.0113570122012502,-0.00996329737272106,-0.015035645601715,-0.0162315673367658,-0.0113570122012502,-0.00996329737272106,-0.015035645601715,-0.0162315673367658,-0.0135413552578266
2016-12-05,0.0151152523468723,0.0129266418414601,0.00848837304537808,0.00679716136236799,0.0151152523468723,0.0129266418414601,0.00848837304537808,0.00679716136236799,0.00458125481857897
2016-12-06,0.00826056104288497,0.00633529792040788,0.00778544411814367,0.00782822078117229,0.00826056104288497,0.00633529792040788,0.00778544411814367,0.00782822078117229,0.00403725932238871
2016-12-07,0.00187014549675202,-0.00712347607579622,-0.00832184583802265,-0.00892901901162294,0.00187014549675202,-0.00712347607579622,-0.00832184583802265,-0.00892901901162294,-0.00679712895608099
2016-12-08,0.0294840782012133,0.0216575685358094,0.0200095390326769,0.0186573130160549,0.0294840782012133,0.0216575685358094,0.0200095390326769,0.0186573130160549,0.0154327636412901
2016-12-09,-0.00124364762950302,0.0116143066057205,0.00547985048195813,0.00565619152392183,-0.00124364762950302,0.0116143066057205,0.00547985048195813,0.00565619152392183,0.00372726700053789
2016-12-12,-0.0025895673494124,-0.00896602903227817,-0.0145722901535943,-0.0145738423939588,-0.0025895673494124,-0.00896602903227817,-0.0145722901535943,-0.0145738423939588,-0.011575848489247
2016-12-13,-0.0106144094129346,-0.0022537175462104,-0.00641406143058187,-0.00601466790201294,-0.0106144094129346,-0.0022537175462104,-0.00641406143058187,-0.00601466790201294,-0.000222025780164543
2016-12-14,-0.0151251214364677,-0.0140644751102993,-0.0126769126251836,-0.0131019990199343,-0.0151251214364677,-0.0140644751102993,-0.0126769126251836,-0.0131019990199343,-0.00578817250654322
2016-12-15,0.000484702120784331,0.00401368743270014,0.00408250306383244,0.00323365633489375,0.000484702120784331,0.00401368743270014,0.00408250306383244,0.00323365633489375,-0.0014792842871484
2016-12-16,-0.015534118113694,-0.00989902170369328,-0.0100984374105851,-0.00969098145089436,-0.015534118113694,-0.00989902170369328,-0.0100984374105851,-0.00969098145089436,-0.00292927542130072
2016-12-19,-0.00973287824980862,-0.0102876061178675,-0.0123368241384657,-0.011186330220435,-0.00973287824980862,-0.0102876061178675,-0.0123368241384657,-0.011186330220435,-0.00595229707977871
2016-12-20,-0.0083318802673642,-0.0168271393894289,-0.0173277105806195,-0.0160763598227988,-0.0083318802673642,-0.0168271393894289,-0.0173277105806195,-0.0160763598227988,-0.00736972073589429
2016-12-21,0.00531308519398777,0.00350074963813696,0.00237525775950605,0.00207835839381781,0.00531308519398777,0.00350074963813696,0.00237525775950605,0.00207835839381781,-8.28893607903523e-05
2016-12-22,-0.0285501069827371,-0.0237582724709671,-0.0226326241783365,-0.0210336139082451,-0.0285501069827371,-0.0237582724709671,-0.0226326241783365,-0.0210336139082451,-0.0127268444058087
2016-12-23,-0.00280868531921796,-0.00325277864799983,0.000979694405821315,-0.000367304665660984,-0.00280868531921796,-0.00325277864799983,0.000979694405821315,-0.000367304665660984,-0.00191996171381645
2016-12-26,-0.0301670698973266,-0.0285664657188501,-0.0266507487507152,-0.0279000592550791,-0.0301670698973266,-0.0285664657188501,-0.0266507487507152,-0.0279000592550791,-0.0189971413632475
2016-12-27,0.0256786568660001,0.0215213162023745,0.0200925534653561,0.0210396936376441,0.0256786568660001,0.0215213162023745,0.0200925534653561,0.0210396936376441,0.0154981246198644
2016-12-28,-0.00138549824997658,-0.00300635901034102,0.00375075904119489,0.00480310436447764,-0.00138549824997658,-0.00300635901034102,0.00375075904119489,0.00480310436447764,0.00528229435022265
2016-12-29,0.0151192484906499,0.00771729740987792,0.0132283237587468,0.0147629348456081,0.0151192484906499,0.00771729740987792,0.0132283237587468,0.0147629348456081,0.0105992680303626
2016-12-30,0.00281706953148309,0.00710530926436759,0.00605336816773564,0.00493019499313307,0.00281706953148309,0.00710530926436759,0.00605336816773564,0.00493019499313307,0.00938052778803901
2017-01-02,0.0198872766661509,-7.47776818443846e-05,0.000908321927915401,0.00235891137714792,0.0198872766661509,-7.47776818443846e-05,0.000908321927915401,0.00235891137714792,0.00600275405124457
2017-01-03,0.00357135562707356,0.00489214865591525,0.00820712616456191,0.00812803193804118,0.00357135562707356,0.00489214865591525,0.00820712616456191,0.00812803193804118,0.00495172169680886
2017-01-04,-0.001255992859448,-0.00475579757876476,-0.00507846647097302,-0.0041470524149059,-0.001255992859448,-0.00475579757876476,-0.00507846647097302,-0.0041470524149059,0.00210239295281728
2017-01-05,0.0319865858948123,0.0224729323506259,0.0206411375782528,0.0168485085839098,0.0319865858948123,0.0224729323506259,0.0206411375782528,0.0168485085839098,0.0113243482911356
2017-01-06,-0.000138220119772048,0.00262121891542905,0.000662163967338462,0.000564318436191369,-0.000138220119772048,0.00262121891542905,0.000662163967338462,0.000564318436191369,-0.00281629570417482
2017-01-09,-0.001450101281393,0.00133927602106698,-0.00159343786802528,-4.58941095454746e-05,-0.001450101281393,0.00133927602106698,-0.00159343786802528,-4.58941095454746e-05,0.000648712538482873
2017-01-10,0.0143412517234365,0.00906023134326239,0.00924874789501584,0.00945293385697749,0.0143412517234365,0.00906023134326239,0.00924874789501584,0.00945293385697749,0.0061401149068391
2017-01-11,0.0426661467327727,0.0328182100960529,0.0226165939005626,0.0204973405817133,0.0426661467327727,0.0328182100960529,0.0226165939005626,0.0204973405817133,0.0118114561239852
2017-01-12,0.00127424947507326,-0.000687075367185208,0.000371231841629164,0.000427687428420115,0.00127424947507326,-0.000687075367185208,0.000371231841629164,0.000427687428420115,0.00100540032964437
2017-01-13,-0.0021157104171392,-0.00199245598059805,-0.00070788592700081,0.000116045295037559,-0.0021157104171392,-0.00199245598059805,-0.00070788592700081,0.000116045295037559,3.42109465278785e-06
2017-01-16,0.00969996417323049,0.0133152557882382,0.00690533964587133,0.00693876924217721,0.00969996417323049,0.0133152557882382,0.00690533964587133,0.00693876924217721,0.00513507679993466
2017-01-17,-0.0147067390440885,-0.00637763666046087,-0.00938241385220173,-0.00804712285205439,-0.0147067390440885,-0.00637763666046087,-0.00938241385220173,-0.00804712285205439,-0.000263062606371516
2017-01-18,0.0236524982800137,0.0151118426541081,0.00950410519670852,0.0113334348388583,0.0236524982800137,0.0151118426541081,0.00950410519670852,0.0113334348388583,0.00502424495981613
2017-01-19,-0.00025991278482107,0.0015287491483349,0.00638164605539167,0.00392000398367742,-0.00025991278482107,0.0015287491483349,0.00638164605539167,0.00392000398367742,0.00141922520910837
2017-01-20,-0.0241729210762662,-0.0274901847922082,-0.0225961603491674,-0.0207561032134674,-0.0241729210762662,-0.0274901847922082,-0.0225961603491674,-0.0207561032134674,-0.0146186285714103
2017-01-23,0.0274117112001573,0.0191658534089456,0.0158224539916251,0.0117107881680254,0.0274117112001573,0.0191658534089456,0.0158224539916251,0.0117107881680254,0.00532062647642076
2017-01-24,0.016189994735174,0.0109416845495557,0.0111304987421164,0.0124068048610222,0.016189994735174,0.0109416845495557,0.0111304987421164,0.0124068048610222,0.00969023708842976
2017-01-25,0.0152696154242706,0.0177354001398862,0.0162979002650857,0.0202185487046292,0.0152696154242706,0.0177354001398862,0.0162979002650857,0.0202185487046292,0.0150009526231848
2017-01-27,0.000185333753084604,0.01292130476874,0.00999064821281011,0.00842556134158845,0.000185333753084604,0.01292130476874,0.00999064821281011,0.00842556134158845,0.00625736904924546
2017-01-30,-0.00162200443195581,-0.00251981234765336,-0.00131889718731345,-0.0010532704457433,-0.00162200443195581,-0.00251981234765336,-0.00131889718731345,-0.0010532704457433,0.00101587935418149
2017-01-31,-0.0104622722580709,-0.01278914293004,-0.0129912674089848,-0.0109582580804242,-0.0104622722580709,-0.01278914293004,-0.0129912674089848,-0.0109582580804242,-0.010380432603472
2017-02-01,0.0243137899759251,0.0204893462841736,0.0177835322719419,0.021284556020185,0.0243137899759251,0.0204893462841736,0.0177835322719419,0.021284556020185,0.0189108168911154
2017-02-02,0.000205685962685553,-6.69358967198552e-05,0.00199315848289098,0.0024004690465623,0.000205685962685553,-6.69358967198552e-05,0.00199315848289098,0.0024004690465623,0.00676661066971237
2017-02-03,-0.00595614272673473,0.000972736263618601,0.000142305936899086,0.00121110153080767,-0.00595614272673473,0.000972736263618601,0.000142305936899086,0.00121110153080767,0.00733918163024847
2017-02-06,-0.0028508500831288,-0.000171795011807196,0.00290138744454197,0.00489711281621436,-0.0028508500831288,-0.000171795011807196,0.00290138744454197,0.00489711281621436,0.00934416513223264
2017-02-07,-0.0128933339742893,-0.00691575151534218,-0.00648371289961421,-0.00517015285766992,-0.0128933339742893,-0.00691575151534218,-0.00648371289961421,-0.00517015285766992,-0.00422293418308821
2017-02-08,0.00877874237146514,0.0052616019128342,0.00508877948331921,0.00375868108063132,0.00877874237146514,0.0052616019128342,0.00508877948331921,0.00375868108063132,0.00262140079642934
2017-02-09,-0.00706096978443582,-0.00568939753874109,-0.00191408759519596,-0.00177813370805247,-0.00706096978443582,-0.00568939753874109,-0.00191408759519596,-0.00177813370805247,0.00167858497978675
2017-02-10,-0.00298367678029032,-0.00152712893299745,-0.00271406007312158,-0.00209461547967568,-0.00298367678029032,-0.00152712893299745,-0.00271406007312158,-0.00209461547967568,-0.000226969281035951
2017-02-13,0.00246132839869939,0.00235166666507658,0.00105139695668925,0.000914236319172174,0.00246132839869939,0.00235166666507658,0.00105139695668925,0.000914236319172174,-0.00284293213322448
2017-02-14,-0.00894553312202695,-0.0074725290151606,-0.00458082066669034,-0.00439638170784731,-0.00894553312202695,-0.0074725290151606,-0.00458082066669034,-0.00439638170784731,-0.00323109059788882
2017-02-15,-0.014474595186674,-0.0139743611703214,-0.0122305100665727,-0.0112113390141388,-0.014474595186674,-0.0139743611703214,-0.0122305100665727,-0.0112113390141388,-0.0127652902937999
2017-02-16,0.0214213253855289,0.0176389524891946,0.0146390183626145,0.0146204445638791,0.0214213253855289,0.0176389524891946,0.0146390183626145,0.0146204445638791,0.0126259236666095
2017-02-17,-0.00719086590651874,-0.00216543787599643,0.00283402834211177,0.00453405151970337,-0.00719086590651874,-0.00216543787599643,0.00283402834211177,0.00453405151970337,0.00568663465847323
2017-02-20,0.0206793689690559,0.0164803462249368,0.013735124261261,0.0105037635836254,0.0206793689690559,0.0164803462249368,0.013735124261261,0.0105037635836254,0.00741131763712603
2017-02-21,0.00327965172377986,0.00633639952748821,0.00668001624574662,0.00700226113380514,0.00327965172377986,0.00633639952748821,0.00668001624574662,0.00700226113380514,0.00458692002720296
2017-02-22,-0.00621475486805634,-0.00550470030631622,0.0063723633536353,0.00415079781575015,-0.00621475486805634,-0.00550470030631622,0.0063723633536353,0.00415079781575015,-0.00303847914330843
2017-02-23,0.00421903416884262,-0.00257989612081555,-0.00356232831727754,-0.00234933673191737,0.00421903416884262,-0.00257989612081555,-0.00356232831727754,-0.00234933673191737,0.000942124127566009
2017-02-27,-0.00300490953654076,-0.00537400602725246,0.000440928951116174,-0.000124391301232429,-0.00300490953654076,-0.00537400602725246,0.000440928951116174,-0.000124391301232429,-0.00321777650292169
2017-02-28,0.00528205193256626,0.00117434636361008,-0.0018582769252005,-0.000718586256431814,0.00528205193256626,0.00117434636361008,-0.0018582769252005,-0.000718586256431814,0.00274674902072041
2017-03-01,0.0183143342410164,0.00602260821896869,0.00588040253024449,0.00557690835240397,0.0183143342410164,0.00602260821896869,0.00588040253024449,0.00557690835240397,0.00637852402593791
2017-03-02,-0.00575211150323174,-0.00780005189537303,-0.0096456098476572,-0.0117795022370437,-0.00575211150323174,-0.00780005189537303,-0.0096456098476572,-0.0117795022370437,-0.0126675518567722
2017-03-03,0.00657804543063878,0.00920922499282828,0.00415060003816899,0.00369811216905722,0.00657804543063878,0.00920922499282828,0.00415060003816899,0.00369811216905722,0.00245144818018032
2017-03-06,0.000723090866768139,0.00859479920035411,0.00690322249597693,0.00597173599402118,0.000723090866768139,0.00859479920035411,0.00690322249597693,0.00597173599402118,0.00493327169780176
2017-03-07,-0.0175420797101807,-0.00702172325355294,-0.00424718343218359,-0.00385185258302387,-0.0175420797101807,-0.00702172325355294,-0.00424718343218359,-0.00385185258302387,-0.00109529182784727
2017-03-08,-0.0191650399848876,-0.0157893623276791,-0.00971124355035709,-0.00767016029632003,-0.0191650399848876,-0.0157893623276791,-0.00971124355035709,-0.00767016029632003,-0.00236324363449931
2017-03-09,-0.00598845450623486,-0.00632733227045407,-0.00425973332289864,-0.00335666790585423,-0.00598845450623486,-0.00632733227045407,-0.00425973332289864,-0.00335666790585423,-0.000449628196870105
2017-03-10,-0.00591861198086208,-0.00464403127211932,-0.00270344532671666,-0.00202074748132292,-0.00591861198086208,-0.00464403127211932,-0.00270344532671666,-0.00202074748132292,-0.00109405474032366
2017-03-14,0.0110942766630371,0.00869797849323051,0.0155806201754954,0.0158140806282071,0.0110942766630371,0.00869797849323051,0.0155806201754954,0.0158140806282071,0.0161344670781861
2017-03-15,0.00475245590677065,0.00352275270122426,0.00537624865618539,0.0068244638212786,0.00475245590677065,0.00352275270122426,0.00537624865618539,0.0068244638212786,0.00520460260036217
2017-03-16,0.0311324060975515,0.018108927870887,0.0171895883654565,0.015982593402405,0.0311324060975515,0.018108927870887,0.0171895883654565,0.015982593402405,0.00990897296331516
2017-03-17,-0.00257268390224297,-0.00269192184505734,-0.000642039458084424,9.13033191366208e-05,-0.00257268390224297,-0.00269192184505734,-0.000642039458084424,9.13033191366208e-05,-0.000836759235039724
2017-03-20,-0.00029350021390695,-0.00347822748120918,-0.00127683844709122,-0.000446106601622587,-0.00029350021390695,-0.00347822748120918,-0.00127683844709122,-0.000446106601622587,-0.000185722589017091
2017-03-21,-0.00229395460855986,-0.0030687685925318,-0.00299954545351148,-0.0026388700711667,-0.00229395460855986,-0.0030687685925318,-0.00299954545351148,-0.0026388700711667,-0.00212113403363353
2017-03-22,-0.0129076019191828,-0.0080315627437334,-0.00953188801268475,-0.0113656013229302,-0.0129076019191828,-0.0080315627437334,-0.00953188801268475,-0.0113656013229302,-0.00911499341584533
2017-03-23,0.0110603595501075,0.0114608272986216,0.0120370557030347,0.0117607843259435,0.0110603595501075,0.0114608272986216,0.0120370557030347,0.0117607843259435,0.00666479775601682
2017-03-24,0.00314837858502859,0.0040669057418482,0.00490208176596315,0.00673925838418177,0.00314837858502859,0.0040669057418482,0.00490208176596315,0.00673925838418177,0.00327040579357962
2017-03-27,-0.0257979505113758,-0.0195286118520195,-0.0127351364173104,-0.00918992970551027,-0.0257979505113758,-0.0195286118520195,-0.0127351364173104,-0.00918992970551027,-0.00368370053607395
2017-03-28,0.0062949203418996,0.00167756453073686,0.00501133737582996,0.00472840845233824,0.0062949203418996,0.00167756453073686,0.00501133737582996,0.00472840845233824,0.00708112322869176
2017-03-29,0.00784610654748441,0.00558285019932225,0.00571908650967649,0.00617628596232034,0.00784610654748441,0.00558285019932225,0.00571908650967649,0.00617628596232034,0.00353639777316874
2017-03-30,-0.00304543701264814,-8.32580471165634e-05,0.00156062885570918,0.00206979846956409,-0.00304543701264814,-8.32580471165634e-05,0.00156062885570918,0.00206979846956409,0.00441189317942523
2017-03-31,0.0113743548505376,0.0157922237078525,0.0114392208836585,0.0115084438896273,0.0113743548505376,0.0157922237078525,0.0114392208836585,0.0115084438896273,0.00318390466147658
2017-04-03,0.00296287776691528,0.00776453423458789,0.00426102614538828,0.00556611786343768,0.00296287776691528,0.00776453423458789,0.00426102614538828,0.00556611786343768,0.00685368779687101
2017-04-05,0.0101537142201857,0.0100232813665062,0.0114369681716047,0.00769542231583314,0.0101537142201857,0.0100232813665062,0.0114369681716047,0.00769542231583314,0.00796100260849044
2017-04-06,0.00283311986219381,0.00636809806847571,0.000664305728082589,0.000648556093447578,0.00283311986219381,0.00636809806847571,0.000664305728082589,0.000648556093447578,-0.000965522209119094
2017-04-07,-0.0111405052232654,-0.00555610768983639,-0.00876329063582211,-0.00674844827936827,-0.0111405052232654,-0.00555610768983639,-0.00876329063582211,-0.00674844827936827,-0.00661807455839803
2017-04-10,0.00879231910170519,0.00621196251766598,0.00620522529635329,0.00480118520346451,0.00879231910170519,0.00621196251766598,0.00620522529635329,0.00480118520346451,0.00249204001044148
2017-04-11,-0.00414445395585672,-0.00143978833680819,0.00595609132279122,0.0079630627494017,-0.00414445395585672,-0.00143978833680819,0.00595609132279122,0.0079630627494017,0.00781453377209485
2017-04-12,-0.00675037963144165,-0.00562551619222029,-0.00811212754557711,-0.00634938243039271,-0.00675037963144165,-0.00562551619222029,-0.00811212754557711,-0.00634938243039271,-0.00344468173309656
2017-04-13,-0.0278783706940412,-0.00874303968527196,-0.00447685370068943,-0.00209049877223202,-0.0278783706940412,-0.00874303968527196,-0.00447685370068943,-0.00209049877223202,-0.00171965567794494
2017-04-17,-0.010798454504872,-0.000832893403666435,-0.00183465014354304,-0.00216244728966108,-0.010798454504872,-0.000832893403666435,-0.00183465014354304,-0.00216244728966108,0.00226023087584996
2017-04-18,-0.0176336790561482,-0.0122576140056744,-0.00821925583159525,-0.00793222382516715,-0.0176336790561482,-0.0122576140056744,-0.00821925583159525,-0.00793222382516715,-0.00709269041703142
2017-04-19,0.00502151701560316,0.00358417870380978,-0.00312212886993442,-0.00101408843990003,0.00502151701560316,0.00358417870380978,-0.00312212886993442,-0.00101408843990003,0.00292790070005494
2017-04-20,0.00130558591123076,1.01205530830817e-05,0.00301069431577946,0.00448439045304741,0.00130558591123076,1.01205530830817e-05,0.00301069431577946,0.00448439045304741,0.00559130611722143
2017-04-21,-0.00491907788933521,0.00084776957062721,-0.00242519935492117,-0.0019491819715621,-0.00491907788933521,0.00084776957062721,-0.00242519935492117,-0.0019491819715621,-9.02812956249218e-05
2017-04-24,0.00702621185676544,0.00749858806690873,0.00978802312931148,0.0102775688739453,0.00702621185676544,0.00749858806690873,0.00978802312931148,0.0102775688739453,0.00875945063024187
2017-04-25,0.0068986461897742,0.00909796760926518,0.0084529960375177,0.0105649697879355,0.0068986461897742,0.00909796760926518,0.0084529960375177,0.0105649697879355,0.00984516903275629
2017-04-26,0.00408222697181948,-0.00336257859796596,-0.000490251383418554,-0.000879407804607879,0.00408222697181948,-0.00336257859796596,-0.000490251383418554,-0.000879407804607879,-0.00277543076868056
2017-04-27,-0.00948042800468185,-0.00357791276616104,-0.00511202738899093,-0.00531425356852661,-0.00948042800468185,-0.00357791276616104,-0.00511202738899093,-0.00531425356852661,-0.00114502789134225
2017-04-28,0.0152129525781497,0.00705367095197501,0.0161599322158837,0.0117744085705684,0.0152129525781497,0.00705367095197501,0.0161599322158837,0.0117744085705684,0.0011396035983335
2017-05-02,0.00335850023080492,6.30720466863188e-05,0.000840947808623964,0.00456296128922222,0.00335850023080492,6.30720466863188e-05,0.000840947808623964,0.00456296128922222,0.00099348648079247
2017-05-03,-0.00554970767217655,-0.0038769113554617,-0.00255932695548322,-0.00254885430957955,-0.00554970767217655,-0.0038769113554617,-0.00255932695548322,-0.00254885430957955,-0.00114983818677104
2017-05-04,-0.006350960020861,-0.00712491478570337,-0.00202195040332398,-0.000454744337662488,-0.006350960020861,-0.00712491478570337,-0.00202195040332398,-0.000454744337662488,0.00457554578327158
2017-05-05,-0.0171166536027155,-0.0206579495139547,-0.015563527379736,-0.0134477520375647,-0.0171166536027155,-0.0206579495139547,-0.015563527379736,-0.0134477520375647,-0.00962612468802097
2017-05-08,-0.00217113306445937,-0.00149848719515511,0.000479635667135344,0.000377080491196946,-0.00217113306445937,-0.00149848719515511,0.000479635667135344,0.000377080491196946,0.00709866309614465
2017-05-09,0.00646595734193345,0.00710529682899919,0.0044682598688458,0.00252685809730666,0.00646595734193345,0.00710529682899919,0.0044682598688458,0.00252685809730666,0.00137998881090608
2017-05-10,0.0107464252918799,0.00931563018270787,0.00673640084860357,0.00822714117970158,0.0107464252918799,0.00931563018270787,0.00673640084860357,0.00822714117970158,0.00836492392155088
2017-05-11,-0.00806584191226722,-0.00123761748868911,0.000441675637328961,0.000123509568595276,-0.00806584191226722,-0.00123761748868911,0.000441675637328961,0.000123509568595276,0.00366859000610056
2017-05-12,0.000137820825947932,-0.000497288931233186,-0.00353207558855044,-0.00548422979019506,0.000137820825947932,-0.000497288931233186,-0.00353207558855044,-0.00548422979019506,-0.00523170394708522
2017-05-15,0.00555568153472885,0.0141948912464833,0.012378017560215,0.0119379718914046,0.00555568153472885,0.0141948912464833,0.012378017560215,0.0119379718914046,0.00744728911956333
2017-05-16,0.00300274774837272,-0.000918532621243806,0.000904136090834432,0.00162975794935918,0.00300274774837272,-0.000918532621243806,0.000904136090834432,0.00162975794935918,0.00581905847077138
2017-05-17,-0.00319956831770152,0.00962313405829962,0.00411542555052376,0.00177754194942875,-0.00319956831770152,0.00962313405829962,0.00411542555052376,0.00177754194942875,-0.00184957102525027
2017-05-18,-0.0157160628989526,-0.0216526339131953,-0.0221803789128896,-0.021457289505701,-0.0157160628989526,-0.0216526339131953,-0.0221803789128896,-0.021457289505701,-0.0165750843002568
2017-05-19,-0.00768912118033827,-0.00449044124909742,-0.00671780723277267,-0.00817544947002405,-0.00768912118033827,-0.00449044124909742,-0.00671780723277267,-0.00817544947002405,-0.00358041244504142
2017-05-22,-0.0104204230343575,-0.00808855342568077,-0.00979138348221742,-0.00996788480529864,-0.0104204230343575,-0.00808855342568077,-0.00979138348221742,-0.00996788480529864,-0.00870987268704747
2017-05-23,-0.0136123661965257,-0.00892116149040811,-0.0116294868807911,-0.0110115219418598,-0.0136123661965257,-0.00892116149040811,-0.0116294868807911,-0.0110115219418598,-0.0140878600070694
2017-05-24,0.00313020943284958,-0.00972896159432041,-0.0098212443584621,-0.00845630632441485,0.00313020943284958,-0.00972896159432041,-0.0098212443584621,-0.00845630632441485,-0.0115919564760881
2017-05-25,0.01097415838782,0.0145665460441741,0.0161349674052497,0.0149812979417281,0.01097415838782,0.0145665460441741,0.0161349674052497,0.0149812979417281,0.0133958906353228
2017-05-26,0.0208702330898174,0.0273205832890578,0.0228567717757019,0.0213185636443061,0.0208702330898174,0.0273205832890578,0.0228567717757019,0.0213185636443061,0.0103141406589544
2017-05-29,-0.000757625030102793,-0.00187996872472779,-0.00723540263759344,-0.00505366345711167,-0.000757625030102793,-0.00187996872472779,-0.00723540263759344,-0.00505366345711167,-0.0111934367912446
2017-05-30,0.00443661030306863,0.00389184880975213,0.00509611686014103,0.00532447154688886,0.00443661030306863,0.00389184880975213,0.00509611686014103,0.00532447154688886,0.00745961412293613
2017-05-31,-0.000380052331629854,-0.00782101090129117,-0.000203176951705093,0.00206604719384401,-0.000380052331629854,-0.00782101090129117,-0.000203176951705093,0.00206604719384401,0.00534399691522981
2017-06-01,-0.0121838190333189,-0.00488713246290393,-0.00619696842148885,-0.0014990613426256,-0.0121838190333189,-0.00488713246290393,-0.00619696842148885,-0.0014990613426256,0.00358186583247924
2017-06-02,-0.00473569668838225,0.00304322093915277,0.00162056737850032,0.00365196350088601,-0.00473569668838225,0.00304322093915277,0.00162056737850032,0.00365196350088601,0.00696344407577148
2017-06-05,0.00408102891827777,0.00160045866972708,-0.00091387931977475,0.000382395198322644,0.00408102891827777,0.00160045866972708,-0.00091387931977475,0.000382395198322644,0.0048705136704948
2017-06-06,-0.00558017688308776,-0.00736008320667919,-0.00600235209425966,-0.00646911808483053,-0.00558017688308776,-0.00736008320667919,-0.00600235209425966,-0.00646911808483053,-0.00627837626920503
2017-06-07,0.0055436666375146,0.00445278819023764,0.00624157232035179,0.00868087251951938,0.0055436666375146,0.00445278819023764,0.00624157232035179,0.00868087251951938,0.00531881803328537
2017-06-08,-0.0111575565554639,-0.00729745096125078,-0.00191879968234732,-0.00238340718728736,-0.0111575565554639,-0.00729745096125078,-0.00191879968234732,-0.00238340718728736,0.00125201458818139
2017-06-09,-0.00170526243988955,0.00229101194737907,0.00683330375675121,0.00634365851284954,-0.00170526243988955,0.00229101194737907,0.00683330375675121,0.00634365851284954,0.00401352606185165
2017-06-12,-0.00453115981508545,-0.00298411083600275,-0.00278407401331804,-0.00543668850304355,-0.00453115981508545,-0.00298411083600275,-0.00278407401331804,-0.00543668850304355,-0.00504075376709658
2017-06-13,-0.00282499652294232,0.000941529824264209,-0.00194642480577937,0.000136707064705199,-0.00282499652294232,0.000941529824264209,-0.00194642480577937,0.000136707064705199,0.000632259271031217
2017-06-14,0.01037921259272,0.0032659210598166,-9.2487919884217e-05,0.0041085923021987,0.01037921259272,0.0032659210598166,-9.2487919884217e-05,0.0041085923021987,0.00148184792247931
2017-06-15,-0.00681612420333622,0.000391397333840859,-0.00101341288442114,-0.000600693748506603,-0.00681612420333622,0.000391397333840859,-0.00101341288442114,-0.000600693748506603,0.000863549821271151
2017-06-16,0.00333578222107489,0.00225683406002652,0.00134802150589053,0.00243706547516775,0.00333578222107489,0.00225683406002652,0.00134802150589053,0.00243706547516775,0.000521934200991839
2017-06-19,0.00500862656766965,0.00617969964647291,0.00996041102304401,0.00694575103775796,0.00500862656766965,0.00617969964647291,0.00996041102304401,0.00694575103775796,0.0021696379484265
2017-06-20,0.00512508391138966,0.000847004533101658,0.00126496596792947,0.000913532909882553,0.00512508391138966,0.000847004533101658,0.00126496596792947,0.000913532909882553,0.00114476321067731
2017-06-21,-0.00678197931211355,-0.00377538467663074,-0.00643513889608112,-0.00587583029730909,-0.00678197931211355,-0.00377538467663074,-0.00643513889608112,-0.00587583029730909,-0.00121108800581932
2017-06-22,-0.0134521589441975,-0.00872980753221481,-0.0104270764031026,-0.00864768905920385,-0.0134521589441975,-0.00872980753221481,-0.0104270764031026,-0.00864768905920385,-0.00322469084786375
2017-06-23,-0.00892074928477693,-0.00709600824116929,-0.00704817433644744,-0.00991495911500523,-0.00892074928477693,-0.00709600824116929,-0.00704817433644744,-0.00991495911500523,-0.00935649090061186
2017-06-27,0.000359454948924309,-0.0097915246774174,-0.00738376522457529,-0.00940000346387773,0.000359454948924309,-0.0097915246774174,-0.00738376522457529,-0.00940000346387773,-0.00951851493569775
2017-06-28,-0.0110566011447092,-0.00803694366110458,4.54410051376288e-05,0.00091852995803357,-0.0110566011447092,-0.00803694366110458,4.54410051376288e-05,0.00091852995803357,0.00125219776208199
2017-06-29,0.000152010900293709,0.00594301627449589,0.0107196433036961,0.0111234718245198,0.000152010900293709,0.00594301627449589,0.0107196433036961,0.0111234718245198,0.00412882076314069
2017-06-30,-0.00133452699358871,0.00548847131438468,0.00367773668416286,0.0036925082564882,-0.00133452699358871,0.00548847131438468,0.00367773668416286,0.0036925082564882,0.00565813976836059
2017-07-03,0.0114381472549298,0.00860420476219656,0.0126411001026315,0.0119921480890765,0.0114381472549298,0.00860420476219656,0.0126411001026315,0.0119921480890765,0.00874786231408345
2017-07-04,-0.00510685928154175,0.00214111147890661,0.000533848538180985,-0.000866535785275319,-0.00510685928154175,0.00214111147890661,0.000533848538180985,-0.000866535785275319,-0.00245710209122304
2017-07-05,0.0154695355623526,0.0128984441651953,0.0128734931994476,0.0121685474259054,0.0154695355623526,0.0128984441651953,0.0128734931994476,0.0121685474259054,0.00796847354971797
2017-07-06,0.0176574455562095,0.00696042805619562,0.00577799062610969,0.00574400648736403,0.0176574455562095,0.00696042805619562,0.00577799062610969,0.00574400648736403,0.0045694960720794
2017-07-07,0.0176232436294357,0.0129799685339839,0.00880980879119734,0.00796478080029439,0.0176232436294357,0.0129799685339839,0.00880980879119734,0.00796478080029439,0.00142878120630264
2017-07-10,0.00735515362241301,0.00721254280348271,0.00665150658876223,0.00667945636574924,0.00735515362241301,0.00721254280348271,0.00665150658876223,0.00667945636574924,0.00884570428793275
2017-07-11,-0.0153994225216554,-0.00708442900903772,-0.00767797139590909,-0.00722382870079888,-0.0153994225216554,-0.00708442900903772,-0.00767797139590909,-0.00722382870079888,-0.00517655275334884
2017-07-12,0.00171908180806946,0.00842767915810194,0.00750735096699214,0.00695218718169355,0.00171908180806946,0.00842767915810194,0.00750735096699214,0.00695218718169355,0.00647426509429474
2017-07-13,0.00238912443636852,0.00221171299934908,0.0024735253720692,0.003875341753246,0.00238912443636852,0.00221171299934908,0.0024735253720692,0.003875341753246,0.00654882556832467
2017-07-14,-0.00718385981402525,-0.000566868878930982,-0.00212060386429554,-0.00267894337709421,-0.00718385981402525,-0.000566868878930982,-0.00212060386429554,-0.00267894337709421,0.00112140870125995
2017-07-17,0.0147421808960271,0.00976087494845435,0.00561690431200919,0.00543146180219839,0.0147421808960271,0.00976087494845435,0.00561690431200919,0.00543146180219839,0.00279264786956464
2017-07-18,-0.0101962613708307,-0.00998700181484197,-0.00763510526671363,-0.00733347481921173,-0.0101962613708307,-0.00998700181484197,-0.00763510526671363,-0.00733347481921173,-0.00584452061103159
2017-07-19,0.0136004039723951,0.0116417273430178,0.0093089141647098,0.00921887312286923,0.0136004039723951,0.0116417273430178,0.0093089141647098,0.00921887312286923,0.0107356328270474
2017-07-20,0.00295592679929602,-0.000302277232585024,-0.0010193723745799,-0.000709319124790136,0.00295592679929602,-0.000302277232585024,-0.0010193723745799,-0.000709319124790136,-0.00173243582715607
2017-07-21,-0.00774885754023458,0.00295982445823456,0.00146284302821231,0.000610864473757855,-0.00774885754023458,0.00295982445823456,0.00146284302821231,0.000610864473757855,0.00220913795969096
2017-07-24,0.000433853958083041,0.00234673517587847,0.00148196861477445,0.00192315109174523,0.000433853958083041,0.00234673517587847,0.00148196861477445,0.00192315109174523,0.00228797729824522
2017-07-25,0.00383627447709922,0.000754966081082942,0.00269749369709552,0.0022536017954487,0.00383627447709922,0.000754966081082942,0.00269749369709552,0.0022536017954487,0.00193011309575056
2017-07-26,0.00521733351056763,0.00559291616847879,0.00448831668266651,0.00406176598775398,0.00521733351056763,0.00559291616847879,0.00448831668266651,0.00406176598775398,0.00385060021805339
2017-07-27,-0.00234718503091025,-0.00443969215923096,-0.00706849739241011,-0.00547294197945034,-0.00234718503091025,-0.00443969215923096,-0.00706849739241011,-0.00547294197945034,-0.00253323696358358
2017-07-28,-0.00245211743654306,-9.55522238724749e-05,0.000533955333016515,-0.000452209510572316,-0.00245211743654306,-9.55522238724749e-05,0.000533955333016515,-0.000452209510572316,3.68716858183368e-05
2017-07-31,0.00627823545043849,0.00772465383010201,0.00693440535828353,0.00687365085212122,0.00627823545043849,0.00772465383010201,0.00693440535828353,0.00687365085212122,0.00404570750842577
2017-08-01,-6.60218532333445e-05,0.00343632043711215,0.00171182882254665,0.00163477283180742,-6.60218532333445e-05,0.00343632043711215,0.00171182882254665,0.00163477283180742,0.000680399326343718
2017-08-02,-0.00204681258459605,-0.00202912545101619,-0.00224942617803536,-0.0030652124472127,-0.00204681258459605,-0.00202912545101619,-0.00224942617803536,-0.0030652124472127,-0.00201109669921783
2017-08-03,-0.00853485064011394,-0.0137992180865757,-0.0142571097212795,-0.0124596378904766,-0.00853485064011394,-0.0137992180865757,-0.0142571097212795,-0.0124596378904766,-0.00809176985183106
2017-08-04,0.00230222548463521,0.0136400464487093,0.0111520049434856,0.0107338885735679,0.00230222548463521,0.0136400464487093,0.0111520049434856,0.0107338885735679,0.0057008622060141
2017-08-07,0.0156125166444741,0.013723035456965,0.0102078614289363,0.010280498774023,0.0156125166444741,0.013723035456965,0.0102078614289363,0.010280498774023,0.00686138902064077
2017-08-08,-0.0440853518633846,-0.0146875530229665,-0.0138981674210842,-0.0119500213809282,-0.0440853518633846,-0.0146875530229665,-0.0138981674210842,-0.0119500213809282,-0.0119415723014623
2017-08-09,-0.00497188314360164,-0.00348914688024149,-0.0053735149977765,-0.00786725583911005,-0.00497188314360164,-0.00348914688024149,-0.0053735149977765,-0.00786725583911005,-0.0141076957041173
2017-08-10,-0.0506564664530135,-0.0334173418919277,-0.0244289469688038,-0.0248354356904913,-0.0506564664530135,-0.0334173418919277,-0.0244289469688038,-0.0248354356904913,-0.0235897690866244
2017-08-11,-0.00943772913717389,-0.0215548687380696,-0.0175576547384571,-0.0134434127175672,-0.00943772913717389,-0.0215548687380696,-0.0175576547384571,-0.0134434127175672,-0.00687699063244663
2017-08-14,0.057898787057056,0.0460520020675044,0.0325077447454733,0.028867359937755,0.057898787057056,0.0460520020675044,0.0325077447454733,0.028867359937755,0.0186306831300696
2017-08-16,0.00848661193667954,0.0128659520192068,0.0130272886972332,0.0133863876852762,0.00848661193667954,0.0128659520192068,0.0130272886972332,0.0133863876852762,0.0106058487750309
2017-08-17,0.00566737651988736,0.0065564380469898,0.00163724501120543,0.00250898258249005,0.00566737651988736,0.0065564380469898,0.00163724501120543,0.00250898258249005,0.00104933872580881
2017-08-18,-0.00802623040404393,-0.00761105016406305,-0.00731310373316862,-0.00701112698108919,-0.00802623040404393,-0.00761105016406305,-0.00731310373316862,-0.00701112698108919,-0.00516209639367249
2017-08-21,-0.0100192810907589,-0.0119580121615968,-0.00988241563640128,-0.00953184501417972,-0.0100192810907589,-0.0119580121615968,-0.00988241563640128,-0.00953184501417972,-0.0104124516235716
2017-08-22,-0.00893819775327787,-0.00407954219442808,-0.00219124431612901,-0.00305505708989959,-0.00893819775327787,-0.00407954219442808,-0.00219124431612901,-0.00305505708989959,-0.00126277457845808
2017-08-23,0.0343907916900619,0.0257852254867351,0.0219505705710967,0.0218491187783573,0.0343907916900619,0.0257852254867351,0.0219505705710967,0.0218491187783573,0.0113277808546173
2017-08-24,-0.00614058895372505,-0.000645163793628833,-0.00101437882631206,-0.000420659577740762,-0.00614058895372505,-0.000645163793628833,-0.00101437882631206,-0.000420659577740762,0.00495415469398321
2017-08-28,0.0031404676565967,0.00338728259266052,0.00367134738456132,0.0062780467583658,0.0031404676565967,0.00338728259266052,0.00367134738456132,0.0062780467583658,0.00836146260593649
2017-08-29,-0.00881342090039827,-0.0099393801302346,-0.0100197705833682,-0.0109558911723118,-0.00881342090039827,-0.0099393801302346,-0.0100197705833682,-0.0109558911723118,-0.0110421398903751
2017-08-30,0.0167536391101348,0.0216014869973832,0.0168847093929431,0.0159432183664092,0.0167536391101348,0.0216014869973832,0.0168847093929431,0.0159432183664092,0.0103174105148575
2017-08-31,0.0136750405186383,0.00635956747579236,0.00437234798967475,0.00478561311498288,0.0136750405186383,0.00635956747579236,0.00437234798967475,0.00478561311498288,0.00288487437152822
2017-09-01,0.0169655851964993,0.0226071139066671,0.0134587723971295,0.0108261532370341,0.0169655851964993,0.0226071139066671,0.0134587723971295,0.0108261532370341,0.00916750809203061
2017-09-04,0.00148747379161596,-0.00743967545724783,-0.00504649032330192,-0.00528200563776812,0.00148747379161596,-0.00743967545724783,-0.00504649032330192,-0.00528200563776812,-0.00580599656243324
2017-09-05,0.00930278546203334,0.0117164306973422,0.0135520192747027,0.0126222989675049,0.00930278546203334,0.0117164306973422,0.0135520192747027,0.0126222989675049,0.0056576412522714
2017-09-06,0.00747926272188115,0.00406517338841628,0.00234006361851565,0.00174307747668451,0.00747926272188115,0.00406517338841628,0.00234006361851565,0.00174307747668451,-0.00132436936540472
2017-09-07,0.0116323558321372,0.00981773950107734,0.00727775262979535,0.00464030909665461,0.0116323558321372,0.00981773950107734,0.00727775262979535,0.00464030909665461,0.00408304366097302
2017-09-08,0.00179280371097823,-0.00646223486023512,-0.00505703338426263,-0.00490571168567949,0.00179280371097823,-0.00646223486023512,-0.00505703338426263,-0.00490571168567949,-0.00368085744164861
2017-09-11,0.00603414831531923,0.00635826912621307,0.00572759748765961,0.00634292713838286,0.00603414831531923,0.00635826912621307,0.00572759748765961,0.00634292713838286,0.00572912012720507
2017-09-12,0.00981483669927896,0.0150597026135989,0.0123712365893173,0.0130444716198161,0.00981483669927896,0.0150597026135989,0.0123712365893173,0.0130444716198161,0.0104277204076423
2017-09-13,-0.0107542114502169,-0.0113887143486573,-0.00934594759640076,-0.00945198514219212,-0.0107542114502169,-0.0113887143486573,-0.00934594759640076,-0.00945198514219212,-0.00183773503851997
2017-09-14,-0.00532348747579536,-0.0051795784000882,-0.00276657851047912,-0.00291658585401541,-0.00532348747579536,-0.0051795784000882,-0.00276657851047912,-0.00291658585401541,0.00487143360858046
2017-09-15,0.003530428033101,0.00012682709769124,0.000425705219759339,0.000817773874127653,0.003530428033101,0.00012682709769124,0.000425705219759339,0.000817773874127653,-3.07905323559029e-05
2017-09-18,0.00722522320221897,0.00727448257305141,0.00880369391348494,0.00670727784361608,0.00722522320221897,0.00727448257305141,0.00880369391348494,0.00670727784361608,0.00694001726210316
2017-09-19,-0.00719403669061935,0.00231631735766635,0.00110601269774098,0.00296327077401076,-0.00719403669061935,0.00231631735766635,0.00110601269774098,0.00296327077401076,0.00125820535652799
2017-09-20,-0.000719418476995304,-0.00304230113323789,-0.00358496302672566,-0.00305026656040133,-0.000719418476995304,-0.00304230113323789,-0.00358496302672566,-0.00305026656040133,-0.00220124274493433
2017-09-21,-0.00589682021148641,-0.0105900861372089,-0.0106429573247723,-0.00931571645301585,-0.00589682021148641,-0.0105900861372089,-0.0106429573247723,-0.00931571645301585,-0.0010999678239683
2017-09-22,-0.0403965137599317,-0.0419302990071952,-0.0347025291992648,-0.0313732372951484,-0.0403965137599317,-0.0419302990071952,-0.0347025291992648,-0.0313732372951484,-0.0230935210790211
2017-09-25,-0.0119355063865429,-0.0216311019797454,-0.0161584446542622,-0.013239993305606,-0.0119355063865429,-0.0216311019797454,-0.0161584446542622,-0.013239993305606,-0.0133144150215606
2017-09-26,0.0240423671941226,0.0255342215672903,0.0168907065513725,0.0125027818297559,0.0240423671941226,0.0255342215672903,0.0168907065513725,0.0125027818297559,0.00393977840571476
2017-09-27,-0.0158100210613452,-0.0225529461140203,-0.0182006891946609,-0.0169739559385846,-0.0158100210613452,-0.0225529461140203,-0.0182006891946609,-0.0169739559385846,-0.0172779257451874
2017-09-28,0.00700253422962271,0.00897249902444774,0.0050132760271994,0.00270202371766634,0.00700253422962271,0.00897249902444774,0.0050132760271994,0.00270202371766634,0.00654895509253558
2017-09-29,0.0139250803704654,0.0201957804086964,0.0184453637351731,0.016206767574626,0.0139250803704654,0.0201957804086964,0.0184453637351731,0.016206767574626,0.00739547815520024
2017-10-03,0.000187257636573737,0.00981093579897272,0.0115442099377449,0.0109993404762723,0.000187257636573737,0.00981093579897272,0.0115442099377449,0.0109993404762723,0.00584327092311503
2017-10-04,0.00474946568511059,0.00461215327298869,0.00415599756250991,0.00324063126409174,0.00474946568511059,0.00461215327298869,0.00415599756250991,0.00324063126409174,0.00595474359874767
2017-10-05,0.0091163858594725,0.00262609912397921,0.00155680123109025,0.00310130495002636,0.0091163858594725,0.00262609912397921,0.00155680123109025,0.00310130495002636,0.00194708225017461
2017-10-06,0.00150567136213065,0.00676737843116126,0.00638058513728201,0.00747251753761324,0.00150567136213065,0.00676737843116126,0.00638058513728201,0.00747251753761324,0.00904500611698631
2017-10-09,0.0231858880128291,0.0147958991066716,0.0111526387237173,0.00907201011609909,0.0231858880128291,0.0147958991066716,0.0111526387237173,0.00907201011609909,0.00290354225403843
2017-10-10,-0.00855482269966701,0.00196689088703572,0.00303161289795706,0.00381945516670984,-0.00855482269966701,0.00196689088703572,0.00303161289795706,0.00381945516670984,0.00454621955800211
2017-10-11,-0.0192333025951784,-0.0128205531175523,-0.0115895232448346,-0.0106948303990514,-0.0192333025951784,-0.0128205531175523,-0.0115895232448346,-0.0106948303990514,-0.0074431717298503
2017-10-12,0.0168233713901946,0.0124674298173358,0.0121813732453129,0.0125330818817607,0.0168233713901946,0.0124674298173358,0.0121813732453129,0.0125330818817607,0.0112838727814382
2017-10-13,0.00290611274396491,0.00342465190528107,0.00347870694186566,0.00267837557736095,0.00290611274396491,0.00342465190528107,0.00347870694186566,0.00267837557736095,0.00459317465074617
2017-10-16,0.0112614837498766,0.00857944072277306,0.00502203996703402,0.00314357727994069,0.0112614837498766,0.00857944072277306,0.00502203996703402,0.00314357727994069,0.00606434101159698
2017-10-17,0.00879163817524664,0.00623670898781381,0.00583688244049781,0.00447123965538393,0.00879163817524664,0.00623670898781381,0.00583688244049781,0.00447123965538393,0.00352160327713449
2017-10-18,-0.000903779735967336,-0.00271137594792908,-0.00165388484491313,-0.00173624523474392,-0.000903779735967336,-0.00271137594792908,-0.00165388484491313,-0.00173624523474392,-0.00455305272024319
2017-10-19,-0.00255225664717462,-0.0013237249829558,-0.00267397033416387,-0.00386437559751557,-0.00255225664717462,-0.0013237249829558,-0.00267397033416387,-0.00386437559751557,-0.00449979631454688
2017-10-23,0.00942540649089829,0.00388022746028388,0.000667847317705528,0.00105112469102209,0.00942540649089829,0.00388022746028388,0.000667847317705528,0.00105112469102209,0.00442303879826058
2017-10-24,0.00564736082143447,-0.00436917114254126,-0.00356274775189525,-0.00293346207455436,0.00564736082143447,-0.00436917114254126,-0.00356274775189525,-0.00293346207455436,0.00385021764244043
2017-10-25,-0.00408410708018259,-0.00831290436836352,-0.0152524112940234,-0.0200201922608405,-0.00408410708018259,-0.00831290436836352,-0.0152524112940234,-0.0200201922608405,0.0118999230195591
2017-10-26,0.00432512094319693,-0.0030345925192421,0.000650591630121673,0.00508070789420978,0.00432512094319693,-0.0030345925192421,0.000650591630121673,0.00508070789420978,0.00404031825983367
2017-10-27,-0.00510399387520744,-0.00105738396867133,0.00232359331594471,0.00545535468988292,-0.00510399387520744,-0.00105738396867133,0.00232359331594471,0.00545535468988292,0.00041520556629744
2017-10-30,0.0200076952674106,0.02202157128936,0.0157279492420172,0.0128753553223755,0.0200076952674106,0.02202157128936,0.0157279492420172,0.0128753553223755,0.00866419984094357
2017-10-31,0.0289199044385766,0.0166605709386393,0.0110119960358744,0.0101316978367842,0.0289199044385766,0.0166605709386393,0.0110119960358744,0.0101316978367842,0.00170803533806218
2017-11-01,0.0259379200782111,0.0167063599011092,0.0105275239628208,0.00952272749406589,0.0259379200782111,0.0167063599011092,0.0105275239628208,0.00952272749406589,0.00866049746750503
2017-11-02,0.000297787439325958,0.00797221693168193,0.00802983508002808,0.00542546934734706,0.000297787439325958,0.00797221693168193,0.00802983508002808,0.00542546934734706,0.004959255996025
2017-11-03,0.00687684201125305,0.0050655001695562,0.00385800409600286,0.00471433720247849,0.00687684201125305,0.0050655001695562,0.00385800409600286,0.00471433720247849,0.00269543037105967
2017-11-06,0.00437585003843632,0.00105145378257693,0.023127271032032,0.0179461100554154,0.00437585003843632,0.00105145378257693,0.023127271032032,0.0179461100554154,0.00302919158781645
2017-11-07,-0.0224609949955843,-0.020654502836246,-0.0182586470594455,-0.0168852307566397,-0.0224609949955843,-0.020654502836246,-0.0182586470594455,-0.0168852307566397,-0.0149981815827498
2017-11-08,-0.00770921793597734,-0.0075213456135807,-0.00788731346677092,-0.00669278412989388,-0.00770921793597734,-0.0075213456135807,-0.00788731346677092,-0.00669278412989388,-0.00494329832942885
2017-11-09,-0.000940790871293729,0.0018155508123906,0.0122570382441917,0.00999560493960538,-0.000940790871293729,0.0018155508123906,0.0122570382441917,0.00999560493960538,0.00457573454223099
2017-11-10,0.0001215066828677,-0.00145402779063503,0.000591958912553555,0.00200082289102235,0.0001215066828677,-0.00145402779063503,0.000591958912553555,0.00200082289102235,0.00131368268590783
2017-11-13,-0.0139715708905358,-0.00745348964156062,-0.00906297667862688,-0.00950307694222569,-0.0139715708905358,-0.00745348964156062,-0.00906297667862688,-0.00950307694222569,-0.00702765522285975
2017-11-14,0.00492853622474132,4.55693683182323e-06,0.00175143737193291,0.000557292034267326,0.00492853622474132,4.55693683182323e-06,0.00175143737193291,0.000557292034267326,-0.00280728985963974
2017-11-15,-0.0180541932319764,-0.0179431684097528,-0.0173220846285603,-0.0167288672750576,-0.0180541932319764,-0.0179431684097528,-0.0173220846285603,-0.0167288672750576,-0.0113989522529166
2017-11-16,0.0133291712189791,0.0161540639618615,0.0106771102676542,0.0123476435199351,0.0133291712189791,0.0161540639618615,0.0106771102676542,0.0123476435199351,0.0106303233643318
2017-11-17,0.0365658308175714,0.0241921976651528,0.0211913260938258,0.0197139601856964,0.0365658308175714,0.0241921976651528,0.0211913260938258,0.0197139601856964,0.00992196129067637
2017-11-20,0.021248774109186,0.0120218280192672,0.0088983902257862,0.0104134693559956,0.021248774109186,0.0120218280192672,0.0088983902257862,0.0104134693559956,0.00368633604404266
2017-11-21,-0.0114072866953787,-0.00634131659017678,0.00098654018203792,0.000707132680373285,-0.0114072866953787,-0.00634131659017678,0.00098654018203792,0.000707132680373285,0.00320449624070712
2017-11-22,0.00273754856940989,-0.00221138608363158,-0.00309203517867999,-0.00200202835997992,0.00273754856940989,-0.00221138608363158,-0.00309203517867999,-0.00200202835997992,0.000431976986343905
2017-11-23,0.000557757228827338,-0.000885486707330796,0.000572997366574753,0.00104189710310659,0.000557757228827338,-0.000885486707330796,0.000572997366574753,0.00104189710310659,0.000945549466127445
2017-11-24,0.00214176739819272,0.00703189792339998,0.0132644891964491,0.011772397828423,0.00214176739819272,0.00703189792339998,0.0132644891964491,0.011772397828423,0.00434840844281427
2017-11-27,0.00869514301607288,0.00546658304784298,0.0054960423082809,0.00700915333488306,0.00869514301607288,0.00546658304784298,0.0054960423082809,0.00700915333488306,0.0039322014557505
2017-11-28,-0.00435363092819407,-0.00136269157770225,-0.00373920505657951,-0.00318440910335224,-0.00435363092819407,-0.00136269157770225,-0.00373920505657951,-0.00318440910335224,-0.00164110836791468
2017-11-29,0.00892024253731338,0.006751659456946,0.00631990927848743,0.00610636538421155,0.00892024253731338,0.006751659456946,0.00631990927848743,0.00610636538421155,-0.000382433846923595
2017-11-30,0.0111817393816815,0.000515206716745931,-0.000647396819595876,-0.000179543364384499,0.0111817393816815,0.000515206716745931,-0.000647396819595876,-0.000179543364384499,-0.00715472193297684
2017-12-01,-0.0198302711661001,-0.0155406147241436,-0.0158814902498142,-0.0127944811548033,-0.0198302711661001,-0.0155406147241436,-0.0158814902498142,-0.0127944811548033,-0.0108139429728824
2017-12-04,-0.00378975599801756,-0.000831707255162573,-0.00218972075853256,-0.00348167000085514,-0.00378975599801756,-0.000831707255162573,-0.00218972075853256,-0.00348167000085514,-0.000280692783609309
2017-12-05,-0.00547215638076848,-0.00444948675598944,-0.00391333827665134,-0.00382933618397302,-0.00547215638076848,-0.00444948675598944,-0.00391333827665134,-0.00382933618397302,0.00101311353310039
2017-12-06,-0.00329547460719126,-0.00386636908940569,-0.00639011895130241,-0.00522346927594702,-0.00329547460719126,-0.00386636908940569,-0.00639011895130241,-0.00522346927594702,-0.00842472400725821
2017-12-07,0.0187754620062586,0.0208474694426184,0.0201120152139766,0.019851388358411,0.0187754620062586,0.0208474694426184,0.0201120152139766,0.019851388358411,0.0134363721412903
2017-12-08,0.00733120834540713,0.0101154100410804,0.00923984441449847,0.0105018322104838,0.00733120834540713,0.0101154100410804,0.00923984441449847,0.0105018322104838,0.00938247081829182
2017-12-11,-0.00169720680033358,-0.000206560661733746,-0.00029290735908738,0.00192916786047082,-0.00169720680033358,-0.000206560661733746,-0.00029290735908738,0.00192916786047082,0.00464657031099416
2017-12-12,-0.0156466113416321,-0.00693416932345553,-0.00815415595724019,-0.00802764651873544,-0.0156466113416321,-0.00693416932345553,-0.00815415595724019,-0.00802764651873544,-0.00868152013766546
2017-12-13,-0.0213986709990925,-0.0141735183662858,-0.014780464837063,-0.0153444069687367,-0.0213986709990925,-0.0141735183662858,-0.014780464837063,-0.0153444069687367,-0.00760491383339319
2017-12-14,0.00311097816332628,0.000415703215901286,5.27203748876086e-05,0.000903445399271674,0.00311097816332628,0.000415703215901286,5.27203748876086e-05,0.000903445399271674,0.00323498518102906
2017-12-15,0.0169082125603865,0.0171170174302654,0.0167946278855891,0.0162028563593604,0.0169082125603865,0.0171170174302654,0.0167946278855891,0.0162028563593604,0.00874759789063222
2017-12-18,-0.0050731650098238,0.00124844788850492,0.00173739394394568,0.00287809287125071,-0.0050731650098238,0.00124844788850492,0.00173739394394568,0.00287809287125071,0.00586808149855771
2017-12-19,0.0162107993397784,0.0158550882845427,0.0156280868816755,0.0148813694105331,0.0162107993397784,0.0158550882845427,0.0156280868816755,0.0148813694105331,0.0108577790670866
2017-12-20,0.0294390625906376,0.0163639184415696,0.0160807548563582,0.0135613744554277,0.0294390625906376,0.0163639184415696,0.0160807548563582,0.0135613744554277,0.00280540578877588
2017-12-21,0.00760713380103106,0.00195724551748638,0.00765059939190652,0.00852078188882441,0.00760713380103106,0.00195724551748638,0.00765059939190652,0.00852078188882441,0.00524178150215922
2017-12-22,0.00164974974135279,-0.000229421710636335,0.00364042895825545,0.00615084978939828,0.00164974974135279,-0.000229421710636335,0.00364042895825545,0.00615084978939828,0.00413923187778841
2017-12-26,0.0113338172073025,0.00594813505902125,0.00604616379230164,0.00383358128562464,0.0113338172073025,0.00594813505902125,0.00604616379230164,0.00383358128562464,0.00534273976160661
2017-12-27,-0.00634868057855786,-0.00515413292054678,-0.00590463248550728,-0.00566964905863759,-0.00634868057855786,-0.00515413292054678,-0.00590463248550728,-0.00566964905863759,-0.000478979514377375
2017-12-28,0.0303905772542918,0.0151903434230975,0.0125368504615602,0.00823702627644843,0.0303905772542918,0.0151903434230975,0.0125368504615602,0.00823702627644843,0.000186980355154297
2017-12-29,0.00528415830906925,0.00835724618354416,0.00825722660190994,0.00819564791056521,0.00528415830906925,0.00835724618354416,0.00825722660190994,0.00819564791056521,0.0061069844041799
2018-01-01,0.00230637202317108,0.000885493230000867,0.00038118678497967,-4.2796707615006e-05,0.00230637202317108,0.000885493230000867,0.00038118678497967,-4.2796707615006e-05,-0.00331752747726285
2018-01-02,-0.0110504628886392,-0.00691027468946681,-0.00790692936284069,-0.00578603561784544,-0.0110504628886392,-0.00691027468946681,-0.00790692936284069,-0.00578603561784544,-0.00361843586233399
2018-01-03,0.00459944265577228,0.00630358937285558,0.00717138716190339,0.0126716478213157,0.00459944265577228,0.00630358937285558,0.00717138716190339,0.0126716478213157,0.00328609706063597
2018-01-04,-0.00185828552961131,0.0106649314156127,0.0101713003369519,0.00849167849098312,-0.00185828552961131,0.0106649314156127,0.0101713003369519,0.00849167849098312,0.00851713485241178
2018-01-05,0.00728508984944143,0.00781858796935575,0.0069284590208177,0.00511984958227849,0.00728508984944143,0.00781858796935575,0.0069284590208177,0.00511984958227849,0.00777089854937683
2018-01-08,0.00937533483338693,0.00715549951566852,0.00756870233051339,0.00999040056100015,0.00937533483338693,0.00715549951566852,0.00756870233051339,0.00999040056100015,0.00812096080699577
2018-01-09,0.0280770659731437,0.0151832213626164,0.0125472411606207,0.00918085080413739,0.0280770659731437,0.0151832213626164,0.0125472411606207,0.00918085080413739,-0.00118918157091219
2018-01-10,0.0125193598347961,0.00370830708739678,0.00266659847617756,0.000514153309176729,0.0125193598347961,0.00370830708739678,0.00266659847617756,0.000514153309176729,-0.00104228540715879
2018-01-11,0.020114722753346,0.0091165401497692,0.00724616752214095,0.0056597765378115,0.020114722753346,0.0091165401497692,0.00724616752214095,0.0056597765378115,0.00255965365562722
2018-01-12,-0.0147198480531814,-0.00830635056638335,-0.00658513077707619,-0.00460705871854333,-0.0147198480531814,-0.00830635056638335,-0.00658513077707619,-0.00460705871854333,-0.000132544323275463
2018-01-15,0.000329740012682267,0.00575615735492396,0.00358239527834085,0.00518963927715127,0.000329740012682267,0.00575615735492396,0.00358239527834085,0.00518963927715127,0.00311179344613141
2018-01-16,-0.0338759571986409,-0.0233052903981365,-0.0226846482378385,-0.0235881584287763,-0.0338759571986409,-0.0233052903981365,-0.0226846482378385,-0.0235881584287763,-0.0121830953204895
2018-01-17,0.00871345336202811,0.00541600547218801,0.00713046667228504,0.0064499620169296,0.00871345336202811,0.00541600547218801,0.00713046667228504,0.0064499620169296,0.0081198476646288
2018-01-18,-0.0391580371546025,-0.0250156428521917,-0.0251719989138485,-0.0224303345573473,-0.0391580371546025,-0.0250156428521917,-0.0251719989138485,-0.0224303345573473,-0.0108442740142795
2018-01-19,0.0108857537436702,0.00637247010690312,0.00706378143994087,0.00561789659488721,0.0108857537436702,0.00637247010690312,0.00706378143994087,0.00561789659488721,0.00820069699793668
2018-01-22,0.0191261953872117,0.0135304415004806,0.0126311267158605,0.0114318342210653,0.0191261953872117,0.0135304415004806,0.0126311267158605,0.0114318342210653,0.00644649189762604
2018-01-23,0.00659745038769866,0.00524180923319451,0.00547988138889136,0.00443490186253842,0.00659745038769866,0.00524180923319451,0.00547988138889136,0.00443490186253842,0.00996686344957684
2018-01-24,-0.000783371631501883,-0.0101575166532149,-0.00892385987687457,-0.00897669352628461,-0.000783371631501883,-0.0101575166532149,-0.00892385987687457,-0.00897669352628461,-0.00213098257339247
2018-01-25,-0.017509015836513,-0.0123394497215003,-0.00979631658962147,-0.00928529201703279,-0.017509015836513,-0.0123394497215003,-0.00979631658962147,-0.00928529201703279,-0.00680751830252544
2018-01-29,-0.0035376103840834,-0.000686160708901595,-0.00141991153131353,-0.00373865684049929,-0.0035376103840834,-0.000686160708901595,-0.00141991153131353,-0.00373865684049929,-0.0021518902993873
2018-01-30,-0.0107572805167765,-0.0151892005747306,-0.013430022090457,-0.0125668577639352,-0.0107572805167765,-0.0151892005747306,-0.013430022090457,-0.0125668577639352,-0.0084731180392544
2018-01-31,-0.000215866162979084,-0.00812244649790445,-0.0072692830767657,-0.00697651426386162,-0.000215866162979084,-0.00812244649790445,-0.0072692830767657,-0.00697651426386162,-0.00726880395386012
2018-02-01,-0.00823167440354089,-0.0290793186120489,-0.0169288709475998,-0.0134830214994876,-0.00823167440354089,-0.0290793186120489,-0.0169288709475998,-0.0134830214994876,-0.00446926472699646
2018-02-02,-0.0616648978147877,-0.0531557813397451,-0.0523451027896678,-0.0494309716924365,-0.0616648978147877,-0.0531557813397451,-0.0523451027896678,-0.0494309716924365,-0.032365297127468
2018-02-05,-0.00446622777761674,-0.0163825744425895,-0.0146164640184887,-0.0094395474434775,-0.00446622777761674,-0.0163825744425895,-0.0146164640184887,-0.0094395474434775,-0.0053052493944402
2018-02-06,-0.018848137034987,-0.0264556632661525,-0.0240930509025296,-0.0229449969074429,-0.018848137034987,-0.0264556632661525,-0.0240930509025296,-0.0229449969074429,-0.0170440210309468
2018-02-07,0.0169536817102136,0.00599001183841741,0.0074988223064348,0.0104464146809247,0.0169536817102136,0.00599001183841741,0.0074988223064348,0.0104464146809247,0.0040083299916405
2018-02-08,0.0257218767335261,0.021163192244402,0.020278321060183,0.0230142837640393,0.0257218767335261,0.021163192244402,0.020278321060183,0.0230142837640393,0.0175823372451879
2018-02-09,0.00344415347831029,0.0104648462816704,0.0065526490293671,0.00526974246776418,0.00344415347831029,0.0104648462816704,0.0065526490293671,0.00526974246776418,-0.00518570684711597
2018-02-12,0.0169347289592376,0.0113163534220924,0.0133424735464662,0.0135910694562784,0.0169347289592376,0.0113163534220924,0.0133424735464662,0.0135910694562784,0.0103576784923607
2018-02-14,0.00354253835425378,0.0129441100814378,0.0105785313856995,0.00714229381969722,0.00354253835425378,0.0129441100814378,0.0105785313856995,0.00714229381969722,-0.00221759202884496
2018-02-15,-0.0101731661895099,-0.00752202566800025,-0.009207766088049,-0.00845201676034446,-0.0101731661895099,-0.00752202566800025,-0.009207766088049,-0.00845201676034446,-0.00327520148032201
2018-02-16,-0.0124680576226447,-0.00496343533762472,-0.00714023557421062,-0.00801658545516465,-0.0124680576226447,-0.00496343533762472,-0.00714023557421062,-0.00801658545516465,-0.00963674502783317
2018-02-19,-0.0141894389626639,-0.0187627978649319,-0.0182877265646275,-0.0136518518678882,-0.0141894389626639,-0.0187627978649319,-0.0182877265646275,-0.0136518518678882,-0.0105840322558913
2018-02-20,-0.00522095304026771,-0.00615263650688119,-0.00634856976160451,-0.00661510010197874,-0.00522095304026771,-0.00615263650688119,-0.00634856976160451,-0.00661510010197874,-0.000250877345995412
2018-02-21,-0.00684315829153015,-0.00302574294997998,-0.00196579423824076,-0.00158304053584943,-0.00684315829153015,-0.00302574294997998,-0.00196579423824076,-0.00158304053584943,-0.000635259345205981
2018-02-22,0.00312399637966765,-0.000734323772483558,-0.000725679056845137,-0.00413335955003766,0.00312399637966765,-0.000734323772483558,-0.000725679056845137,-0.00413335955003766,-0.00322707172104774
2018-02-23,0.00913906513766816,0.0129220491605738,0.01346662817764,0.0141207874880418,0.00913906513766816,0.0129220491605738,0.01346662817764,0.0141207874880418,0.014885198756015
2018-02-26,0.0312644208583295,0.0170033078885163,0.0190875771474305,0.0158055587671627,0.0312644208583295,0.0170033078885163,0.0190875771474305,0.0158055587671627,0.0091025596069607
2018-02-27,-0.0165286944848417,-0.0137305178629617,-0.011949644318539,-0.00944441666228552,-0.0165286944848417,-0.0137305178629617,-0.011949644318539,-0.00944441666228552,-0.00618919331023038
2018-02-28,-0.000796246267595557,-8.07942353742153e-07,-0.000998455119856079,-0.00129906713056369,-0.000796246267595557,-8.07942353742153e-07,-0.000998455119856079,-0.00129906713056369,-0.00362570848651116
2018-03-01,-0.00989330632433588,-0.00913445399077936,-0.0100606233635529,-0.00917762536293998,-0.00989330632433588,-0.00913445399077936,-0.0100606233635529,-0.00917762536293998,-0.00533517622691884
2018-03-05,0.0060124642251822,-0.0134179629501661,-0.0121536801762846,-0.00901908971157267,0.0060124642251822,-0.0134179629501661,-0.0121536801762846,-0.00901908971157267,-0.00761747240975399
2018-03-06,-0.00963935516037895,-0.00663322468774569,-0.00678752429936532,-0.0051641570314814,-0.00963935516037895,-0.00663322468774569,-0.00678752429936532,-0.0051641570314814,-0.0104507622634789
2018-03-07,-0.00228028784932344,-0.00689747333675461,-0.00681227425685837,-0.00470110069070395,-0.00228028784932344,-0.00689747333675461,-0.00681227425685837,-0.00470110069070395,-0.0132882690141244
2018-03-08,0.00416864545406592,-0.000166217987294492,0.00312234430262896,0.00373466116558832,0.00416864545406592,-0.000166217987294492,0.00312234430262896,0.00373466116558832,0.00575473168337788
2018-03-09,0.00640436153441937,-0.00582853581812653,-0.0044704286325196,-0.00298166583414539,0.00640436153441937,-0.00582853581812653,-0.0044704286325196,-0.00298166583414539,-0.0027602322452698
2018-03-12,0.0133505205103939,0.0173516186426595,0.0135635033229274,0.0109984492070679,0.0133505205103939,0.0173516186426595,0.0135635033229274,0.0109984492070679,0.0115972526340766
2018-03-13,0.0115354517085802,0.00842164616601715,0.00789096420252133,0.00896667886840302,0.0115354517085802,0.00842164616601715,0.00789096420252133,0.00896667886840302,0.00762857438606656
2018-03-14,0.0123781052712006,0.00334530225904445,0.00217387247448423,0.00235962529454106,0.0123781052712006,0.00334530225904445,0.00217387247448423,0.00235962529454106,0.00209726587403266
2018-03-15,0.0132425131528879,0.00506400170775023,0.00433266257060431,0.00375733341496842,0.0132425131528879,0.00506400170775023,0.00433266257060431,0.00375733341496842,5.63312761664269e-05
2018-03-16,-0.00487582324132063,-0.00992940201696479,-0.0083837329413882,-0.00582899070245985,-0.00487582324132063,-0.00992940201696479,-0.0083837329413882,-0.00582899070245985,-0.0116236444536518
2018-03-19,-0.0119732652176489,-0.0193113268998573,-0.0186652235745544,-0.0182003231716342,-0.0119732652176489,-0.0193113268998573,-0.0186652235745544,-0.0182003231716342,-0.0147539226358567
2018-03-20,0.0148614864011718,0.0130783534531381,0.00942840828727583,0.0064826207887354,0.0148614864011718,0.0130783534531381,0.00942840828727583,0.0064826207887354,0.003417165461666
2018-03-21,0.018954898911353,0.00717467902642505,0.00499220595985754,0.0038579593281107,0.018954898911353,0.00717467902642505,0.00499220595985754,0.0038579593281107,0.00279412446219103
2018-03-22,-0.0186938710721198,-0.00775147001700882,-0.00702876998514601,-0.00390144470680118,-0.0186938710721198,-0.00775147001700882,-0.00702876998514601,-0.00390144470680118,-0.007229779393652
2018-03-23,-0.0187700251967523,-0.0235373971381045,-0.0196182919719505,-0.0152885394865182,-0.0187700251967523,-0.0235373971381045,-0.0196182919719505,-0.0152885394865182,-0.0130920024664095
2018-03-26,-0.00957087967131209,0.00591460151299938,0.00584006523783261,0.00888827063220438,-0.00957087967131209,0.00591460151299938,0.00584006523783261,0.00888827063220438,0.0140448136239742
2018-03-27,-0.00324246119769411,0.00834016359573381,0.012577569945687,0.0102189902072663,-0.00324246119769411,0.00834016359573381,0.012577569945687,0.0102189902072663,0.00924944749770446
2018-03-28,-0.020442897329514,-0.0204182526669897,-0.0178230720711599,-0.0132588352035056,-0.020442897329514,-0.0204182526669897,-0.0178230720711599,-0.0132588352035056,-0.00861823582621802
2018-04-02,0.0159816154052939,0.011333978925061,0.0133716771187131,0.0160747218880507,0.0159816154052939,0.011333978925061,0.0133716771187131,0.0160747218880507,0.0134883660000657
2018-04-03,-0.00461097146618561,-0.00507336410410036,-0.000390566500506802,0.0045394457967444,-0.00461097146618561,-0.00507336410410036,-0.000390566500506802,0.0045394457967444,0.00676256638422166
2018-04-04,-0.0169571193319589,-0.0184201451801074,-0.0139853987304817,-0.0134051247902137,-0.0169571193319589,-0.0184201451801074,-0.0139853987304817,-0.0134051247902137,-0.0122060238150753
2018-04-05,0.00351191909066007,0.0108413307280719,0.018280768643353,0.018357498326649,0.00351191909066007,0.0108413307280719,0.018280768643353,0.018357498326649,0.0197809745428606
2018-04-06,0.00520508152656118,0.00745682884586885,0.00773001718973928,0.00728019772249294,0.00520508152656118,0.00745682884586885,0.00773001718973928,0.00728019772249294,0.00470673317045524
2018-04-09,-0.0116671352263144,0.000910920888032407,0.00115131785520935,0.00170114571528848,-0.0116671352263144,0.000910920888032407,0.00115131785520935,0.00170114571528848,0.00166913251938524
2018-04-10,-0.00534509960870955,-0.00252356813786342,-0.00167302544656781,-0.000881674932983717,-0.00534509960870955,-0.00252356813786342,-0.00167302544656781,-0.000881674932983717,0.00247151997174363
2018-04-11,-0.00437620753066836,0.00193551919053281,0.00175878900366692,9.98938422842877e-05,-0.00437620753066836,0.00193551919053281,0.00175878900366692,9.98938422842877e-05,1.96955939490477e-05
2018-04-12,0.00263192173706828,0.00167098303569624,0.000906537141319386,0.00142783620849454,0.00263192173706828,0.00167098303569624,0.000906537141319386,0.00142783620849454,-0.0019309102329476
2018-04-13,-0.00387089466969137,-0.00140639307670315,-0.000470703261690445,0.00168270449054667,-0.00387089466969137,-0.00140639307670315,-0.000470703261690445,0.00168270449054667,0.00206709024218814
2018-04-16,-0.0074374554806087,-0.00534014808469974,-0.00206647747041303,0.00132067092302124,-0.0074374554806087,-0.00534014808469974,-0.00206647747041303,0.00132067092302124,0.00528189283088402
2018-04-17,0.00357476171062943,0.00597563993065309,0.00371929256700746,0.00251004413647082,0.00357476171062943,0.00597563993065309,0.00371929256700746,0.00251004413647082,0.00151577439424659
2018-04-18,-0.0030718717266941,-0.00613631101922535,-0.00536541151168242,-0.00379194806048366,-0.0030718717266941,-0.00613631101922535,-0.00536541151168242,-0.00379194806048366,-0.00204765863510267
2018-04-19,0.0124095383382332,0.00403875876554749,0.00254684123907982,0.00493350923556546,0.0124095383382332,0.00403875876554749,0.00254684123907982,0.00493350923556546,0.00526589497397472
2018-04-20,0.0354384400965959,0.0181413099400104,0.00901536775494198,0.00727465690604012,0.0354384400965959,0.0181413099400104,0.00901536775494198,0.00727465690604012,-0.00155488143524177
2018-04-23,0.0149186605330112,0.00887343422093967,0.0113757577621687,0.0074651445055004,0.0149186605330112,0.00887343422093967,0.0113757577621687,0.0074651445055004,0.00535007460403639
2018-04-24,-0.00288669713735878,-0.00443073970493391,-0.00197059123157817,-0.00134927869051388,-0.00288669713735878,-0.00443073970493391,-0.00197059123157817,-0.00134927869051388,-0.000222011299403138
2018-04-25,0.010250142848073,-0.0011900099899706,-0.00243002401002905,-0.00490965207833288,0.010250142848073,-0.0011900099899706,-0.00243002401002905,-0.00490965207833288,-0.00558606671463531
2018-04-26,0.00439907116754501,0.00446977170355267,0.00537540234412652,0.00527094548280782,0.00439907116754501,0.00446977170355267,0.00537540234412652,0.00527094548280782,0.00124313004891619
2018-04-27,-0.0119850210699861,-0.00810567218854436,-0.00294670940535913,-0.000249915326269695,-0.0119850210699861,-0.00810567218854436,-0.00294670940535913,-0.000249915326269695,0.00699250655325839
2018-04-30,0.0177792272764694,0.00777734206133929,0.0069575258400855,0.00929158702519234,0.0177792272764694,0.00777734206133929,0.0069575258400855,0.00929158702519234,0.00759329528032732
2018-05-02,-0.0086663033794036,-0.0138764075336686,-0.0137688365484016,-0.0139007917783699,-0.0086663033794036,-0.0138764075336686,-0.0137688365484016,-0.0139007917783699,-0.00946769204361397
2018-05-03,-0.00163998925445552,-0.0110098045177163,-0.00879087320687692,-0.01034354252168,-0.00163998925445552,-0.0110098045177163,-0.00879087320687692,-0.01034354252168,-0.00654155593751947
2018-05-04,-0.00689545826669868,-0.004215117248835,-0.00341046975288328,-0.0068970118845853,-0.00689545826669868,-0.004215117248835,-0.00341046975288328,-0.0068970118845853,-0.00462134961528186
2018-05-07,-0.00121120758470772,-0.00166089104184947,-0.000170106189314789,0.00105748688519688,-0.00121120758470772,-0.00166089104184947,-0.000170106189314789,0.00105748688519688,0.0060995479204634
2018-05-08,0.0164579705422616,0.00654340093113326,0.00186458337735336,0.00183850390901555,0.0164579705422616,0.00654340093113326,0.00186458337735336,0.00183850390901555,0.000867612337983535
2018-05-09,-0.000349293474562917,0.00275299357538622,-0.00122372911484407,-0.000143958892252133,-0.000349293474562917,0.00275299357538622,-0.00122372911484407,-0.000143958892252133,-0.0021153177376695
2018-05-10,-0.00840412401074575,-0.00517215924782249,-0.007040972823999,-0.0064804032290654,-0.00840412401074575,-0.00517215924782249,-0.007040972823999,-0.0064804032290654,-0.00884696168522743
2018-05-11,-0.00832128234698282,-0.00224858355158547,-0.000254533269938666,0.00148877026280406,-0.00832128234698282,-0.00224858355158547,-0.000254533269938666,0.00148877026280406,0.00227469630015676
2018-05-14,-0.0101993099448848,-0.00630511499726072,-0.00864695095247325,-0.0110761051175148,-0.0101993099448848,-0.00630511499726072,-0.00864695095247325,-0.0110761051175148,-0.00518422930637132
2018-05-15,-0.0192567554441789,-0.00744111172186646,-0.00511597616437927,-0.00434894156161061,-0.0192567554441789,-0.00744111172186646,-0.00511597616437927,-0.00434894156161061,-0.00454458320987649
2018-05-16,0.00161075250585707,0.00157074229556819,-0.00152530269438481,-0.000941907165652067,0.00161075250585707,0.00157074229556819,-0.00152530269438481,-0.000941907165652067,-0.00295494714039466
2018-05-17,0.00276148257837505,0.000609844222068667,0.010055057735001,0.0104215535877769,0.00276148257837505,0.000609844222068667,0.010055057735001,0.0104215535877769,0.00148523008613736
2018-05-18,-0.00936129125393337,-0.00637002547386706,-0.00473593829779436,-0.006390446421804,-0.00936129125393337,-0.00637002547386706,-0.00473593829779436,-0.006390446421804,-0.0123044059030684
2018-05-21,-0.00633142220098748,-0.00224683933544573,-0.00605932844179217,-0.00801469269287086,-0.00633142220098748,-0.00224683933544573,-0.00605932844179217,-0.00801469269287086,-0.0141702261003214
2018-05-22,0.00745683171601708,0.00375285786232615,0.00818135724539015,0.00634660899294792,0.00745683171601708,0.00375285786232615,0.00818135724539015,0.00634660899294792,0.0075743739361028
2018-05-23,-0.0124137536053659,-0.00695568210536102,-0.00991293166840612,-0.00586494490206774,-0.0124137536053659,-0.00695568210536102,-0.00991293166840612,-0.00586494490206774,-0.00654020171243533
2018-05-24,-0.00499457129325653,0.00906464601717855,0.00561155735967755,0.00602668388487149,-0.00499457129325653,0.00906464601717855,0.00561155735967755,0.00602668388487149,0.00423995145439439
2018-05-25,0.0253888178787014,0.0122096438993733,0.0127550694339655,0.0115211196752579,0.0253888178787014,0.0122096438993733,0.0127550694339655,0.0115211196752579,0.0126986625148332
2018-05-28,0.0111019798517578,-0.00406361754824436,0.00200782624082289,-0.000285017474692228,0.0111019798517578,-0.00406361754824436,0.00200782624082289,-0.000285017474692228,0.0122540024533471
2018-05-29,-0.00221350527103148,0.00124002468892004,-0.0030442193079319,0.000191618419832534,-0.00221350527103148,0.00124002468892004,-0.0030442193079319,0.000191618419832534,-0.00533212959164077
2018-05-30,0.00866942788349068,0.00421137664096088,0.00387155195958181,0.00463272690072927,0.00866942788349068,0.00421137664096088,0.00387155195958181,0.00463272690072927,-0.000671027319471816
2018-05-31,-0.00499449968891053,0.00267507907701298,0.00116369921139573,0.000606412155883168,-0.00499449968891053,0.00267507907701298,0.00116369921139573,0.000606412155883168,0.00213808737616868
2018-06-01,-0.0202841148310436,-0.0140719609528862,-0.0161689319935383,-0.0140431057985505,-0.0202841148310436,-0.0140719609528862,-0.0161689319935383,-0.0140431057985505,-0.0089203347865151
2018-06-04,-0.0128421632324338,-0.00507304997885105,-0.00957885502747509,-0.011542783754918,-0.0128421632324338,-0.00507304997885105,-0.00957885502747509,-0.011542783754918,-0.0116193658226122
2018-06-05,-0.0270294019720629,-0.0203628026421885,-0.0234781455132318,-0.020592141428399,-0.0270294019720629,-0.0203628026421885,-0.0234781455132318,-0.020592141428399,-0.0118975818539779
2018-06-06,0.0118386045559737,0.0103889164419617,0.0122942001776534,0.0133612440462131,0.0118386045559737,0.0103889164419617,0.0122942001776534,0.0133612440462131,0.013576497463279
2018-06-07,0.0183600054700876,0.0149078500864234,0.0170309346677343,0.0135787519761912,0.0183600054700876,0.0149078500864234,0.0170309346677343,0.0135787519761912,0.0120082307861619
2018-06-08,-0.00406961035953457,0.00110905550638551,0.00352857028815297,0.00414272659054993,-0.00406961035953457,0.00110905550638551,0.00352857028815297,0.00414272659054993,0.00607470657285551
2018-06-11,-0.00350249122560542,-0.00155991832075553,0.00136834400409946,0.0043502897451837,-0.00350249122560542,-0.00155991832075553,0.00136834400409946,0.0043502897451837,0.00258368519256227
2018-06-12,0.00624367509878798,0.00619861190117377,0.0110017791553313,0.00876399975909481,0.00624367509878798,0.00619861190117377,0.0110017791553313,0.00876399975909481,0.00779885811753774
2018-06-13,0.0058530575764042,0.00921532780462642,0.00376751759126729,0.0036568666944132,0.0058530575764042,0.00921532780462642,0.00376751759126729,0.0036568666944132,-0.000605125326942394
2018-06-14,-0.00244079334989877,-0.00573776327718684,-0.00368561451860812,-0.00496645555121233,-0.00244079334989877,-0.00573776327718684,-0.00368561451860812,-0.00496645555121233,-0.0016512237846053
2018-06-15,-0.00155841863040518,0.00992932411664071,0.00489361036399383,0.00282910241541429,-0.00155841863040518,0.00992932411664071,0.00489361036399383,0.00282910241541429,-0.00181840201760831
2018-06-18,-0.00632297400805182,-0.00660744819862574,-0.00793351015304056,-0.00730225180453889,-0.00632297400805182,-0.00660744819862574,-0.00793351015304056,-0.00730225180453889,-0.0028609851713582
2018-06-19,-0.0175164155732387,-0.0149879595638016,-0.0110335161083625,-0.0105085183993269,-0.0175164155732387,-0.0149879595638016,-0.0110335161083625,-0.0105085183993269,-0.00932761780534906
2018-06-20,0.00650958696600723,0.0018634928293047,0.00232350614372837,0.00228602625724819,0.00650958696600723,0.0018634928293047,0.00232350614372837,0.00228602625724819,0.00441104134035292
2018-06-21,-0.0150722612972435,-0.00895527660498757,-0.00581748530952279,-0.00549899269653456,-0.0150722612972435,-0.00895527660498757,-0.00581748530952279,-0.00549899269653456,-0.00571077142077146
2018-06-22,0.00107876925632189,0.00073430495114124,0.0012010740820465,0.00240777194283176,0.00107876925632189,0.00073430495114124,0.0012010740820465,0.00240777194283176,0.00691324805882357
2018-06-25,-0.00436268975294685,0.00101623798576361,-0.00223929520455405,-0.0039420630378596,-0.00436268975294685,0.00101623798576361,-0.00223929520455405,-0.0039420630378596,-0.00743536705181951
2018-06-26,-0.0066339496246427,-0.000492445699780519,0.00193332101812253,0.00158097443881636,-0.0066339496246427,-0.000492445699780519,0.00193332101812253,0.00158097443881636,-0.00152560826525225
2018-06-27,-0.0142967620287395,-0.00446337555234833,-0.00388906635417866,-0.00417744422251892,-0.0142967620287395,-0.00446337555234833,-0.00388906635417866,-0.00417744422251892,-0.0122006943505955
2018-06-28,-0.0180576131547171,-0.014186513612837,-0.0154919990521487,-0.0161461411717092,-0.0180576131547171,-0.014186513612837,-0.0154919990521487,-0.0161461411717092,-0.0145996356728173
2018-06-29,0.0226073302240455,0.01547466337742,0.019761860315639,0.0220288474219576,0.0226073302240455,0.01547466337742,0.019761860315639,0.0220288474219576,0.0142638879301835
2018-07-02,0.00341895361918904,-0.00205061033152901,-0.00238168451716499,-0.003352672224657,0.00341895361918904,-0.00205061033152901,-0.00238168451716499,-0.003352672224657,-0.00679811395157389
2018-07-03,0.0106753940413138,0.0058073554389132,0.00716994292122885,0.00894675440241904,0.0106753940413138,0.0058073554389132,0.00716994292122885,0.00894675440241904,0.00502303496825805
2018-07-04,-0.00677860928769447,-0.00696359085675013,-0.004534669229643,-0.00104633872241738,-0.00677860928769447,-0.00696359085675013,-0.004534669229643,-0.00104633872241738,0.00249776127403719
2018-07-05,-0.0110188311639479,-0.00585266956338848,-0.00523567201736634,-0.00628828928429875,-0.0110188311639479,-0.00585266956338848,-0.00523567201736634,-0.00628828928429875,-0.00342523792384819
2018-07-06,0.00325275249776413,0.00509778030903096,0.00496305059141962,0.00247973205043558,0.00325275249776413,0.00509778030903096,0.00496305059141962,0.00247973205043558,0.00209442255431716
2018-07-09,0.00673219876515119,0.0173537267263436,0.0167415315164185,0.0147566407212802,0.00673219876515119,0.0173537267263436,0.0167415315164185,0.0147566407212802,0.0110324917136141
2018-07-10,0.00807303022984973,0.0123020113172212,0.009588674527463,0.00858010091197448,0.00807303022984973,0.0123020113172212,0.009588674527463,0.00858010091197448,0.00890195381853483
2018-07-11,0.0220575098079656,0.0117888753878105,0.0074745891970136,0.00566156352888059,0.0220575098079656,0.0117888753878105,0.0074745891970136,0.00566156352888059,-0.00381853577717579
2018-07-12,-0.00143276944384496,0.00341856648061456,0.00203021542999619,0.000206324439386285,-0.00143276944384496,0.00341856648061456,0.00203021542999619,0.000206324439386285,0.000593656529777097
2018-07-13,0.00132674893598339,-0.00226794489120968,-0.00815502597691716,-0.00730824816730433,0.00132674893598339,-0.00226794489120968,-0.00815502597691716,-0.00730824816730433,-0.0085847071957623
2018-07-16,0.00576823619356004,-0.00300052653100757,-0.00771993077169749,-0.0099138832017219,0.00576823619356004,-0.00300052653100757,-0.00771993077169749,-0.0099138832017219,-0.0188498138249934
2018-07-17,0.000603082708406033,0.0016749755756057,0.00478027134126546,0.00547149989087359,0.000603082708406033,0.0016749755756057,0.00478027134126546,0.00547149989087359,0.0121933126987212
2018-07-18,0.000917764297125423,0.000213165543827165,-0.0034541839178495,-0.0044116951007892,0.000917764297125423,0.000213165543827165,-0.0034541839178495,-0.0044116951007892,-0.00607157708850124
2018-07-19,-0.00969437953682861,-0.0197766582203364,-0.0161295919632408,-0.0138557358208875,-0.00969437953682861,-0.0197766582203364,-0.0161295919632408,-0.0138557358208875,-0.00568888350363907
2018-07-20,0.0146019255088217,0.0160720034428844,0.00874018830758309,0.00735009283961632,0.0146019255088217,0.0160720034428844,0.00874018830758309,0.00735009283961632,0.00637379094035198
2018-07-23,-0.00123805614631822,0.00394554594813262,0.0071010900315784,0.00743300995986565,-0.00123805614631822,0.00394554594813262,0.0071010900315784,0.00743300995986565,0.0103636941127216
2018-07-24,-0.00131689146878999,0.0104276510297321,0.0123695651792048,0.0134310905941054,-0.00131689146878999,0.0104276510297321,0.0123695651792048,0.0134310905941054,0.0146159341928524
2018-07-25,-0.0060385141824898,0.000384116687979719,0.00521952199016499,0.00459359220102981,-0.0060385141824898,0.000384116687979719,0.00521952199016499,0.00459359220102981,-0.000386780303609045
2018-07-26,-0.00463875421437543,-0.00730251396166959,-0.00525931406736287,-0.0037443009042876,-0.00463875421437543,-0.00730251396166959,-0.00525931406736287,-0.0037443009042876,0.00735086675950296
2018-07-27,0.00344518602653698,0.00270706338383564,0.00610877328098155,0.00767034323148208,0.00344518602653698,0.00270706338383564,0.00610877328098155,0.00767034323148208,0.00871659385863865
2018-07-30,-0.00670629340426265,-0.00832664942671874,-0.00573868153018531,-0.00279834783858282,-0.00670629340426265,-0.00832664942671874,-0.00573868153018531,-0.00279834783858282,0.00547237443140899
2018-07-31,0.011598969306778,0.00980849508154191,0.00935898814024013,0.00797008646178327,0.011598969306778,0.00980849508154191,0.00935898814024013,0.00797008646178327,0.00214236553042635
2018-08-01,0.00627335131939666,0.00459391068727363,0.00483368951664378,0.00396031150988356,0.00627335131939666,0.00459391068727363,0.00483368951664378,0.00396031150988356,0.00232912710428727
2018-08-02,-0.00829013244573873,-0.00573416190175624,-0.00569227245860608,-0.00380870056549343,-0.00829013244573873,-0.00573416190175624,-0.00569227245860608,-0.00380870056549343,-0.00234109792415434
2018-08-03,0.00662869941561173,0.00894107065959571,0.0086838567365061,0.0100771221320167,0.00662869941561173,0.00894107065959571,0.0086838567365061,0.0100771221320167,0.0110066951812246
2018-08-06,-0.00208165349749478,-0.00422726513434635,-0.00209664918519451,-0.000617215092043544,-0.00208165349749478,-0.00422726513434635,-0.00209664918519451,-0.000617215092043544,0.00305291801154949
2018-08-07,0.00056298498985119,-0.00102611001937714,0.00244026264209703,0.000258164845989672,0.00056298498985119,-0.00102611001937714,0.00244026264209703,0.000258164845989672,-0.00116903052252138
2018-08-08,-0.000381234152346699,0.00241295515347545,0.00511374062940081,0.0072442753884204,-0.000381234152346699,0.00241295515347545,0.00511374062940081,0.0072442753884204,0.00308577149494811
2018-08-09,-0.000330714527108977,0.00104942952193032,-0.0010690783082223,0.000737801772641405,-0.000330714527108977,0.00104942952193032,-0.0010690783082223,0.000737801772641405,0.00297130254998628
2018-08-10,0.00519794577272181,0.00413379137758141,0.00366271887921784,0.000117110688089728,0.00519794577272181,0.00413379137758141,0.00366271887921784,0.000117110688089728,-0.00776515508741088
2018-08-13,0.013691442502147,0.00692325089527346,0.00536984109641706,0.00283461804882063,0.013691442502147,0.00692325089527346,0.00536984109641706,0.00283461804882063,-0.00787138075266376
2018-08-14,0.00866929279756179,0.00823393532699956,0.00836630686099471,0.00622413253170462,0.00866929279756179,0.00823393532699956,0.00836630686099471,0.00622413253170462,0.0100073775950684
2018-08-16,0.00233713481252518,0.00126309416641024,0.00215191899430881,0.00312052710338057,0.00233713481252518,0.00126309416641024,0.00215191899430881,0.00312052710338057,-0.00380496019869649
2018-08-17,0.00545375418641059,0.0123194757183654,0.0118464448212208,0.0115623613074567,0.00545375418641059,0.0123194757183654,0.0118464448212208,0.0115623613074567,0.0108867002150565
2018-08-20,-0.00850511043255198,-0.00364403543058678,-0.00117229710996754,-0.00122604428105166,-0.00850511043255198,-0.00364403543058678,-0.00117229710996754,-0.00122604428105166,0.0069402410569921
2018-08-21,0.00924129815266217,0.00349389548998391,0.00342604312559969,0.00247261970402257,0.00924129815266217,0.00349389548998391,0.00342604312559969,0.00247261970402257,0.00339935157870553
2018-08-23,0.0123726119612304,0.0107335225383692,0.0103066772832075,0.00880714472553451,0.0123726119612304,0.0107335225383692,0.0103066772832075,0.00880714472553451,-0.000277633665789464
2018-08-24,-0.00403859300493825,-0.00531221323063752,-0.00819891864703707,-0.00474924462055623,-0.00403859300493825,-0.00531221323063752,-0.00819891864703707,-0.00474924462055623,-0.00122682409623343
2018-08-27,0.0167037666077081,0.0117265290972726,0.0106698909779759,0.00987846881005011,0.0167037666077081,0.0117265290972726,0.0106698909779759,0.00987846881005011,0.0102198378442253
2018-08-28,0.00438880872121761,0.000511035048681552,-0.000206729179222857,-0.000621927345129586,0.00438880872121761,0.000511035048681552,-0.000206729179222857,-0.000621927345129586,-6.90458111249757e-07
2018-08-29,-0.00372772912774377,-0.00286038013453316,-0.00184033841257469,-0.00233680197581976,-0.00372772912774377,-0.00286038013453316,-0.00184033841257469,-0.00233680197581976,0.00168874530777264
2018-08-30,0.000315342237997562,0.00654713481325819,0.00574213464861499,0.005296353401684,0.000315342237997562,0.00654713481325819,0.00574213464861499,0.005296353401684,0.00207949412848567
2018-08-31,0.0181311755782114,0.0100941740772376,0.0120398292422335,0.0101962948468597,0.0181311755782114,0.0100941740772376,0.0120398292422335,0.0101962948468597,0.00524199793764436
2018-09-03,-0.00548588333985678,-0.0149270302193782,-0.010266112209342,-0.00828672669585133,-0.00548588333985678,-0.0149270302193782,-0.010266112209342,-0.00828672669585133,-0.00467519498089762
2018-09-04,0.0206051209223017,-8.22628155061622e-05,-0.00103074775971868,-0.00433412483023141,0.0206051209223017,-8.22628155061622e-05,-0.00103074775971868,-0.00433412483023141,-0.0175964693785977
2018-09-05,-0.000547267992575318,-0.00462737365394877,-0.00270342610998101,-0.000381331470009766,-0.000547267992575318,-0.00462737365394877,-0.00270342610998101,-0.000381331470009766,-0.00362577136815512
2018-09-06,0.00260246740071146,0.0011149631382959,0.00222133467050574,0.00595549306652074,0.00260246740071146,0.0011149631382959,0.00222133467050574,0.00595549306652074,0.00540126619467493
2018-09-07,0.00143818533779161,0.00389292235151284,0.00458698138143839,0.00609988080878143,0.00143818533779161,0.00389292235151284,0.00458698138143839,0.00609988080878143,0.00610826786025667
2018-09-10,3.18127832852344e-05,-0.00863818948471728,-0.00714822549377081,-0.00868546764184491,3.18127832852344e-05,-0.00863818948471728,-0.00714822549377081,-0.00868546764184491,-0.0152855917492186
2018-09-11,-0.00696122347062389,-0.0155547763599562,-0.0131373962259093,-0.0135230196997265,-0.00696122347062389,-0.0155547763599562,-0.0131373962259093,-0.0135230196997265,-0.0144682101682069
2018-09-12,0.00380603606301788,0.0145518097453365,0.0078082642880406,0.00665137088401718,0.00380603606301788,0.0145518097453365,0.0078082642880406,0.00665137088401718,0.00290936675805702
2018-09-14,0.00114887913366002,0.00316040016097507,0.00409700056177353,0.00697231415292354,0.00114887913366002,0.00316040016097507,0.00409700056177353,0.00697231415292354,0.0177950917978793
2018-09-17,0.00294479868607334,-0.00543144279519681,-0.00308976335043476,-0.00294282671212132,0.00294479868607334,-0.00543144279519681,-0.00308976335043476,-0.00294282671212132,-0.00710004434515512
2018-09-18,-0.00550906928007766,0.0027179516408955,-0.00419902431779133,-0.00493154579448557,-0.00550906928007766,0.0027179516408955,-0.00419902431779133,-0.00493154579448557,-0.0140956066645796
2018-09-19,0.00206212657246674,-0.00553255915621476,-0.00708772289505081,-0.0084555067190599,0.00206212657246674,-0.00553255915621476,-0.00708772289505081,-0.0084555067190599,-0.00586648517059137
2018-09-21,-0.0143444313889673,-0.008497298472814,-0.0184209706247209,-0.0160606018188487,-0.0143444313889673,-0.008497298472814,-0.0184209706247209,-0.0160606018188487,-0.0199727803505099
2018-09-24,0.0215855605250346,-2.25821302859974e-05,0.00109188260308897,-0.00576029085299337,0.0215855605250346,-2.25821302859974e-05,0.00109188260308897,-0.00576029085299337,-0.0253068352146534
2018-09-25,0.00368673464308866,0.00814884045148523,0.00379971538431042,0.00610158899486263,0.00368673464308866,0.00814884045148523,0.00379971538431042,0.00610158899486263,0.00432952024692512
2018-09-26,-0.0186314464955148,-0.0166475576090743,-0.011927579660175,-0.00758538928184346,-0.0186314464955148,-0.0166475576090743,-0.011927579660175,-0.00758538928184346,0.00215631345486048
2018-09-27,0.00537066632094052,0.00230801518925866,-0.00534623079493083,-0.00645882860718439,0.00537066632094052,0.00230801518925866,-0.00534623079493083,-0.00645882860718439,-0.0166323074215017
2018-09-28,-0.0112342950616928,-0.00397420506583879,-0.0226196773155564,-0.0218855187554269,-0.0112342950616928,-0.00397420506583879,-0.0226196773155564,-0.0218855187554269,-0.0172514574921122
2018-10-01,0.0237102418160207,0.0146436629748828,0.00906307682257477,0.0085303006289305,0.0237102418160207,0.0146436629748828,0.00906307682257477,0.0085303006289305,0.00628077247863301
2018-10-03,-0.0187362193113216,-0.0164795222055465,-0.0121878050685958,-0.0112815558899066,-0.0187362193113216,-0.0164795222055465,-0.0121878050685958,-0.0112815558899066,-0.00808980074052459
2018-10-04,-0.0294590459814239,-0.0294417337817733,-0.0282761943912347,-0.0295909641781953,-0.0294590459814239,-0.0294417337817733,-0.0282761943912347,-0.0295909641781953,-0.0167532012926651
2018-10-05,0.00974854956750359,-0.00833351721261688,-0.00915988444994372,-0.00834547601923147,0.00974854956750359,-0.00833351721261688,-0.00915988444994372,-0.00834547601923147,-0.0261635598707304
2018-10-08,-0.018371587697822,-0.0121995648347751,-0.0136997479049324,-0.0114070183559151,-0.018371587697822,-0.0121995648347751,-0.0136997479049324,-0.0114070183559151,-0.010725328195974
2018-10-09,0.00422097191810322,-0.00792599459067506,-0.00594907067831026,-0.00164713658765828,0.00422097191810322,-0.00792599459067506,-0.00594907067831026,-0.00164713658765828,-0.0019195521617006
2018-10-10,-0.0147425230492467,0.000857687815646824,0.0101076489368377,0.00983496388230562,-0.0147425230492467,0.000857687815646824,0.0101076489368377,0.00983496388230562,0.0315526553571266
2018-10-11,-0.0303918346479697,-0.0192085038632727,-0.0174499940062615,-0.0187110417934192,-0.0303918346479697,-0.0192085038632727,-0.0174499940062615,-0.0187110417934192,-0.0234091187401056
2018-10-12,-0.00979109053961758,0.00932415755162247,0.0109243263245165,0.00957826818664556,-0.00979109053961758,0.00932415755162247,0.0109243263245165,0.00957826818664556,0.0245836919409222
2018-10-15,0.0177454259075611,0.0120186815637235,0.0131414305366109,0.016357853355023,0.0177454259075611,0.0120186815637235,0.0131414305366109,0.016357853355023,0.00641406824744003
2018-10-16,0.00609155914566495,0.00600320632123796,0.00529861460888092,0.00494022870787053,0.00609155914566495,0.00600320632123796,0.00529861460888092,0.00494022870787053,0.0115031471875871
2018-10-17,0.00418048005873328,0.00428456482503237,-0.00174975383504461,-0.00352262410153931,0.00418048005873328,0.00428456482503237,-0.00174975383504461,-0.00352262410153931,-0.021013323379863
2018-10-19,-0.0316231700523962,-0.0119348057594421,-0.010730043363979,-0.00754007549165966,-0.0316231700523962,-0.0119348057594421,-0.010730043363979,-0.00754007549165966,-0.0140051786803846
2018-10-22,-0.00382772216826355,-0.0027411356972446,-0.00255004650125519,-0.00190776848471919,-0.00382772216826355,-0.0027411356972446,-0.00255004650125519,-0.00190776848471919,-0.00696061962586695
2018-10-23,-0.0276808335828601,-0.0193432998546889,-0.0172382434094706,-0.0197901691026314,-0.0276808335828601,-0.0193432998546889,-0.0172382434094706,-0.0197901691026314,-0.0101970896260666
2018-10-24,0.00245727319809164,0.00386942785933353,0.00147019336517225,-0.000304703573836385,0.00245727319809164,0.00386942785933353,0.00147019336517225,-0.000304703573836385,0.0101276115004851
2018-10-25,0.00443620097355746,-0.00098863905271479,-0.00264194100185622,-0.00641715292798878,0.00443620097355746,-0.00098863905271479,-0.00264194100185622,-0.00641715292798878,-0.0103674795073652
2018-10-26,-0.0193465631900952,-0.01671304932548,-0.010778107016478,-0.00895245756249996,-0.0193465631900952,-0.01671304932548,-0.010778107016478,-0.00895245756249996,-0.00404089503213869
2018-10-29,0.0242102450097941,0.0164590741387898,0.0241716911157124,0.0298709891417254,0.0242102450097941,0.0164590741387898,0.0241716911157124,0.0298709891417254,0.0287829201479861
2018-10-30,0.0161394192584607,0.00831368020061329,0.00800585335306218,0.00526898391834019,0.0161394192584607,0.00831368020061329,0.00800585335306218,0.00526898391834019,0.00277140104916023
2018-10-31,0.0406964308792181,0.0252259736323081,0.0201746920343753,0.0192517965552443,0.0406964308792181,0.0252259736323081,0.0201746920343753,0.0192517965552443,0.0190250927468377
2018-11-01,-0.0212926795805563,-0.0140090530984643,-0.0101108494174755,-0.00467251242403403,-0.0212926795805563,-0.0140090530984643,-0.0101108494174755,-0.00467251242403403,0.00626335943087815
2018-11-02,-0.0154067274085269,0.000790521688161017,0.000527014458774011,0.000225235222917897,-0.0154067274085269,0.000790521688161017,0.000527014458774011,0.000225235222917897,0.0095785500083135
2018-11-05,0.00521274739869093,0.000766820006860236,0.000758578030092346,-0.00091012209665059,0.00521274739869093,0.000766820006860236,0.000758578030092346,-0.00091012209665059,-0.00267094767033219
2018-11-06,0.00729515919637369,-0.000320570357039585,-0.000213713571359723,-0.000127147241504422,0.00729515919637369,-0.000320570357039585,-0.000213713571359723,-0.000127147241504422,-0.00232214511554695
2018-11-07,0.00666153870094988,0.00790580009487374,0.00527053339658249,0.00617936853320566,0.00666153870094988,0.00790580009487374,0.00527053339658249,0.00617936853320566,0.00720944363446809
2018-11-09,-0.00825663760786621,-0.00452948935080327,-0.00283830375112115,0.00129809774818898,-0.00825663760786621,-0.00452948935080327,-0.00283830375112115,0.00129809774818898,0.00489360132531651
2018-11-12,0.00668145620339389,4.67254090399938e-05,0.000280882414831152,-0.00219119598400636,0.00668145620339389,4.67254090399938e-05,0.000280882414831152,-0.00219119598400636,-0.00966067182406039
2018-11-13,0.0032560662759904,0.00609532149959469,0.00412392150118146,0.00477287325349623,0.0032560662759904,0.00609532149959469,0.00412392150118146,0.00477287325349623,0.00340674644467622
2018-11-14,-0.0244740809335218,-0.00764188036933922,-0.00502483422640831,-0.00591626934554351,-0.0244740809335218,-0.00764188036933922,-0.00502483422640831,-0.00591626934554351,-2.81077318411332e-05
2018-11-15,0.00109221134091664,7.46428310086089e-05,0.000124864449275175,0.00297222310772685,0.00109221134091664,7.46428310086089e-05,0.000124864449275175,0.00297222310772685,0.00514056131824029
2018-11-16,0.00829242714917622,0.00643480146706477,0.00428986764470984,0.00327651603767459,0.00829242714917622,0.00643480146706477,0.00428986764470984,0.00327651603767459,0.00280424571211474
2018-11-19,0.00874761885303021,0.0129191985275744,0.00886353143862125,0.00704895177188508,0.00874761885303021,0.0129191985275744,0.00886353143862125,0.00704895177188508,0.00441540845713685
2018-11-20,-0.0215548240454236,-0.0148574801441964,-0.00984603524238425,-0.0110078419908853,-0.0215548240454236,-0.0148574801441964,-0.00984603524238425,-0.0110078419908853,-0.0111059229041989
2018-11-21,-0.0284174402071673,-0.014494352115582,-0.00960396031397644,-0.00639388050071016,-0.0284174402071673,-0.014494352115582,-0.00960396031397644,-0.00639388050071016,0.00325209052888998
2018-11-22,-0.00312881798976938,-0.00406116121549999,-0.00270744081033332,-0.00284558617567873,-0.00312881798976938,-0.00406116121549999,-0.00270744081033332,-0.00284558617567873,-0.00793388311350323
2018-11-26,0.0137098762287386,0.0186760249741784,0.0127533726978826,0.00879222201340574,0.0137098762287386,0.0186760249741784,0.0127533726978826,0.00879222201340574,0.0025430330382744
2018-11-27,0.0142557591441577,0.00675954063444878,0.00457460446365539,0.00342044685788279,0.0142557591441577,0.00675954063444878,0.00457460446365539,0.00342044685788279,0.00263900429271941
2018-11-28,0.0286495515818934,0.0104661420278727,0.00703763102311305,0.00361725252493603,0.0286495515818934,0.0104661420278727,0.00703763102311305,0.00361725252493603,-0.00319985163259626
2018-11-29,-0.0114542425489013,0.00127010946847395,0.000909606984862717,0.00133781567030983,-0.0114542425489013,0.00127010946847395,0.000909606984862717,0.00133781567030983,0.00827306279101718
2018-11-30,0.0119437342302102,0.0064418501316279,0.00436009694043071,0.0063813077539881,0.0119437342302102,0.0064418501316279,0.00436009694043071,0.0063813077539881,0.00501027972033474
2018-12-03,-0.00198655825558164,-0.00198655825558164,-0.0011532249222483,-0.00136155825558164,0.00699144334119262,0.00718144208669014,0.00495877530593288,0.00426282476731993,0.00337764628832574
2018-12-04,0.000196451051614588,0.000196451051614588,0.000196451051614588,0.000196451051614588,0.017605687991505,0.00554686514090774,0.00376339377781002,0.00300103147971342,-0.000564914756287075
2018-12-05,0.000216454554564427,0.000216454554564427,0.000216454554564427,0.000216454554564427,0.000869051399880361,-0.00312308910213316,-0.00200990788323396,-0.00251732272655272,-0.0127622558226188
2018-12-06,0.000184347310332678,0.000184347310332678,0.000184347310332678,0.000184347310332678,-0.0212605899561426,-0.0180940114678921,-0.0120012252084838,-0.0124681593779715,-0.0166270516510424
2018-12-07,0,0,0,0,-0.00210128050743918,0.00207507300874055,0.00138338200582703,0.00199543684606196,0.00394974010538543
2018-12-10,0.000697185214865392,0.000697185214865392,0.000697185214865392,0.000697185214865392,-0.0166202078078509,-0.0160976813538249,-0.0104993924975948,-0.0115875426069752,-0.0195717089933863
2018-12-11,0.000160160801444542,0.000160160801444542,0.000160160801444542,0.000160160801444542,0.0111267498798997,0.0115788623701698,0.00777262851392805,0.00861484020300768,0.0123539149142153
2018-12-12,0.000192162184883937,0.000192162184883937,0.000192162184883937,0.000192162184883937,0.0108998381833862,0.0142868092005077,0.00958859352863313,0.0113200233357332,0.0214464704755225
2018-12-13,0.000232151362688393,0.000232151362688393,0.000232151362688393,0.000232151362688393,0.00695092247453921,0.00689608236477179,0.00467477203074399,0.00472964758313948,0.00781982872172565
2018-12-14,0,0,0,0,0.000702576879488825,0.00167591617328511,0.00111727744885674,-0.000148005057116096,0.00147320738304221
2018-12-17,0.000704295804237809,0.000704295804237809,0.000704295804237809,0.000704295804237809,0.00145871917473794,0.0048894705386755,0.00349441229386294,0.00271490897514864,0.00546522542635484
2018-12-18,0.000183947758836567,0.000183947758836567,0.000183947758836567,0.000183947758836567,-0.00955992219149371,-0.00534796409948435,-0.00350399348004404,-0.00256303354302839,0.00252755064872726
2018-12-19,0.000195908314908566,0.000195908314908566,0.000195908314908566,0.000195908314908566,-0.00944265302856218,0.00161800286452302,0.00114397134798487,0.0032770383751001,0.0113076761079847
2018-12-20,0.000163891176258923,0.000163891176258923,0.000163891176258923,0.000163891176258923,-0.00340186666814735,-0.00520789846447967,-0.0034173019175668,-0.00290036830811166,-0.00120678047336912
2018-12-21,0,0,0,0,-0.022989587970203,-0.0206001007516168,-0.0137334005010779,-0.0133825896723018,-0.0137943525273316
2018-12-24,0.000519569796208597,0.000519569796208597,0.000519569796208597,0.000519569796208597,0.00281123444554843,-0.00271461164913334,-0.00163655116735269,-0.00183711433336758,-0.00894418543063625
2018-12-26,0.000539273059915191,0.000539273059915191,0.000539273059915191,0.000539273059915191,-0.00623902541100696,-0.00236311760416663,-0.00139565404947269,-0.0012236827524838,0.00298264953312782
2018-12-27,0.000175668338177504,0.000175668338177504,0.000175668338177504,0.000175668338177504,0.0138163782389467,0.013262959889375,0.00890052937230915,0.0073377866280579,0.00159150199831384
2018-12-28,0,0,0,0,0.002178597592706,0.00382965839367999,0.00255310559578666,0.00357034195864242,0.0100721968810597
2018-12-31,0.000794360440051767,0.000794360440051767,0.000794360440051767,0.000794360440051767,0.00379017842560625,0.00144786913237521,0.00123003290160073,0.00262383988982681,0.00296451217722769
2019-01-01,-0.00637302641857246,-0.00406930591473714,-0.000205557871569671,0.00135812466020863,-0.00637302641857246,-0.00156930591473714,0.001461108795097,0.00260812466020863,0.00310595089783146
2019-01-02,-0.00668708329489276,-0.00347557198246712,-0.00561674357927496,-0.00619954510295365,-0.00668708329489276,-0.00347557198246712,-0.00561674357927496,-0.00619954510295365,-0.0110076356122732
2019-01-03,-0.000197763124630268,-0.00442310585446237,-0.00660907979966567,-0.00693352055363428,-0.000197763124630268,-0.00442310585446237,-0.00660907979966567,-0.00693352055363428,-0.00969841030788957
2019-01-04,3.17208636504418e-05,-0.00612825865937799,-0.000785118361332215,0.00159185332326081,3.17208636504418e-05,-0.00612825865937799,-0.000785118361332215,0.00159185332326081,0.00581937814582636
2019-01-07,0.0030620990978194,0.00666860170189365,0.00499853558194766,0.00475603122094831,0.0030620990978194,0.00666860170189365,0.00499853558194766,0.00475603122094831,0.00228489874097981
2019-01-08,-0.000350563815941451,-0.00037907940072307,0.00100835869665409,0.00263298006893245,-0.000350563815941451,-0.00037907940072307,0.00100835869665409,0.00263298006893245,0.00211064316219046
2019-01-09,0.0100863114215874,0.00645699248268627,0.00732003267536359,0.00740667949123841,0.0100863114215874,0.00645699248268627,0.00732003267536359,0.00740667949123841,0.000908046963236864
2019-01-10,-0.000185672357636335,-0.000191237274124123,-0.00197917708728782,-0.00321471611357066,-0.000185672357636335,-0.000191237274124123,-0.00197917708728782,-0.00321471611357066,0.000831517181410932
2019-01-11,0.00612877314902849,0.00250073144208496,0.00210511153701468,0.000900595375498442,0.00612877314902849,0.00250073144208496,0.00210511153701468,0.000900595375498442,-0.00243916903413386
2019-01-14,-0.00138631854371163,-0.0036108820380778,-0.00528574327963279,-0.00583673137110813,-0.00138631854371163,-0.0036108820380778,-0.00528574327963279,-0.00583673137110813,-0.00529953958968126
2019-01-15,0.00959232774116781,0.0200830101084237,0.0158450746119239,0.013282761617493,0.00959232774116781,0.0200830101084237,0.0158450746119239,0.013282761617493,0.00930588921294003
2019-01-16,-0.00732501434277033,-0.00198092039459874,-0.00194675190850376,-0.00070317749216442,-0.00732501434277033,-0.00198092039459874,-0.00194675190850376,-0.00070317749216442,-5.02483279079895e-05
2019-01-17,-0.00151518720194532,0.00263837464383226,0.00319376679092583,0.00280505350179208,-0.00151518720194532,0.00263837464383226,0.00319376679092583,0.00280505350179208,-0.00214963550678045
2019-01-18,-0.0064059782602649,-7.01207117002611e-05,-0.000767362558047805,-0.00122986539911374,-0.0064059782602649,-7.01207117002611e-05,-0.000767362558047805,-0.00122986539911374,-0.00719620760487975
2019-01-21,-0.00181126757598116,0.00155933682375275,0.00215599370379064,0.00231735582878961,-0.00181126757598116,0.00155933682375275,0.00215599370379064,0.00231735582878961,-0.00297510312369986
2019-01-22,0.000740899966836794,0.000243572315673457,-0.00118198442224608,-0.00135288267907396,0.000740899966836794,0.000243572315673457,-0.00118198442224608,-0.00135288267907396,-0.000446567270493384
2019-01-23,-0.0169195640222384,-0.0108786462841232,-0.0104945352507055,-0.00997655619386376,-0.0169195640222384,-0.0108786462841232,-0.0104945352507055,-0.00997655619386376,-0.00362233662233259
2019-01-24,0.00151143256073216,0.00427888238227114,0.00252241609844013,0.00203517779917839,0.00151143256073216,0.00427888238227114,0.00252241609844013,0.00203517779917839,-0.000992537316887754
2019-01-25,-0.00328542777171381,0.000608356162194013,-0.00137131352784281,-0.00241369658334992,-0.00328542777171381,0.000608356162194013,-0.00137131352784281,-0.00241369658334992,-0.0155815038335109
2019-01-28,-0.0124422463810169,-0.00353312890195873,-0.00865747963571117,-0.0107549294721354,-0.0124422463810169,-0.00353312890195873,-0.00865747963571117,-0.0107549294721354,-0.01420807506937
2019-01-29,0.00653930465663732,0.00711218033316119,0.00350783619294566,0.00188346281134649,0.00653930465663732,0.00711218033316119,0.00350783619294566,0.00188346281134649,0.00174391333696723
2019-01-30,-0.00991428748744427,-0.00417231810077801,-0.00128500733111436,0.00140804440339765,-0.00991428748744427,-0.00417231810077801,-0.00128500733111436,0.00140804440339765,0.00317713455225005
2019-01-31,0.0114264634562806,0.0137136958456575,0.0145006203614579,0.0152552777505118,0.0114264634562806,0.0137136958456575,0.0145006203614579,0.0152552777505118,0.00858783008357924
2019-02-01,0.0120193032736874,0.0139600580935092,0.00604217529095058,0.00261260842241294,0.0120193032736874,0.0139600580935092,0.00604217529095058,0.00261260842241294,0.00269564011050262
2019-02-04,0.00193832218708123,-0.00219274455709734,-0.000179852562744665,0.000794277564217655,0.00193832218708123,-0.00219274455709734,-0.000179852562744665,0.000794277564217655,-0.00645359598449655
2019-02-05,-0.000706419024987914,-0.00443662241552711,-0.00188354538309647,-0.000630155664297083,-0.000706419024987914,-0.00443662241552711,-0.00188354538309647,-0.000630155664297083,-0.00318283023857775
2019-02-06,0.0201361369809707,0.0145902698505356,0.010818445349891,0.0093115364407082,0.0201361369809707,0.0145902698505356,0.010818445349891,0.0093115364407082,0.00978529271745903
2019-02-07,0.00188363626847776,0.00489281416786924,0.00349988391856892,0.00248609041574965,0.00188363626847776,0.00489281416786924,0.00349988391856892,0.00248609041574965,0.00705832634634548
2019-02-08,-0.00410677411787985,-0.0102684249315649,-0.00811729479831343,-0.00693433116374778,-0.00410677411787985,-0.0102684249315649,-0.00811729479831343,-0.00693433116374778,-0.0107957524187206
2019-02-11,0.00494734150375176,0.00179259156588096,0.000242718529558335,-0.000428019397898993,0.00494734150375176,0.00179259156588096,0.000242718529558335,-0.000428019397898993,-0.0106907357144106
2019-02-12,-0.00996441638352019,-0.00829585465914401,-0.00808053000980128,-0.00805322084552804,-0.00996441638352019,-0.00829585465914401,-0.00808053000980128,-0.00805322084552804,-0.00378964091575206
2019-02-13,0.00646292575011298,0.00178342603320109,-0.000413062877186491,-0.00146995705133113,0.00646292575011298,0.00178342603320109,-0.000413062877186491,-0.00146995705133113,-0.00485542348390338
2019-02-14,-0.0112209974387839,-0.00539054289636925,-0.000774612240702151,0.000211213467104926,-0.0112209974387839,-0.00539054289636925,-0.000774612240702151,0.000211213467104926,0.0027737815372814
2019-02-15,-0.00290356052930385,-0.00383447719061769,-0.0044485023586985,-0.00497106867632557,-0.00290356052930385,-0.00383447719061769,-0.0044485023586985,-0.00497106867632557,-0.00861165269524244
2019-02-18,-0.00989983176723075,-0.0108179594352059,-0.00864252305944657,-0.00778823977380988,-0.00989983176723075,-0.0108179594352059,-0.00864252305944657,-0.00778823977380988,-0.00776460458680318
2019-02-19,-0.0207870986450668,-0.00962415840538261,-0.0062761920146834,-0.00442009410456487,-0.0207870986450668,-0.00962415840538261,-0.0062761920146834,-0.00442009410456487,0.00292511037564432
2019-02-20,0.017997168215085,0.00975123783945353,0.00948131392858957,0.00964666064251846,0.017997168215085,0.00975123783945353,0.00948131392858957,0.00964666064251846,0.0120654480546895
2019-02-21,-0.00131735801649879,0.00128501905174722,0.0020316649669071,0.00242254634509606,-0.00131735801649879,0.00128501905174722,0.0020316649669071,0.00242254634509606,0.00882452757126431
2019-02-22,0.00614558670475884,0.00435634640914861,0.00031536680333429,-0.00147168241573961,0.00614558670475884,0.00435634640914861,0.00031536680333429,-0.00147168241573961,0.00453953096455757
2019-02-25,0.0203388712910357,0.0116376912096675,0.0114831844578362,0.0113264378961306,0.0203388712910357,0.0116376912096675,0.0114831844578362,0.0113264378961306,0.0049696311974712
2019-02-26,-0.000881005669233659,-0.00169242530494662,-0.00335283315114173,-0.00441348356685997,-0.000881005669233659,-0.00169242530494662,-0.00335283315114173,-0.00441348356685997,-0.00231037803488095
2019-02-27,-0.00547311548672869,-0.00413278829482394,-0.00478335665044727,-0.00501268308821015,-0.00547311548672869,-0.00413278829482394,-0.00478335665044727,-0.00501268308821015,0.000377219075354177
2019-02-28,-0.0106980537214544,-0.00379080232498946,-0.00238084215354691,-0.00187340683474463,-0.0106980537214544,-0.00379080232498946,-0.00238084215354691,-0.00187340683474463,0.00376473838036668
2019-03-01,0.00739473873429697,0.00604373655952803,0.00319582437301869,0.00476693415871019,0.00739473873429697,0.00604373655952803,0.00319582437301869,0.00476693415871019,0.0120544151619873
2019-03-05,-0.011622986574273,0.00269672321279313,0.00207803696857867,0.00627480103524947,-0.011622986574273,0.00269672321279313,0.00207803696857867,0.00627480103524947,0.0192072939375023
2019-03-06,0.00452941722633171,0.00577168034307707,0.00390956786999933,0.0035817135976558,0.00452941722633171,0.00577168034307707,0.00390956786999933,0.0035817135976558,0.00596377587356913
2019-03-07,-0.00972147551581792,-0.00345517958686148,-0.0022482547580153,-0.000428829915918916,-0.00972147551581792,-0.00345517958686148,-0.0022482547580153,-0.000428829915918916,-0.00296153616878141
2019-03-08,-0.0111262120114555,-0.00531265118549074,-0.00354176745699382,-0.00268142637947,-0.0111262120114555,-0.00531265118549074,-0.00354176745699382,-0.00268142637947,-0.00125678704222523
2019-03-11,-0.00131302135442557,0.00370907741839094,0.00271318533691138,0.00387967922518093,-0.00131302135442557,0.00370907741839094,0.00271318533691138,0.00387967922518093,0.0164696075888695
2019-03-12,-0.000255703715527189,0.00731242625435918,0.00494060485531589,0.00796974810381665,-0.000255703715527189,0.00731242625435918,0.00494060485531589,0.00796974810381665,0.00907910224201976
2019-03-13,-0.00270684605167593,0.00447678312081934,0.00306722985428924,0.00617277550654532,-0.00270684605167593,0.00447678312081934,0.00306722985428924,0.00617277550654532,-0.00302963358719901
2019-03-14,-0.00537309094126248,-0.00295618000205677,-0.00188153693020891,-0.00107530447000642,-0.00537309094126248,-0.00295618000205677,-0.00188153693020891,-0.00107530447000642,0.00149056011782127
2019-03-15,0.0187504235708718,0.0169880450344773,0.0113791612938889,0.01249628809102,0.0187504235708718,0.0169880450344773,0.0113791612938889,0.01249628809102,0.00518214255788528
2019-03-18,-0.0120372035394919,-0.00341563152923968,-0.00210653638564055,0.000246435846846499,-0.0120372035394919,-0.00341563152923968,-0.00210653638564055,0.000246435846846499,0.00130549972506914
2019-03-19,0.00886080011278523,0.00625994538800956,0.00423886003376535,0.00463012434798488,0.00886080011278523,0.00625994538800956,0.00423886003376535,0.00463012434798488,0.00531330889035099
2019-03-20,0.00669047518486021,0.00481478762651633,0.00320985841767755,0.00294761808259025,0.00669047518486021,0.00481478762651633,0.00320985841767755,0.00294761808259025,-0.00239972275997166
2019-03-22,-0.00308707200543645,-0.0051644976833925,-0.00333025208511043,-0.00459016903777859,-0.00308707200543645,-0.0051644976833925,-0.00333025208511043,-0.00459016903777859,-0.00508621741959958
2019-03-25,-0.00863108103614552,-0.00943377408137136,-0.00605721341949568,-0.00708922770631581,-0.00863108103614552,-0.00943377408137136,-0.00605721341949568,-0.00708922770631581,-0.0101951163186889
2019-03-26,-0.00390920620944835,0.00576557825870061,0.00390134342282885,0.00805681707995604,-0.00390920620944835,0.00576557825870061,0.00390134342282885,0.00805681707995604,0.0110344112656794
2019-03-27,-0.00111964583834268,-0.00139556452119677,-0.000872761723825518,0.000497026437999398,-0.00111964583834268,-0.00139556452119677,-0.000872761723825518,0.000497026437999398,0.00162411622071032
2019-03-28,0.0148224388758755,0.0143807627494418,0.00965787180309841,0.0105808441278084,0.0148224388758755,0.0143807627494418,0.00965787180309841,0.0105808441278084,0.0116900419769251
2019-03-29,0.00394578464901874,0.00476933522254197,0.00317955681502798,0.00243625960507798,0.00394578464901874,0.00476933522254197,0.00317955681502798,0.00243625960507798,0.00846997649410644
2019-04-01,-0.00527607490774512,0.00415851825477401,0.00209388335550879,0.00171721904564025,-0.00527607490774512,0.00415851825477401,0.00209388335550879,0.00171721904564025,0.00290167970832284
2019-04-02,-0.00397776165971719,0.00267598392196322,0.00022070210503744,-0.00192692051410162,-0.00397776165971719,0.00267598392196322,0.00022070210503744,-0.00192692051410162,0.000545159424750364
2019-04-03,-0.00236064080123743,-0.00197600545791105,-0.00768982162163334,-0.00890401361843113,-0.00236064080123743,-0.00197600545791105,-0.00768982162163334,-0.00890401361843113,-0.00733152543237072
2019-04-04,-8.18723632918239e-05,-0.00687438686038494,-0.00795398472714622,-0.00370201539226356,-8.18723632918239e-05,-0.00687438686038494,-0.00795398472714622,-0.00370201539226356,-0.00141684967318984
2019-04-05,0.00124375455884773,0.00628195544644017,0.00706065704144835,0.00551600100351179,0.00124375455884773,0.00628195544644017,0.00706065704144835,0.00551600100351179,0.00656419194752777
2019-04-08,-0.00459392935588243,0.00100591088905072,-0.00432861770385429,-0.00399215861315971,-0.00459392935588243,0.00100591088905072,-0.00432861770385429,-0.00399215861315971,-0.00632984339992694
2019-04-09,-0.00485349548293401,0.000486710525177791,0.00217136958533182,0.00404597651602523,-0.00485349548293401,0.000486710525177791,0.00217136958533182,0.00404597651602523,0.00379308991123055
2019-04-10,0.000758114852074332,-0.0034193993350054,-0.00298193102832115,-0.000238899828541084,0.000758114852074332,-0.0034193993350054,-0.00298193102832115,-0.000238899828541084,-0.00267359908328181
2019-04-11,0.00418738671747931,-0.00179368552523029,0.00197113393279043,0.00103377827172804,0.00418738671747931,-0.00179368552523029,0.00197113393279043,0.00103377827172804,0.00114733102848634
2019-04-12,-0.00256744310897816,-0.000139035589845626,0.000259955547385967,0.00113473003271097,-0.00256744310897816,-0.000139035589845626,0.000259955547385967,0.00113473003271097,0.00379512628643311
2019-04-15,0.006096988046145,0.00941519896190901,0.00490769405345045,0.00344973474679469,0.006096988046145,0.00941519896190901,0.00490769405345045,0.00344973474679469,0.00436671917901901
2019-04-16,0.0123351100688212,0.00527375950474207,0.00619125197586423,0.0046454576487347,0.0123351100688212,0.00527375950474207,0.00619125197586423,0.0046454576487347,0.00327313970086861
2019-04-18,0.00124598599461634,0.000449188194167283,0.00439798853214686,0.00308877603780758,0.00124598599461634,0.000449188194167283,0.00439798853214686,0.00308877603780758,-0.00883513564153423
2019-04-22,-0.00219937471100162,0.00111784821024208,-0.00974647314958428,-0.0106169356786951,-0.00219937471100162,0.00111784821024208,-0.00974647314958428,-0.0106169356786951,-0.0153297432246997
2019-04-23,0.00777491506874317,0.00437248084500708,0.00546874306482888,0.00688424132384963,0.00777491506874317,0.00437248084500708,0.00546874306482888,0.00688424132384963,-0.00117953485880259
2019-04-24,0.00919909502262439,0.0109112349662055,0.0145047042678816,0.0127479524389448,0.00919909502262439,0.0109112349662055,0.0145047042678816,0.0127479524389448,0.00784173533016056
2019-04-25,-0.00170602556572341,-0.00127673971417547,-0.00161693033668098,-0.00164772115623388,-0.00170602556572341,-0.00127673971417547,-0.00161693033668098,-0.00164772115623388,-0.00509953047583174
2019-04-26,-0.0119990792827388,-0.00136175925534959,0.00360695435710501,0.00321236008226447,-0.0119990792827388,-0.00136175925534959,0.00360695435710501,0.00321236008226447,0.00269048116977036
2019-04-30,0.00863825093886006,0.0104066020800601,0.0101396688889797,0.00604085493169576,0.00863825093886006,0.0104066020800601,0.0101396688889797,0.00604085493169576,-0.00709967380915201
2019-05-02,-0.00345005444999563,-0.00450186070213326,-0.0048029517635705,-0.00394952562173911,-0.00790513388644498,-0.0129820465767241,-0.00967258670257306,-0.00731550491613818,-0.00283867193524319
2019-05-03,-0.00103416672907319,-0.000792644422081823,-0.00108946905954199,0.0031199060793593,-0.00168311833446233,-0.0103145969707412,-0.00706010535219096,-0.00423764951713423,-2.99898569588854e-05
2019-05-06,-0.00808675050899177,-0.00522381487126866,-0.0120298775239345,-0.0126781516242758,-0.0256420028292662,-0.012248012460294,-0.00895230138471118,-0.00987184022140716,-0.00962457878902152
2019-05-07,-0.00803391591319957,-0.0118954571393079,-0.00903929285606235,-0.00972958585874617,-0.00332696428957124,-0.000906889409279188,-0.00585692572799153,-0.0066259798919332,-0.00911579590194101
2019-05-08,-0.00736974751298236,-0.0120986931338149,-0.00863434309952234,-0.0117408197454849,-0.00170564303093723,-0.00315070996124495,-0.00770968622571244,-0.00876188531188685,-0.0126425248342109
2019-05-09,-0.00521807992202727,-0.00943248292581361,-0.00493649645807067,-0.00288915384652857,0.00405547647741522,0.00424595817064966,-0.00171832319610021,-0.00214557875626747,-0.000969922512150212
2019-05-10,-0.00556755095117434,-0.00772572053436965,-0.00225186018593282,-0.00166126166979116,0.00869586051094084,-0.00133122785515549,-0.00418211527595865,-0.00162293893262663,0.00175634251880516
2019-05-13,-0.0192408349559283,-0.0200431000567643,-0.0150442254137023,-0.0160632309524076,-0.00504647612757836,-0.00234495993674266,-0.00851176167702853,-0.00777222200836444,-0.0188229782974238
2019-05-14,0.0090375062158754,0.012142923529158,0.00782064942927256,0.00779975937242391,-0.000823898770498377,-0.00644618379919415,0.000785324414684116,0.00153213385325418,0.00681431229027237
2019-05-15,-0.013259991661948,-0.00932416046993378,-0.00609878184539614,-0.00376345688831453,0.00035197540367915,0.000622354501579325,-0.00138120675825363,-0.00137578775828165,-0.00771780054681263
2019-05-16,0.0181059163313952,0.0158921135378122,0.0125574992980465,0.0121579268362661,0.00588827081851506,0.00800518857118049,0.00989622929553002,0.00980323110479253,0.00591190957768712
2019-05-17,0.00709325286220075,0.00593805190249419,0.00617926204341579,0.00534182903357239,0.00666168232525899,0.000487704354981966,0.00191941988425052,0.00783384802806794,0.0096794400235569
2019-05-20,0.0521998297604345,0.0477391816346336,0.040176694043457,0.0444051478686133,0.0250517188611037,0.0164657494082895,0.0254033441084706,0.0305554774467925,0.037804343244253
2019-05-21,-0.0156357952745412,-0.0123042881036034,-0.00639643560693444,-0.00575059902910546,0.00541926938640347,-0.00359315834292256,-0.00538636587283692,-0.00664313737060157,-0.00950463092287401
2019-05-22,-0.00182059156756142,0.00172475590811444,-0.000132181089999128,0.000831687482660742,-0.00384605508622626,-0.00511849835511519,-0.00165563110881336,0.000119532814643691,0.00197075934741343
2019-05-23,0.0185889130411505,0.00763564982244996,0.00143107294085176,0.0022346844941637,-0.0109780808223446,-0.00955186166559707,-0.00747377890914824,-0.0080311353377221,-0.00250094927698918
2019-05-24,0.0306146882756608,0.0212737110422784,0.0144878625203086,0.0219515106105116,0.000916165476369191,0.00145475564391107,0.00494741503223935,0.0090064768221918,0.0212415842347304
2019-05-27,0.0246958354819882,0.0156261863697034,0.012999279425604,0.0152180030532104,0.00774546553740518,0.00344943829269551,0.00448513794760319,0.0070067947204176,0.0108694996128088
2019-05-28,-0.00746246370800485,-0.000963891722868426,-0.00182762405148014,-0.00108778458455849,-0.00355508870870358,0.00482412409138105,0.00506097614834337,0.00285099391894877,0.00150303553245903
2019-05-29,-0.00888143012197762,-0.00874561177785177,-0.00434519831408997,-0.00465581743974372,0.00445562861343363,0.00551240822893706,0.000805007674716066,-0.000988499769672496,-0.00639092678998967
2019-05-30,-0.000818521983161902,0.00372423160503482,0.00207462878938447,0.00126364990826544,-0.00122457684191624,0.00354021965421153,0.0051158081672182,0.00672612891261679,0.00459836312013164
2019-05-31,-0.00913827249403598,-0.000532828048365908,0.00222523964383459,0.00109173150186659,0.00774137502823558,0.00897451859341469,0.00867388452804452,0.00583652815771693,-0.00166247573453645
2019-06-03,0.00740841237247819,0.00994739943053055,0.00966339116983084,0.0106800957452704,0.0174659243295687,0.0132806494890001,0.01106803434548,0.0107918806037051,0.0102827200363262
2019-06-04,-0.00367919961271601,-0.0135960385638534,-0.00969741625857819,-0.00780518245806328,-0.000368815827185953,-0.00113449373760688,-0.00143691470430973,-0.00141721507196221,-0.00460361170940601
2019-06-06,-0.0175569304525282,-0.0221205512345044,-0.0212250363721421,-0.0218598685455667,0.0025716989220903,-0.00843115386266363,-0.0133409176464913,-0.0157212461337179,-0.0170243993323475
2019-06-07,-0.0048138745095454,-0.00103738948286947,0.00233462707032062,0.00434361226886815,-0.000329181742771301,0.00437473921696474,0.00517558474836129,0.00543705258453703,0.000320008116613617
2019-06-10,0.00301494218599885,0.00276500186042861,0.00137197036018144,0.000648540190003072,0.00641295280812848,0.00249943008390779,0.0013169173511558,0.000621493285962726,0.00107185056432171
2019-06-11,0.00105701261808822,0.0012035331340231,0.00181611342008344,0.00170191939656672,0.00307082073526854,0.00305604736373633,0.00452355563642056,0.00536147141985954,0.00423485432501128
2019-06-12,-0.0203920015838448,-0.0136814773865895,-0.0122391230681815,-0.0123066335127659,-0.00536046455553341,-0.00735743949344947,-0.00810105135427745,-0.00863519190578441,-0.00790337966260448
2019-06-13,0.00636620856911874,0.00478282660582141,0.00617019855544069,0.0074774004060259,0.000963688185585898,0.00495431532013257,0.00341515508940534,0.00172841079036609,-9.97614195121129e-05
2019-06-14,-0.020986042775379,-0.0179041816123249,-0.0147287166158764,-0.012965644635659,-0.00541355429473322,-0.00689567045885625,-0.00848974910098169,-0.00976349499014323,-0.00885447786418339
2019-06-17,-0.0133333333333333,-0.017505991651705,-0.0154999584415152,-0.015330020395256,-0.0143859460962046,-0.0129369190586701,-0.0123385504218089,-0.01197862031594,-0.0143872082858421
2019-06-18,0.000727650727650575,0.00662886677463792,0.00478032769902829,0.0036749434506772,0.000299802130593774,0.000691525839201401,0.00131676963545739,0.00144883570087667,-1.70689265745875e-05
2019-06-19,0.0110453239153769,0.000838314275261764,0.00171409514849186,0.00131359183176136,0.00821100632281913,0.00583833160888558,0.00401399425756062,0.00289441412634875,-0.00504831038108741
2019-06-20,0.0193493150684931,0.0218800375669193,0.0192447133297312,0.0186281079344354,0.0147699835179536,0.0143720241866543,0.0148854895547243,0.015439314126089,0.0161257859142783
2019-06-21,-0.00477070384679978,-0.00299554638946492,-0.00484077980311537,-0.00526884156488452,-0.00137032970371376,-0.00495078816706501,-0.00495445738449026,-0.00542897147445021,-0.0046925395332592
2019-06-24,-0.00975593288998433,-0.00630270005847355,-0.00456390069509305,-0.00354886542279878,-0.00226202802437603,-0.00167416499635403,-0.00140255273579959,-0.00152731650963667,-0.00144741608231212
2019-06-25,0.00944296720529092,0.0105607916673098,0.00981626462383726,0.00874313547698974,0.00225898940578073,0.00529309997133642,0.00619786566956604,0.00660118311265107,0.00661902669675775
2019-06-26,0.0150281989801087,0.0135737691920597,0.0118334596515219,0.0108144345754266,0.00357070877998877,0.00596177467521752,0.00738117240907369,0.00800991370955023,0.00807529981185237
2019-06-27,0.0190311418685121,0.00879777029406176,0.0074291487110788,0.00699281736776949,0.0067560398920854,0.00572397271859915,0.00496213797819086,0.00460461288560543,0.00358363374349162
2019-06-28,0.0047668799791043,-0.00378615082432748,-0.00347661374709707,-0.00334343542141088,0.00263567516997187,-0.000110932211332182,-0.00182525019705552,-0.00306277351621237,-0.00253120827973911
2019-07-01,0.00777618977816869,0.0015376893156267,0.00339645173355326,0.00930576311939547,-0.00220081114691528,0.0040376893156267,0.00558230205766319,0.00534022068559899,0.00600284026134181
2019-07-02,0.00343690394503393,0.00448225175786221,0.00494363593717965,1.27160105776458e-05,0.00552759957069049,0.00448225175786221,0.00204385317369523,0.00299949095422505,0.00181478082938639
2019-07-03,0.00155140108085972,0.000831287333862951,0.00271238371875837,0.00411876127842914,0.000111173586866187,0.000831287333862951,0.00160882944039842,0.00282526620243612,0.00324729119222507
2019-07-04,0.00300054440510933,-0.00460905272812995,-0.00169889246318111,0.00102453443909012,-0.0122186498613692,-0.00460905272812995,-0.00206819082397058,-0.000520786101298798,0.000797473949766819
2019-07-05,-0.000391638723173715,-0.00599522454247542,-0.00456881008760009,-0.0123636528045485,-0.0115988103617771,-0.00599522454247542,-0.003954814449458,-0.00339510613155586,-0.0134611789408113
2019-07-08,-0.0289992200155997,-0.0235041560719374,-0.0268583770580864,-0.0288626148145622,-0.0180090921282751,-0.0235041560719374,-0.0249036416392753,-0.0270694359870526,-0.0247673064074695
2019-07-09,-0.00218306478073271,-0.0253881284588295,-0.0176251146218849,-0.00613959607111508,-0.0485931921369264,-0.0253881284588295,-0.0173034405266016,-0.0135023521319501,0.00454874712383076
2019-07-10,-0.00407472223151106,-0.00617233801085809,-0.00635439411643272,-0.00872447327327497,-0.00826995379020512,-0.00617233801085809,-0.0046278650808261,-0.00515052539251507,-0.00800461134435657
2019-07-11,0.00697029200611343,0.00208853261329173,0.00404188045099618,0.00626442232978255,-0.00279322677952998,0.00208853261329173,0.00351595517930629,0.00462411041608099,0.0093729915873132
2019-07-12,-0.00285464820459114,-0.00136274827071886,-0.00105411282449193,0.000527561024289191,0.000129151663153415,-0.00136274827071886,-0.00213434086527953,-0.00170996613196917,0.000687700676480231
2019-07-15,-0.000127566738768681,-0.00238377038480242,-0.00176279604479553,-0.00158599279477098,-0.00463997403083616,-0.00238377038480242,-0.00328298457171701,-0.0025924502699832,-0.00169893324644162
2019-07-16,0.00449079822994047,0.00893667216187843,0.00784419152180615,0.0106135204204056,0.0133825460938164,0.00893667216187843,0.00732500099374859,0.00690855830572684,0.00750353547882394
2019-07-17,0.00465075843801599,0.00102135821842658,0.0017494412692417,0.00172529070044045,-0.00260804200116282,0.00102135821842658,0.00255000374509788,0.00271390465154139,0.000899040284687504
2019-07-18,0.00110775001549612,-0.0055646422284944,-0.00415385893774289,-0.00681196779505014,-0.0122370344724849,-0.0055646422284944,-0.00701655304036497,-0.0055954878693337,-0.0116093342243717
2019-07-19,-0.0181819407883848,-0.0106712172488991,-0.0133988577450349,-0.0137519347701883,-0.0031604937094134,-0.0106712172488991,-0.0143463767890586,-0.0154733172761206,-0.0173085991683917
2019-07-22,-0.0251558621981487,-0.0149229275231267,-0.0169739670056377,-0.0155389022017932,-0.00468999284810478,-0.0149229275231267,-0.0152387455417622,-0.0166980706489866,-0.0050614029628568
2019-07-23,-0.00720944144762725,-0.00258425799788936,-0.0043650368354868,-0.00078743145980234,0.00204092545184853,-0.00258425799788936,-0.00350815098045532,-0.0046127618630119,-0.00271986427074931
2019-07-24,-0.0014341657903395,-0.00551371182435834,-0.00687423294088859,-0.00760919141294689,-0.00959325785837717,-0.00551371182435834,-0.00568843996002096,-0.00666514876350299,-0.010754197088411
2019-07-25,0.00152861435566587,0.00164060376381781,0.00261426210716379,0.0022641048667903,0.00175259317196974,0.00164060376381781,0.00213965374828066,0.00274513500967444,0.00288620100761864
2019-07-26,0.00584515405699881,0.00575898628606542,0.00601266011607645,0.00513241168357575,0.00567281851513202,0.00575898628606542,0.00707840130336646,0.00693880292154947,0.00511154518422501
2019-07-29,-0.00410009017248214,-0.0106954552730065,-0.00947335859582332,-0.00943095183908529,-0.0172908203735308,-0.0106954552730065,-0.00746414985271819,-0.0073554036999029,-0.0134863821336687
2019-07-30,-0.00882060687475406,-0.0104958657587451,-0.0104407056225729,-0.0112886252299484,-0.0121711246427361,-0.0104958657587451,-0.0127352754035493,-0.0121340528902192,-0.0154626973262338
2019-07-31,-0.000532113954249902,-0.00162358018130065,0.00025662636231083,-0.000409152890533088,-0.00271504640835141,-0.00162358018130065,-0.000105660992133087,0.000925014118283635,0.00531916390898606
2019-08-01,-0.013217485698532,-0.0147113869589308,-0.0155069912660873,-0.0115457274550873,-0.013217485698532,-0.0147113869589308,-0.0163403245994207,-0.0121707274550873,-0.0123038010358217
2019-08-02,-0.00748946250043536,-0.00348901496710341,-0.00179791561493022,-6.34250818657422e-05,-0.00748946250043536,-0.00348901496710341,-0.00179791561493022,-6.34250818657422e-05,-0.000689521794422939
2019-08-05,-0.0178295661940195,-0.0157512017289996,-0.0152149160010591,-0.0147845182051987,-0.0178295661940195,-0.0157512017289996,-0.0152149160010591,-0.0147845182051987,-0.0134342991657653
2019-08-06,0.0176529445397371,0.016604012717699,0.017413258388136,0.0172119908315335,0.0176529445397371,0.016604012717699,0.017413258388136,0.0172119908315335,0.0123835125259479
2019-08-07,-0.0142215043191234,-0.0114919803275951,-0.0106549607010314,-0.00912142237001118,-0.0142215043191234,-0.0114919803275951,-0.0106549607010314,-0.00912142237001118,-0.00618610510604769
2019-08-08,0.0184875146938339,0.0160752362269017,0.0149352928533569,0.0138459342103294,0.0184875146938339,0.0160752362269017,0.0149352928533569,0.0138459342103294,0.0116238008987687
2019-08-09,0.0081841074426412,0.0117878493155301,0.013470441279012,0.0131098943147669,0.0081841074426412,0.0117878493155301,0.013470441279012,0.0131098943147669,0.00823794175606256
2019-08-13,-0.010095053077083,-0.0199540959240612,-0.0223945611704979,-0.0175837178586972,-0.010095053077083,-0.0199540959240612,-0.0223945611704979,-0.0175837178586972,-0.0181240473433949
2019-08-14,0.00581741720693874,0.00757208739159043,0.00859825642935704,0.00764438381962668,0.00581741720693874,0.00757208739159043,0.00859825642935704,0.00764438381962668,0.00848601959664835
2019-08-16,0.00285704330859549,0.00279230140634257,0.00361962393368002,0.00107721984887435,0.00285704330859549,0.00279230140634257,0.00361962393368002,0.00107721984887435,0.00260085468237045
2019-08-19,0.00625369141507148,0.00274840859358272,0.000837020733803503,0.00438850824525919,0.00625369141507148,0.00274840859358272,0.000837020733803503,0.00438850824525919,0.001725694129757
2019-08-20,-0.0111521596519698,-0.00884825311416998,-0.00915917672186369,-0.00527597090320678,-0.0111521596519698,-0.00884825311416998,-0.00915917672186369,-0.00527597090320678,-0.00636003206105961
2019-08-21,-0.0199371508379887,-0.013741976439069,-0.0126496675973914,-0.0138633322334392,-0.0199371508379887,-0.013741976439069,-0.0126496675973914,-0.0138633322334392,-0.0140067152215326
2019-08-22,-0.0616338309166696,-0.0432215708281631,-0.0371229687142608,-0.0287327323988626,-0.0616338309166696,-0.0432215708281631,-0.0371229687142608,-0.0287327323988626,-0.0198066793419772
2019-08-23,0.00797296784236323,0.00524864312107198,0.00535363039565991,0.00471948460854793,0.00797296784236323,0.00524864312107198,0.00535363039565991,0.00471948460854793,0.00986690324146184
2019-08-26,0.0374025387020227,0.0387062574445005,0.0382080225076195,0.0320057191125334,0.0374025387020227,0.0387062574445005,0.0382080225076195,0.0320057191125334,0.0189796260454093
2019-08-27,0.0114733861012271,0.00902931564438414,0.00865240110028938,0.00977943103394058,0.0114733861012271,0.00902931564438414,0.00865240110028938,0.00977943103394058,0.0072465949266714
2019-08-28,0.0237274750520498,0.00905151452199499,0.00391969512650825,0.00189684329035314,0.0237274750520498,0.00905151452199499,0.00391969512650825,0.00189684329035314,-0.006171032157979
2019-08-29,0.00434797854062197,-0.00713517515636675,-0.0101499034554955,-0.00802320803882875,0.00434797854062197,-0.00713517515636675,-0.0101499034554955,-0.00802320803882875,-0.00477562371260085
2019-08-30,0.0127779911322137,0.00951089999804067,0.00938526077221824,0.00987079582446077,0.0127779911322137,0.00951089999804067,0.00938526077221824,0.00987079582446077,0.00898799318773741
2019-09-03,-0.0225447274983624,-0.0243436071566552,-0.0238315785457332,-0.0229816168137488,-0.0225447274983624,-0.0243436071566552,-0.0238315785457332,-0.0229816168137488,-0.01908348788508
2019-09-04,-0.00179862458120261,-0.00780062042067675,-0.00175575935803122,0.000898922085862452,-0.00179862458120261,-0.00780062042067675,-0.00175575935803122,0.000898922085862452,0.00340161520751692
2019-09-05,-0.0180539853024309,-0.00499537272579853,-0.00707091701054315,-0.00782828759159374,-0.0180539853024309,-0.00499537272579853,-0.00707091701054315,-0.00782828759159374,0.00329671289757402
2019-09-06,-0.00651243118770917,0.00338566361395698,0.00536885691136598,0.00632480172611366,-0.00651243118770917,0.00338566361395698,0.00536885691136598,0.00632480172611366,0.00756286131852217
2019-09-09,0.00651890482398954,0.00712683325299601,0.00763832798843437,0.00751297384662725,0.00651890482398954,0.00712683325299601,0.00763832798843437,0.00751297384662725,0.00724543398910031
2019-09-11,0.0414507772020725,0.0236854314360289,0.0168755548978381,0.0130594164423634,0.0414507772020725,0.0236854314360289,0.0168755548978381,0.0130594164423634,0.00861931790437617
2019-09-12,-0.00874101713653941,-0.00619485765361671,-0.00304904863921614,-0.00101773620902118,-0.00874101713653941,-0.00619485765361671,-0.00304904863921614,-0.00101773620902118,-0.00169338212751698
2019-09-13,0.0145690286152451,0.0145899773689697,0.0121620147806762,0.0104452940525013,0.0145690286152451,0.0145899773689697,0.0121620147806762,0.0104452940525013,0.00600391628939371
2019-09-16,-0.00958466453674112,-0.000194135938171469,-0.00320063867070645,-0.00476974778940614,-0.00958466453674112,-0.000194135938171469,-0.00320063867070645,-0.00476974778940614,-0.00217211189658542
2019-09-17,-0.0364897676031912,-0.0211772358087774,-0.0218248719348982,-0.0219127205863389,-0.0364897676031912,-0.0211772358087774,-0.0218248719348982,-0.0219127205863389,-0.0201959391567344
2019-09-18,0.014795881632947,0.00939395170391144,0.00640462712836739,0.00490433714145394,0.014795881632947,0.00939395170391144,0.00640462712836739,0.00490433714145394,0.00345542496228123
2019-09-19,-0.0155025009755578,-0.012428919320532,-0.0114493310672742,-0.011179811045931,-0.0155025009755578,-0.012428919320532,-0.0114493310672742,-0.011179811045931,-0.0142710097108409
2019-09-20,0.0390602479100606,0.0580367075670195,0.0625395229950025,0.0641273246796652,0.0390602479100606,0.0580367075670195,0.0625395229950025,0.0641273246796652,0.0519575720622262
2019-09-23,0.0281592453877098,0.0305355210383794,0.0385108385201443,0.0399437195649293,0.0281592453877098,0.0305355210383794,0.0385108385201443,0.0399437195649293,0.0239770835893039
2019-09-24,-0.0131543443065301,-0.00662555159957279,-0.0083962792623683,-0.00847356331427873,-0.0131543443065301,-0.00662555159957279,-0.0083962792623683,-0.00847356331427873,-0.0041245995860418
2019-09-25,-0.0305557454371453,-0.0249265618768466,-0.0230124240780533,-0.022213109751637,-0.0305557454371453,-0.0249265618768466,-0.0230124240780533,-0.022213109751637,-0.017797310504358
2019-09-26,0.0260894091101398,0.0172425705504784,0.0152221684003318,0.0145747032962966,0.0260894091101398,0.0172425705504784,0.0152221684003318,0.0145747032962966,0.0105099210309492
2019-09-27,-0.0226429356789446,-0.0111286910399075,-0.00755951529030348,-0.0056020301848908,-0.0226429356789446,-0.0111286910399075,-0.00755951529030348,-0.0056020301848908,-0.00817183494088054
2019-09-30,-0.0113552469678325,-0.00981235469449204,-0.0132014129720395,-0.0155216236978943,-0.0113552469678325,-0.00981235469449204,-0.0132014129720395,-0.0155216236978943,-0.0141342291696689
2019-10-01,-0.00417668856153191,-0.0029256952712878,-0.00778914993409835,-0.00763030841249027,-0.00417668856153191,-0.0029256952712878,-0.00778914993409835,-0.00763030841249027,-0.0150515093979837
2019-10-03,-0.00011866064879984,-0.00574419448472963,-0.00617643019164375,-0.00100584479427979,-0.00011866064879984,-0.00574419448472963,-0.00617643019164375,-0.00100584479427979,-0.00233680616961997
2019-10-04,-0.020215515459129,-0.0200110251524791,-0.0145635745592423,-0.0122571884290694,-0.020215515459129,-0.0200110251524791,-0.0145635745592423,-0.0122571884290694,-0.0117830548222847
2019-10-07,0.00522309980285951,0.00244833842392667,0.00339980290508316,-0.000899744818144116,0.00522309980285951,0.00244833842392667,0.00339980290508316,-0.000899744818144116,-0.00787837224230875
2019-10-09,0.00270266291627008,0.0164956142405864,0.019235248806464,0.0166406093474248,0.00270266291627008,0.0164956142405864,0.019235248806464,0.0166406093474248,0.0147614299939425
2019-10-10,-0.00327121149013032,-0.0112201981015747,-0.0141717982363599,-0.00903228467913911,-0.00327121149013032,-0.0112201981015747,-0.0141717982363599,-0.00903228467913911,-0.0100459181481522
2019-10-11,0.00323666790685273,0.00348570638911461,0.000978742876026876,-0.000367990444557403,0.00323666790685273,0.00348570638911461,0.000978742876026876,-0.000367990444557403,0.00431390729592059
2019-10-14,-0.0006753703525465,0.000517864324392214,-0.00214611004896215,0.00118220576238193,-0.0006753703525465,0.000517864324392214,-0.00214611004896215,0.00118220576238193,0.00381581600576787
2019-10-15,0.00782805486494609,0.00834676710952642,0.00528623175769135,0.00601528352054928,0.00782805486494609,0.00834676710952642,0.00528623175769135,0.00601528352054928,0.00562633860299592
2019-10-16,0.00284968428327326,0.0042844175134038,0.00219764527943659,0.00418058193398149,0.00284968428327326,0.0042844175134038,0.00219764527943659,0.00418058193398149,0.00336391046050521
2019-10-17,0.0102901185681374,0.0115538846560591,0.0164616353524367,0.0144034384627207,0.0102901185681374,0.0115538846560591,0.0164616353524367,0.0144034384627207,0.0136664578542115
2019-10-18,0.0145375017452465,0.00988235341162325,0.0132872450390415,0.0127465350454724,0.0145375017452465,0.00988235341162325,0.0132872450390415,0.0127465350454724,0.0132155270143853
2019-10-22,0.00865634418632988,0.00928581101762715,0.00685158262864897,0.00634083252879275,0.00865634418632988,0.00928581101762715,0.00685158262864897,0.00634083252879275,0.00196529064900235
2019-10-23,0.00493416084895681,0.00449722453873058,-0.000197116152660715,-0.00371177026115477,0.00493416084895681,0.00449722453873058,-0.000197116152660715,-0.00371177026115477,-0.000420031453104856
2019-10-24,0.00461559747554219,-9.30174288333308e-05,-0.000536159622750036,3.18617968477486e-05,0.00461559747554219,-9.30174288333308e-05,-0.000536159622750036,3.18617968477486e-05,-0.00503039908053769
2019-10-25,-0.0148906362512818,-0.00697763326166884,-0.00451298226326076,-0.00281538889088565,-0.0148906362512818,-0.00697763326166884,-0.00451298226326076,-0.00281538889088565,-0.000624980470737428
2019-10-27,0.000600062833804538,0.00212201958573,0.00174103213386652,0.00222231288594982,0.000600062833804538,0.00212201958573,0.00174103213386652,0.00222231288594982,0.00620240161933451
2019-10-29,0.00579974525706128,0.00741365646111214,0.011628317023281,0.0122991327096402,0.00579974525706128,0.00741365646111214,0.011628317023281,0.0122991327096402,0.0112237232985284
2019-10-30,-0.00149477453253821,0.000120116430011197,0.000213222801094185,0.00322820357354398,-0.00149477453253821,0.000120116430011197,0.000213222801094185,0.00322820357354398,0.00391001153082847
2019-10-31,0.0062261744225065,0.00227177666890055,0.000938811689783899,0.00136705419843305,0.0062261744225065,0.00227177666890055,0.000938811689783899,0.00136705419843305,0.00745158529976923
2019-11-01,-0.0124048148598859,-0.0105275177843045,-0.0053208782198131,-0.00198963249759461,-0.0124048148598859,-0.0105275177843045,-0.0053208782198131,-0.00198963249759461,0.00828888625850363
2019-11-04,-0.0014765487769709,0.000262672180704693,0.00228078043934902,0.000310809293677522,-0.0014765487769709,0.000262672180704693,0.00228078043934902,0.000310809293677522,0.00203485641477814
2019-11-05,-0.0116754728949858,-0.00965061783612942,-0.00647560625271644,-0.00665680023963289,-0.0116754728949858,-0.00965061783612942,-0.00647560625271644,-0.00665680023963289,-0.00686005707863292
2019-11-06,-0.0361999893735721,-0.0195252000959503,-0.00913752633131774,-0.000889510884672262,-0.0361999893735721,-0.0195252000959503,-0.00913752633131774,-0.000889510884672262,-0.000205264531931261
2019-11-07,0.00918152911186954,0.00343772671083592,0.00390641640488095,0.00512036522943374,0.00918152911186954,0.00343772671083592,0.00390641640488095,0.00512036522943374,0.00540945242521306
2019-11-08,-0.00151696990587358,-0.00819895912368768,-0.00609523457233703,-0.000436375343523282,-0.00151696990587358,-0.00819895912368768,-0.00609523457233703,-0.000436375343523282,-0.00821057358135587
2019-11-11,-0.00199250921576533,0.00134455581678361,0.00331025969130542,0.004602517980134,-0.00199250921576533,0.00134455581678361,0.00331025969130542,0.004602517980134,0.00355253655723975
2019-11-13,-0.00255782796222348,-0.000815401848201669,-0.00442575823900334,-0.00785606715347664,-0.00255782796222348,-0.000815401848201669,-0.00442575823900334,-0.00785606715347664,-0.0122631860978659
2019-11-14,0.00734691993242231,0.00252054809306845,0.0050833791060747,0.00325045795329548,0.00734691993242231,0.00252054809306845,0.0050833791060747,0.00325045795329548,-0.000484437376722616
2019-11-15,0.00122428536978969,-0.000678010677880647,0.00130815132131645,0.000334925997200697,0.00122428536978969,-0.000678010677880647,0.00130815132131645,0.000334925997200697,0.00354237401583417
2019-11-18,-0.00045445876358885,-0.000926636950540793,-0.00101609406026067,0.000110051452213045,-0.00045445876358885,-0.000926636950540793,-0.00101609406026067,0.000110051452213045,0.00516027397202445
2019-11-19,-0.00142559951502363,0.00579956111289859,0.00401352220117035,0.00314257444123661,-0.00142559951502363,0.00579956111289859,0.00401352220117035,0.00314257444123661,0.00504513432466018
2019-11-20,-0.00215209796795424,0.00660809277659774,0.00377032568022399,-0.000870137937052373,-0.00215209796795424,0.00660809277659774,0.00377032568022399,-0.000870137937052373,0.00492611555110162
2019-11-21,-0.0133037233026893,-0.0152786061678127,-0.00930371793335501,-0.00561749556720295,-0.0133037233026893,-0.0152786061678127,-0.00930371793335501,-0.00561749556720295,-0.00265803743333209
2019-11-22,-0.00617651902499827,-0.00268522069529187,-0.00338509134541154,-0.00216300424481949,-0.00617651902499827,-0.00268522069529187,-0.00338509134541154,-0.00216300424481949,0.000301604433107821
2019-11-25,0.0131222158740927,0.00796072716429841,0.010172365781436,0.0120488874114606,0.0131222158740927,0.00796072716429841,0.010172365781436,0.0120488874114606,0.0130083353276233
2019-11-26,-0.00656176290310218,-0.0049551925989027,-0.00208614505303129,-0.00391629676093047,-0.00656176290310218,-0.0049551925989027,-0.00208614505303129,-0.00391629676093047,-0.00691575154586618
2019-11-27,0.00295635919348425,0.00609527813347921,0.00543827923752375,0.00246569946884026,0.00295635919348425,0.00609527813347921,0.00543827923752375,0.00246569946884026,0.00467446629153253
2019-11-28,0.0040508699504378,0.00541131291877772,0.00409656628059748,0.00578655818587109,0.0040508699504378,0.00541131291877772,0.00409656628059748,0.00578655818587109,0.00896505619299211
2019-11-29,-0.00328751438149921,-0.0065038850853204,-0.00615860598773462,-0.00212340201007355,-0.00328751438149921,-0.0065038850853204,-0.00615860598773462,-0.00212340201007355,-0.00356115047114232
2019-12-02,-0.0118588022928008,-0.00879177788031526,-0.00771961111171559,-0.00669488496555107,-0.0118588022928008,-0.00879177788031526,-0.00771961111171559,-0.00669488496555107,-0.00334246573179855
2019-12-03,0.00232992499580242,0.000367528737055645,-5.51275550431847e-05,0.00328151166364626,0.00232992499580242,0.000367528737055645,-5.51275550431847e-05,0.00328151166364626,-0.0084020909715066
2019-12-04,0.000667188213276937,0.00408463079232591,0.00466677331228308,0.00400893240085742,0.000667188213276937,0.00408463079232591,0.00466677331228308,0.00400893240085742,0.00689491962888006
2019-12-05,-0.00104067192084223,-0.00236248253620092,-0.0025696291986104,-0.00149194864408111,-0.00104067192084223,-0.00236248253620092,-0.0025696291986104,-0.00149194864408111,-0.00329290004050719
2019-12-06,-0.0181302408132261,-0.0144271005832177,-0.0141443900452315,-0.0127808761381594,-0.0181302408132261,-0.0144271005832177,-0.0141443900452315,-0.0127808761381594,-0.0127575577771067
2019-12-09,0.00241582444187927,0.00300844271182299,0.00304886607243985,-0.00027836879042159,0.00241582444187927,0.00300844271182299,0.00304886607243985,-0.00027836879042159,-0.00130191189145809
2019-12-10,-0.00393241695906732,-0.0027040991662991,-0.00265735310819019,-0.00428117544525539,-0.00393241695906732,-0.0027040991662991,-0.00265735310819019,-0.00428117544525539,-0.00878357679843103
2019-12-11,0.0116552690721248,0.00921199276602636,0.00864823363474998,0.00881202610674053,0.0116552690721248,0.00921199276602636,0.00864823363474998,0.00881202610674053,0.00465940737260713
2019-12-12,0.00595907209646929,0.0074290525609042,0.0080346453172669,0.00816638090446647,0.00595907209646929,0.0074290525609042,0.0080346453172669,0.00816638090446647,0.00808853155169634
2019-12-13,0.0110614016303503,0.00964273713205166,0.00952373774304875,0.0113384710364221,0.0110614016303503,0.00964273713205166,0.00952373774304875,0.0113384710364221,0.00983176940733429
2019-12-16,-0.000949377024847653,-0.000227567769744308,-0.000332231072167917,0.00125424938156277,-0.000949377024847653,-0.000227567769744308,-0.000332231072167917,0.00125424938156277,-0.00318283608569034
2019-12-17,0.0118187760998212,0.010657028683166,0.00963856505349188,0.00654529898884704,0.0118187760998212,0.010657028683166,0.00963856505349188,0.00654529898884704,0.00673394420198704
2019-12-18,0.00123623774845472,0.00283267226931838,0.00275741413235246,0.00375789607943267,0.00123623774845472,0.00283267226931838,0.00275741413235246,0.00375789607943267,0.00155890347604653
2019-12-19,-0.00393765187118844,-0.00359327297438683,-0.00312604628610214,-0.00245537839331994,-0.00393765187118844,-0.00359327297438683,-0.00312604628610214,-0.00245537839331994,0.000896424806273872
2019-12-20,0.00665268703886901,0.0051919802911693,0.0059160073561176,0.00578356150213349,0.00665268703886901,0.0051919802911693,0.0059160073561176,0.00578356150213349,0.00283210647216555
2019-12-23,0.00197114056696179,0.00177949649404907,0.0014279777328341,-4.90291701793488e-07,0.00197114056696179,0.00177949649404907,0.0014279777328341,-4.90291701793488e-07,-0.00102745893667189
2019-12-24,-0.000298682596405087,-0.00168904312674634,-0.00138481419463958,4.53873284474715e-05,-0.000298682596405087,-0.00168904312674634,-0.00138481419463958,4.53873284474715e-05,-0.000643654576799121
2019-12-26,0.00260470633031251,-0.00143703921246668,-0.00218162219052416,-0.00211678891781195,0.00260470633031251,-0.00143703921246668,-0.00218162219052416,-0.00211678891781195,-0.00263901932676389
2019-12-27,0.0103441457579592,0.0105307438626612,0.010123688294713,0.0116184040083548,0.0103441457579592,0.0105307438626612,0.010123688294713,0.0116184040083548,0.00860310825977573
2019-12-30,-0.00110327055964077,-0.00152986736706967,-0.00192103739874735,-0.00113004534133565,-0.00110327055964077,-0.00152986736706967,-0.00192103739874735,-0.00113004534133565,0.00265206191251672
2019-12-31,-0.0045411708028581,-0.00545156553987797,-0.00537350746136789,-0.00226891155313597,-0.0045411708028581,-0.00545156553987797,-0.00537350746136789,-0.00226891155313597,-0.00267422826381703
2020-01-01,-0.00481131930105699,-0.00182911106199543,-0.000920456695243709,0.000308077656136191,-0.00481131930105699,-0.00182911106199543,-0.000920456695243709,0.000308077656136191,0.00137468743130409
2020-01-02,0.010533143880892,0.00949623718561599,0.00968039184802312,0.0104849554698302,0.010533143880892,0.00949623718561599,0.00968039184802312,0.0104849554698302,0.0117312407505044
2020-01-03,-0.0044322176371695,-0.00686904623625362,-0.00700628024512869,-0.00671026925703752,-0.0044322176371695,-0.00686904623625362,-0.00700628024512869,-0.00671026925703752,-0.00363898748314638
2020-01-06,-0.0242554498004298,-0.0244274735321435,-0.0247029482425223,-0.0260886700628915,-0.0242554498004298,-0.0244274735321435,-0.0247029482425223,-0.0260886700628915,-0.021190091016896
2020-01-07,0.0193517935808685,0.0136269282888627,0.0116036271062221,0.0107884029182503,0.0193517935808685,0.0136269282888627,0.0116036271062221,0.0107884029182503,0.00721246638141361
2020-01-08,-0.00345732366105878,-0.00201115715206091,-0.00118368241791019,-0.000527334932315271,-0.00345732366105878,-0.00201115715206091,-0.00118368241791019,-0.000527334932315271,2.10196519958732e-05
2020-01-09,0.0272899049035096,0.0235499919023197,0.0218736078713018,0.0202419663137094,0.0272899049035096,0.0235499919023197,0.0218736078713018,0.0202419663137094,0.0152417330215685
2020-01-10,0.0180919068869858,0.00971595588706442,0.00619179546578567,0.00448273743432676,0.0180919068869858,0.00971595588706442,0.00619179546578567,0.00448273743432676,0.00278955723260099
2020-01-13,0.0208209927733682,0.0112801362670868,0.00881850042187608,0.00841962846652966,0.0208209927733682,0.0112801362670868,0.00881850042187608,0.00841962846652966,0.00693833325083946
2020-01-14,-0.00124757013955379,0.000474981559747345,0.000358470698258229,0.000874694177584234,-0.00124757013955379,0.000474981559747345,0.000358470698258229,0.000874694177584234,0.00345262644281459
2020-01-15,0.0131884731582617,0.00553192060652369,0.00349172840640299,0.00354237511759573,0.0131884731582617,0.00553192060652369,0.00349172840640299,0.00354237511759573,0.00459560657697318
2020-01-16,0.0090028097941397,0.005161409306497,0.00370901834292499,0.00335069924800735,0.0090028097941397,0.005161409306497,0.00370901834292499,0.00335069924800735,0.00403186859730701
2020-01-17,0.00102295976358246,-0.00268057739447752,-0.00371086435743243,-0.00368905006421125,0.00102295976358246,-0.00268057739447752,-0.00371086435743243,-0.00368905006421125,0.000497141407131633
2020-01-20,0.00508118542068825,-0.00439999081667269,-0.00777879985861011,-0.00926485582854272,0.00508118542068825,-0.00439999081667269,-0.00777879985861011,-0.00926485582854272,-0.00691784596919959
2020-01-21,-0.0142344734092129,-0.00899570225371493,-0.00747019810005978,-0.00590198752093693,-0.0142344734092129,-0.00899570225371493,-0.00747019810005978,-0.00590198752093693,-0.000328666353038723
2020-01-22,-0.000859524969200276,-0.00487639396511264,-0.00490627153380097,-0.00466530197159662,-0.000859524969200276,-0.00487639396511264,-0.00490627153380097,-0.00466530197159662,-0.00262058898295647
2020-01-23,0.0211338284632812,0.014444900135271,0.012499824576191,0.0107032124327573,0.0211338284632812,0.014444900135271,0.012499824576191,0.0107032124327573,0.00884980974984995
2020-01-24,0.0031451839370964,0.0061892046120483,0.00699194351984852,0.00727923863044272,0.0031451839370964,0.0061892046120483,0.00699194351984852,0.00727923863044272,0.00582895777163973
2020-01-27,-0.00573876042774768,-0.00930773057688233,-0.00948549576776211,-0.0097409565052361,-0.00573876042774768,-0.00930773057688233,-0.00948549576776211,-0.0097409565052361,-0.00498262139447359
2020-01-28,0.000506799560773707,0.0016025088582039,0.00158592826411493,0.0027746570427219,0.000506799560773707,0.0016025088582039,0.00158592826411493,0.0027746570427219,-0.00371576056219473
2020-01-29,0.0047840157591108,0.00497310665052686,0.00583717313199653,0.00719229422539852,0.0047840157591108,0.00497310665052686,0.00583717313199653,0.00719229422539852,0.00489820345716948
2020-01-30,-0.004117070438314,-0.00404021517755615,-0.0046367597569205,-0.0055985437006002,-0.004117070438314,-0.00404021517755615,-0.0046367597569205,-0.0055985437006002,-0.00958461944099785
2020-01-31,0.0118960571460713,0.00689112296217265,0.00383703428133786,0.00162860489243108,0.0118960571460713,0.00689112296217265,0.00383703428133786,0.00162860489243108,-0.00419687123754459
2020-02-01,-0.0786804146632946,-0.0534270134871643,-0.0486102847581018,-0.0486251127629999,-0.0786804146632946,-0.0534270134871643,-0.0486102847581018,-0.0486251127629999,-0.0306793368895229
2020-02-03,0.0163197586727,0.0197033910829001,0.0146731177304321,0.0122423230595929,0.0163197586727,0.0197033910829001,0.0146731177304321,0.0122423230595929,0.0045591585375707
2020-02-04,0.0277522186934196,0.0160081916131766,0.0202338477451667,0.0229083137043428,0.0277522186934196,0.0160081916131766,0.0202338477451667,0.0229083137043428,0.0188747168530461
2020-02-05,0.0245769075261364,0.0151399424550398,0.0145233787562256,0.015035397501452,0.0245769075261364,0.0151399424550398,0.0145233787562256,0.015035397501452,0.00988625908761781
2020-02-06,-0.000450996420215843,-0.000212889009173989,0.00305047028635101,0.00797012532388489,-0.000450996420215843,-0.000212889009173989,0.00305047028635101,0.00797012532388489,0.0103556793162749
2020-02-07,-0.0183581963283607,-0.00853989784755732,-0.0066872880454362,-0.00494568183289446,-0.0183581963283607,-0.00853989784755732,-0.0066872880454362,-0.00494568183289446,0.00359026742008823
2020-02-10,-0.00996839988509057,-0.00241107434351351,-0.0017371289405553,-0.00139134204040933,-0.00996839988509057,-0.00241107434351351,-0.0017371289405553,-0.00139134204040933,-0.00739076640858356
2020-02-11,0.00217624698952501,0.00117651768552418,0.00291820826990226,0.00297874317037738,0.00217624698952501,0.00117651768552418,0.00291820826990226,0.00297874317037738,0.0044737869631903
2020-02-12,-0.00663037813422906,-0.00558102066071231,-0.00153100264157913,-0.00143573400679031,-0.00663037813422906,-0.00558102066071231,-0.00153100264157913,-0.00143573400679031,-0.000873516780826821
2020-02-13,-0.00451776501792522,-0.00401947050410828,-0.0050678340841996,-0.00450645100484237,-0.00451776501792522,-0.00401947050410828,-0.0050678340841996,-0.00450645100484237,0.000262234949320854
2020-02-14,-0.0110382385664931,-0.0020377649610005,-0.00367695154655578,-0.00392717175211571,-0.0110382385664931,-0.0020377649610005,-0.00367695154655578,-0.00392717175211571,-0.00760394114783116
2020-02-17,-0.014832578381739,-0.0115263620916286,-0.0101522991412705,-0.0102446967132613,-0.014832578381739,-0.0115263620916286,-0.0101522991412705,-0.0102446967132613,-0.0100839622935116
2020-02-18,-0.00943623031614371,-0.000879193905480746,-0.00185175870275115,-0.00296578269108305,-0.00943623031614371,-0.000879193905480746,-0.00185175870275115,-0.00296578269108305,-0.00476957145195479
2020-02-19,0.011164371093987,0.01103527849112,0.0121197068274731,0.0148375449712885,0.011164371093987,0.01103527849112,0.0121197068274731,0.0148375449712885,0.0162818401855668
2020-02-20,0.000120012001199932,0.00154674670088517,0.000805355827954601,0.00165541512477069,0.000120012001199932,0.00154674670088517,0.000805355827954601,0.00165541512477069,0.0027131364247908
2020-02-24,-0.0212095758084838,-0.0215476507045587,-0.0206656788331137,-0.0207132835055186,-0.0212095758084838,-0.0215476507045587,-0.0206656788331137,-0.0207132835055186,-0.0211205321390835
2020-02-25,0.00928678701688801,0.0123969798188883,0.00826368712590604,0.00608732936527101,0.00928678701688801,0.0123969798188883,0.00826368712590604,0.00608732936527101,-0.00381147277732646
2020-02-26,-0.0166413604615853,-0.00564225651032052,-0.00618329746412975,-0.0080094687405774,-0.0166413604615853,-0.00564225651032052,-0.00618329746412975,-0.0080094687405774,-0.0109676147739556
2020-02-27,-0.0242727441171021,-0.0120919637833272,-0.00916059056871647,-0.00820444785881375,-0.0242727441171021,-0.0120919637833272,-0.00916059056871647,-0.00820444785881375,-0.00655907528479726
2020-02-28,-0.0335169008735282,-0.0291293594725981,-0.0317159050352268,-0.0348575271519948,-0.0335169008735282,-0.0291293594725981,-0.0317159050352268,-0.0348575271519948,-0.0362742133908706
2020-03-02,0.00296158396523566,-0.0106521692286728,-0.00873976178586988,-0.00734291031583393,0.00296158396523566,-0.0106521692286728,-0.00873976178586988,-0.00734291031583393,-0.0082804735938026
2020-03-03,0.0146690546414212,0.0130423289820962,0.0145628437443238,0.0126101188090674,0.0146690546414212,0.0130423289820962,0.0145628437443238,0.0126101188090674,0.0198519786646668
2020-03-04,-0.00582804533185544,-0.0137816551562117,-0.00992517327123118,-0.0147750543004185,-0.00582804533185544,-0.0137816551562117,-0.00992517327123118,-0.0147750543004185,-0.00896624186055266
2020-03-05,0.0173068491053221,0.00916408789568834,0.00686679848132214,0.00615855961242479,0.0173068491053221,0.00916408789568834,0.00686679848132214,0.00615855961242479,0.00232132146098887
2020-03-06,-0.00252104232272476,0.000447158642189638,-0.00222631815693045,-0.00978354489883651,-0.00252104232272476,0.000447158642189638,-0.00222631815693045,-0.00978354489883651,-0.0254736265624131
2020-03-09,-0.0352493669462255,-0.0318557410436218,-0.0321057884853227,-0.0382372250381355,-0.0352493669462255,-0.0318557410436218,-0.0321057884853227,-0.0382372250381355,-0.0445004246808742
2020-03-11,0.0111138916180513,-0.00321054926840503,-0.0029232225385023,-0.000794089565174738,0.0111138916180513,-0.00321054926840503,-0.0029232225385023,-0.000794089565174738,-0.00534297913893893
2020-03-12,-0.0740938132579975,-0.0813237349835023,-0.0793579546510719,-0.0814693265107818,-0.0740938132579975,-0.0813237349835023,-0.0793579546510719,-0.0814693265107818,-0.0865034355939908
2020-03-13,-0.00620410047757136,-0.00417673328157492,0.00250990619361369,0.00673300015002873,-0.00620410047757136,-0.00417673328157492,0.00250990619361369,0.00673300015002873,0.0309257586814944
2020-03-16,-0.0485168117087097,-0.0654324824651367,-0.0532696930565904,-0.0590663239674739,-0.0485168117087097,-0.0654324824651367,-0.0532696930565904,-0.0590663239674739,-0.0613443295645034
2020-03-17,0.00985699566417475,-0.000220398292178403,-0.00287817199420304,-0.015009900381996,0.00985699566417475,-0.000220398292178403,-0.00287817199420304,-0.015009900381996,-0.0217605243926641
2020-03-18,-0.0572573263532411,-0.0705435219120706,-0.0649145623141295,-0.0707040016756835,-0.0572573263532411,-0.0705435219120706,-0.0649145623141295,-0.0707040016756835,-0.0578601322693363
2020-03-19,-0.0271763107126981,-0.0408353966328179,-0.0388602721473236,-0.048006225110914,-0.0271763107126981,-0.0408353966328179,-0.0388602721473236,-0.048006225110914,-0.0360043260454408
2020-03-20,0.0518077387311147,0.0380542157072054,0.046837085765981,0.0424536771115222,0.0518077387311147,0.0380542157072054,0.046837085765981,0.0424536771115222,0.0432797343103106
2020-03-23,-0.135295446376458,-0.129021409797495,-0.115510620788999,-0.136311784603828,-0.135295446376458,-0.129021409797495,-0.115510620788999,-0.136311784603828,-0.125123617361564
2020-03-24,0.0139079432966249,0.00587278430803334,0.00994179017989768,0.00961416127897921,0.0139079432966249,0.00587278430803334,0.00994179017989768,0.00961416127897921,0.012898014552318
2020-03-25,0.0194210543637192,0.0288833854504625,0.0244041646208929,0.037274779717747,0.0194210543637192,0.0288833854504625,0.0244041646208929,0.037274779717747,0.0408239163513135
2020-03-26,0.046777212147151,0.0428495013289659,0.0345248298594418,0.040780654661698,0.046777212147151,0.0428495013289659,0.0345248298594418,0.040780654661698,0.0374713875149085
2020-03-27,0.00720710718225814,0.00275566483413392,0.000773825653950788,0.00453544502229067,0.00720710718225814,0.00275566483413392,0.000773825653950788,0.00453544502229067,-0.00192611521264443
2020-03-30,-0.0249547037656896,-0.0257072848511845,-0.0153786166529849,-0.0310409777497157,-0.0249547037656896,-0.0257072848511845,-0.0153786166529849,-0.0310409777497157,-0.0280321697420383
2020-03-31,0.0420661332768659,0.0283479137648389,0.0271300905710753,0.0218518181608272,0.0420661332768659,0.0283479137648389,0.0271300905710753,0.0218518181608272,0.0298811682221675
2020-04-01,-0.0025,-0.0025,-0.0025,-0.0025,-0.0025,-0.0067036329485291,-0.00446908863235273,-0.00397681647426455,-0.024692992575186
2020-04-03,0.000311937166942222,0.000311937166942222,0.000311937166942222,0.000311937166942222,0.000311937166942222,0.00943444591487608,0.00639360966556479,0.00487319154090915,-0.0151033415557714
2020-04-07,0.000426923662336653,0.000426923662336653,0.000426923662336653,0.000426923662336653,0.000426923662336653,0.0318629681737052,0.0213842866699156,0.0161449459180209,0.0646177915478028
2020-04-08,0.000122456249721736,0.000122456249721736,0.000122456249721736,0.000122456249721736,0.000122456249721736,0.023296376452827,0.0155717363851252,0.0117094163512744,0.00954248901403497
2020-04-09,0,0,0,0,0,0.0105588339734718,0.00703922264898119,0.0052794169867359,0.040645281413389
2020-04-13,0.000385875473532415,0.000385875473532415,0.000385875473532415,0.000385875473532415,0.000385875473532415,-0.000434371665010425,-0.000160955952162811,-2.42480957390045e-05,-0.00942898160825932
2020-04-15,0.000293003883228726,0.000293003883228726,0.000293003883228726,0.000293003883228726,0.000293003883228726,0.00206278350643208,0.00147285696536429,0.0011778936948304,0.00350484676716618
2020-04-16,0.000144605116796592,0.000144605116796592,0.000144605116796592,0.000144605116796592,0.000144605116796592,0.0059836603812341,0.0040373086264216,0.00306413274901535,0.0130084335698553
2020-04-17,0,0,0,0,0,-0.00655061638965371,-0.00436707759310247,-0.00327530819482685,0.0276972676166594
2020-04-20,0.000519020238082035,0.000519020238082035,0.000519020238082035,0.000519020238082035,0.000519020238082035,0.00249494755594404,0.0018363051166567,0.00150698389701304,-0.000714595131197196
2020-04-21,0.000118571656186672,0.000118571656186672,0.000118571656186672,0.000118571656186672,0.000118571656186672,-0.00401593778987436,-0.00263776797452068,-0.00194868306684384,-0.0298863293480792
2020-04-22,0.000200065947664196,0.000200065947664196,0.000200065947664196,0.000200065947664196,0.000200065947664196,0.000920543267170726,0.000680384160668549,0.000560304607417461,0.0121275416071857
2020-04-23,0.000107421332395052,0.000107421332395052,0.000107421332395052,0.000107421332395052,0.000107421332395052,0.0060695380361826,0.00408216580158675,0.00308847968428883,0.0106455910404466
2020-04-24,0,0,0,0,0,0.00923397309687357,0.00615598206458238,0.00461698654843679,-0.0225229735181681
2020-04-27,0.000244449876663833,0.000244449876663833,0.000244449876663833,0.000244449876663833,0.000244449876663833,0.0130724116627871,0.00879642440074598,0.00665843076972544,0.0157306247894004
2020-04-28,5.92460934607519e-05,5.92460934607519e-05,5.92460934607519e-05,5.92460934607519e-05,5.92460934607519e-05,-0.00512389490828674,-0.00339618124103758,-0.00253232440741299,0.00957873654087395
2020-04-29,0.000114782505665101,0.000114782505665101,0.000114782505665101,0.000114782505665101,0.000114782505665101,0.0017654031892298,0.00121519629470823,0.000940092847447449,0.0149054573445525
2020-04-30,0,0,0,0,0,-0.00251566765192834,-0.00167711176795223,-0.00125783382596417,0.0219354695625743
2020-05-04,0.00151909832558456,0.0019721745096381,0.0016101918965345,-0.0174298649793547,0.00106699715346553,0.00299612392357859,0.00229282483916149,0.00209939321076726,-0.0490703413066432
2020-05-05,-0.0195523404680222,-0.0189899476642367,-0.0179114569679919,-0.0145433981836255,-0.0115022686642799,-0.0149649117623655,-0.0152280997000778,-0.0163091598920639,-0.0120442243717706
2020-05-06,0.00497033349246401,0.0032309547929511,0.00293299664974074,0.00680849065670447,-0.0025377412619404,-0.0005230825842511,0.000430305064939277,0.00156531217182046,0.00887851661643266
2020-05-07,-0.00856413054395122,-0.00816820109539973,-0.00756981430379625,-0.00718186565772999,-0.00200882765841015,-0.00489054965262919,-0.00538471334194923,-0.00617956764244973,-0.00654463204768761
2020-05-08,0.0213392764249456,0.0200846240983952,0.017641476091973,0.0100048710949192,0.00391547252404045,0.0113727221479426,0.011833541458338,0.0142099751999899,0.000382188243044909
2020-05-11,-0.00385485583160872,-0.00342348163237877,-0.00264437043016596,0.0086601240994148,0.00157516125661417,-0.000708473088267325,-0.000834364734091671,-0.00158948750847093,0.00264100156603906
2020-05-12,-0.00652048719314968,-0.00742001800305275,-0.00708857825644915,-0.00402923393404087,-0.00725639847651793,-0.00778797364473688,-0.0073338820175719,-0.00713053331146635,-0.000735582108616746
2020-05-13,-0.0106959210853027,-0.0106888004937864,-0.00999893463912212,-0.00155782845897229,-0.00692488851628137,-0.00880328420927573,-0.00874192378278167,-0.00923042310841193,0.0204186255524261
2020-05-14,0.00267322819913485,0.00341123293652845,0.00418174099273886,0.00140016395522369,0.0105767166720683,0.00736297717299517,0.00681623715038334,0.00578048491257122,-0.0152590043871199
2020-05-15,-0.00863183228230635,-0.00737340883723164,-0.00643205814783051,-0.00733679385930766,0.0006925780503928,-0.00271120367088207,-0.00332392137026412,-0.00465089909827468,-0.00391138586307447
2020-05-18,-4.03994031906718e-05,-0.00289458126307712,-0.00452462455847484,-0.0171280151957504,-0.0234742761057674,-0.0146115196143655,-0.0123359167926671,-0.00926203744529797,-0.0412608705202451
2020-05-19,-0.000883313546008013,-0.0001681727483549,-0.000631905618337036,0.00210837534310038,-0.00281667672332697,-0.00113485433701438,-0.00127636001077669,-0.00117809839458452,0.00632966562499912
2020-05-20,0.0409707026529267,0.0373908487467678,0.0354106402889095,0.0319210344423953,0.0163317020152833,0.0250713484279461,0.0271976400763618,0.030640905720503,0.0203851117865513
2020-05-21,0.006737882934581,0.0060606083295156,0.00600638743946943,0.0110215647072964,0.00566182151564276,0.00552257762004649,0.00564770029982335,0.00592024595851276,0.00491775646547677
2020-05-22,0.0084142162107177,0.00711699799637033,0.00622138279185454,0.00540972387360622,-0.00200847598371723,0.00190565189915287,0.00274715206037623,0.0041639180979616,-0.00846458839682668
2020-05-26,-0.0122025137247842,-0.00991714730386889,-0.00865296934313845,-0.00270552175933481,0.00285116704498667,-0.00239030691898345,-0.00363507575321483,-0.00577693524610717,0.00320107695073874
2020-05-27,-0.00208734081935402,-0.00519524740092958,-0.00623815619782738,-0.00285781378292066,-0.0204386419921841,-0.0143708979873446,-0.0123552565887708,-0.00978827764641657,0.0151710794258594
2020-05-28,8.55738387541827e-05,-0.000417034151275031,-0.000446276333173882,0.00879543055767398,-0.000494800331004353,-0.000707221236154298,-0.00063973438976006,-0.0004584073326315,0.0168075758635983
2020-05-29,0.0321306680098552,0.027644609320726,0.0254455202380505,0.023440923281706,0.00340800875961889,0.0132832796956078,0.0158713004879717,0.0199361423684426,0.0161609744267857
2020-06-01,0.00731172342695924,0.00378039884095366,0.0124429999083767,0.0108151229190736,0.0044478535721712,0.00268967276166771,0.00414330100040955,0.00612608049048913,0.0276840826130109
2020-06-02,0.0415252491783606,0.0270540835905383,0.0207273349757114,0.0163482711072584,0.0061961154229635,0.00470359746243143,0.00484115823555949,0.00705557567630011,0.0185772871407884
2020-06-03,0.00755777961205117,0.00187397142331741,0.00265865373414061,0.00276765882662364,0.00106255472156813,0.00207861441282042,0.00188583102846203,0.00107344340108093,0.0107635979560023
2020-06-04,0.0319670942030841,0.0135603418452024,0.00969017920139033,0.012687342816371,0.0148672549195619,0.0182730442904375,0.0182501383453348,0.0153467231638762,-0.00172668642911118
2020-06-05,0.0815519850490785,0.0553463676061665,0.0429077906404932,0.0322657580818372,0.00321652175783926,0.00177809108185434,0.000973795253861764,0.00279607289220735,0.0242746264420011
2020-06-08,0.0375331635968834,0.0101756867845055,0.00586894353178025,0.000875614851994111,-0.00876435258051556,-0.0114343618839399,-0.0110524876994648,-0.00821629380559163,0.00598874790066216
2020-06-09,-0.0536256448047163,-0.0321052281712065,-0.0230607521231911,-0.0126937985667635,0.0111833240579695,0.0147951930802445,0.0149772474275366,0.011689684920663,-0.0100728556483023
2020-06-10,0.0228152278018734,0.0178430038036097,0.00809360405401697,0.00674181590116699,0.00817942673879668,0.00543293909070686,0.00513752555220874,0.00814197304353742,0.00946748551591528
2020-06-11,-0.0672995668161366,-0.0432790755736913,-0.035469594239838,-0.031918544228006,-0.0164572274794904,-0.0188613108360001,-0.0187891700196032,-0.0176765435569162,-0.0189957759068458
2020-06-12,0.026364549068262,0.0258319619076698,0.0269383798120378,0.021446655425668,0.00552039128245707,0.00524593677450791,0.00546263119487378,0.00618414730438266,0.00918466758262551
2020-06-15,-0.00578958669667495,-0.0111068589281227,-0.0133186865553707,-0.00983283038544544,0.00294831214196711,0.0017865251331487,0.00150448791608571,0.00287837952435072,-0.0120448676040719
2020-06-16,-0.0231012278526578,-0.0107197921333645,-0.00673099325118405,-0.0066155926208615,-0.00300621212517438,-0.00463780142753412,-0.0044729416594087,-0.00268092569548423,0.0042557564103314
2020-06-17,0.00585456123543526,0.00399864520753102,0.00537794987898247,0.00531211486388794,0.00134966121357438,0.00323213551608936,0.00268741624423866,0.000686654438551426,0.00151157451280738
2020-06-18,0.0119503101545073,0.0115295532710186,0.00934688492662213,0.00696330286827468,-0.00104541108588219,-0.000616427196324931,-0.000426975853336879,-0.000983127468549561,0.0168848392573303
2020-06-19,-2.41332153486651e-05,0.00742473036303509,0.00997677015525611,0.00815486361481502,0.00263175773525814,0.00266045086437494,0.00305214116597585,0.00291364771359021,0.0180858596753512
2020-06-22,0.0337149154914849,0.0193814493836484,0.0176756520880631,0.018661086416711,0.0218951462866341,0.0217562678446444,0.0216659964356133,0.0235606526827157,0.018435426560834
2020-06-23,0.0208485735186539,0.0212038315562654,0.0171126052394988,0.016319990098394,0.0138784028552514,0.0139102737651655,0.0140435207321249,0.0127521092192025,0.0196210144704192
2020-06-24,-0.0227555135427704,-0.0237441526670671,-0.0181081319869656,-0.0196216927472499,-0.0225991034250904,-0.0233807392265966,-0.0233949950537688,-0.0229170335548071,-0.0196070807781943
2020-06-25,0.00227003245132296,-0.00103631183255481,-0.000935158238300334,0.00134302625634461,0.00952640333958255,0.00885199153993099,0.00902275316561796,0.00958196540211714,0.00289574445230667
2020-06-26,0.00456869780437885,0.00814017129025324,0.00511078709515026,0.00247691531233246,-0.00528165329004437,-0.00535317666308266,-0.00552361811267295,-0.00531483417718001,0.00282676965593289
2020-06-29,0.0233904083055707,0.00822455911871811,0.00124297413954966,0.000884053669308271,-0.00270745461857158,-0.00145008117999373,-0.00157648077903679,-0.0023774553332922,-0.0126268696921858
2020-06-30,-0.0146567844407938,0.000514600031104762,0.00401933804133577,-0.000703866539177062,-0.0117442269370531,-0.0133088536088843,-0.0132914626607883,-0.0113203321041599,-0.00490654843266184
2020-07-01,-0.00689957204213509,-0.0047399864557052,-0.00657447651639067,-0.00387650596730411,-0.00610317830471468,-0.00679915314680143,-0.00794725431045482,-0.00772734663998445,0.0079749431124971
2020-07-02,0.00819310664964612,0.018125859433179,0.0141342014569491,0.0142907073805187,0.00800132432563583,0.00735466246397876,0.00695340347748223,0.00721868513646629,0.00862251967296708
2020-07-03,0.0155240419294933,0.0123892277444155,0.00892138669830341,0.00812436495788604,0.00497663450844121,0.0038719053236671,0.00324317175113779,0.00296865362590071,0.00365159295414288
2020-07-06,0.00445831475702185,0.0166262471902308,0.00900463369213733,0.00858961601014882,0.00447076590181661,0.00102786222772178,-0.00139428961620199,-0.00188561591573083,0.0126456687592464
2020-07-07,-0.00859118162600525,-0.00235925290652955,-0.00235590367932496,-0.00484772173043871,-0.00195391607865936,-0.00166702978780414,-0.00189442160017469,-0.00207331279694292,0.00489730133386571
2020-07-08,-0.012421747543347,-0.0159473537640816,-0.00825175781984359,-0.00737717966811316,0.00122871736184371,0.00225962910776523,0.00388623076138761,0.00401316407545277,-0.00560662070914607
2020-07-09,0.00182100378031147,0.00276907688137773,0.00315438278327925,0.00247929859631335,0.00866793878773464,0.00742302126340699,0.00625701237129876,0.00587671116830246,0.00660412020943249
2020-07-10,0.00653449399854278,0.000128396449818269,0.00291243759394573,-0.00113545922728397,0.00145097975919439,0.0038361871466569,0.00538429805850482,0.00558714254380255,-0.00660928181985765
2020-07-13,0.0136089669833965,0.0098841821900898,0.0081237514207589,0.00603049240973116,0.00590388390306584,0.00565031918151104,0.0053011760817064,0.00522109534434517,-0.000243866747093816
2020-07-14,-0.00638235493110217,-0.0150824425889549,-0.00845728609785294,-0.0113202424089192,0.00161164940188852,0.00228711483133959,0.00312241884901006,0.00344297981666375,-0.0149068427360357
2020-07-15,-0.0125213733412017,-0.00516998309500005,-0.00161846229962167,-0.00291321069497513,0.00649083439243103,0.00557738769968918,0.00554645156350449,0.00552521278513524,-0.00276711069843779
2020-07-16,-0.0430741884323356,-0.0150776094161017,-0.00445143406032855,-0.00554654298855001,0.00974772433439952,0.0121080968591919,0.0136723701232005,0.0142613477331023,0.00500380195478668
2020-07-17,0.0374628694043893,0.0273858673265087,0.0211420505126954,0.0199460075456433,0.012116149601312,0.0116956469279986,0.0106819035803553,0.0102134773267732,0.0144194207614704
2020-07-20,0.0231678705933198,0.0142846989186644,0.00419029404846312,0.00268341188093094,0.00129723178566432,-0.00385336860489743,-0.00790175096724473,-0.00900947489607481,0.00820633482966041
2020-07-21,-0.0406402268853052,-0.0119665059742476,-0.0128558260140531,-0.00644680365379216,-0.00380363964718589,-0.00718302002305077,-0.00966683537992186,-0.0101063895433605,0.00460746053261553
2020-07-22,0.00208349713027745,-0.00524904474296328,-0.00279608381060226,0.000574110084554325,-0.00377784121669389,-0.00161053312051557,-0.000370409395637113,-0.000292032731749298,-0.00111245584105457
2020-07-23,0.00345219881526826,0.00846403196218559,0.0104561144296226,0.00870524563559916,0.0226348197276893,0.0205908729013642,0.0185406750557417,0.0182259832514512,0.00903268367564692
2020-07-24,-0.0152234254662028,-0.0132552990527873,-0.0115550900929017,-0.0110975547759891,0.00262378408557806,-0.00167885522723876,-0.00383746087586934,-0.004826287313349,-0.00714803245019662
2020-07-27,-0.00983739320989618,-0.00714691156940228,-0.0104928224148277,-0.0102841640614647,-0.00830445091831622,-0.010939748067235,-0.0130213800800495,-0.0133977556766743,-0.0110095751181779
2020-07-28,0.00469092046283759,0.0183778996147126,0.014438194602416,0.0129532968892942,0.0086234394297322,0.00789665116978189,0.00745069563912885,0.00727717375009468,0.0110335034763946
2020-07-29,0.0156751320893258,0.00199473014180918,0.0116352306477804,0.0100102492472344,0.0109044603415569,0.0163551719175761,0.0212088584982917,0.0224816705745197,0.00351254359981628
2020-07-30,-0.0144588159487026,-0.00965385322748569,0.00393583127410838,-0.000727955914183148,0.00832579439894476,0.0152635025754072,0.0205474018093703,0.0218511590584982,-0.00676555597870112
2020-07-31,0.0176449951362643,0.0082652653579337,0.0173643708108088,0.0128146498124036,0.0184339433585612,0.0251130942965275,0.0285962567698714,0.0292315677720388,0.00613273675870389
2020-08-03,0.017194955572658,0.0123857423928901,0.00546806810111119,0.002810196720378,-0.00382688986440144,0.000873367612583582,0.000542424152874736,0.00455148669429903,-0.00585217987216486
2020-08-04,-0.00144711030161637,0.00823848158382218,0.00256418171503873,0.00584892900179518,0.0169429450706156,0.0160303653782788,0.0162517659243695,0.0161600993049823,0.012727085472043
2020-08-05,0.00659014601389862,0.000640435603681211,0.00158409959640308,0.00578209110011363,-0.00469948276966781,-0.00280752189074618,-0.00304243168951583,-0.0012600007670045,0.00447054167649906
2020-08-06,0.0170346122221017,0.0143656410827884,0.0155264374734717,0.0119508282491038,0.012417975652421,0.0119227368363842,0.0111847028734697,0.010355127896807,0.00817483764804979
2020-08-07,0.00733429944321551,0.0111103483612598,0.00402402361374236,0.00489169579829327,-0.00619130104296861,-0.00448242450451664,-0.00404206665059855,-0.00124998318156389,0.00486255471262808
2020-08-10,0.0209462140233025,0.0282976589668916,0.0217424872689651,0.0185187671571108,0.0537250163450487,0.0515718030202442,0.0509336210055978,0.0456494750524362,0.015014989661212
2020-08-11,-0.00665984366424888,-0.0139649158375267,-0.0111909054650368,-0.00809612858666464,-0.0141660577153262,-0.0140509439935259,-0.0138460105005233,-0.0139693707252061,-0.000734397832875419
2020-08-12,-0.00694042108406745,-0.00630388701587759,-0.00403828925810346,0.00204034977241752,-0.0154605966467823,-0.014554563792588,-0.0147033772965672,-0.0136006014588523,-0.00112049504126706
2020-08-13,0.011698333363406,0.00908119755483372,0.00681444677156369,0.00869059773159825,-0.00968967163698287,-0.00792109974308441,-0.00795578377635427,-0.00524659935944521,0.00613783364436343
2020-08-14,-0.004310139826881,-0.00351184197573406,-0.00389777840937329,-0.00933634530400687,0.0141557282593936,0.0113386672766355,0.0115321567413421,0.0087970640585513,-0.00912613192494752
2020-08-17,0.0193631592460131,0.0204100192302465,0.0173232492393711,0.0191112766070654,-0.0038720504970372,-0.00251485467538193,-0.00245659062128748,-0.00156288768753096,0.0073268808159765
2020-08-18,0.00799526727036315,0.00913335567644113,0.00694432270607496,0.00763271613999555,-0.00117806202687043,-0.000736045856899681,-0.000789260995901449,-0.000366996656457091,0.0135625102050599
2020-08-19,0.00177812901313845,0.00718344219789036,0.00370298144734952,0.00276179276250754,-0.00341170197225316,-0.00252524653711589,-0.00268232558429223,-0.00258932331679876,0.00812855580460851
2020-08-20,-0.00429241808152114,-0.00574781101067412,-0.00538328189977507,-0.00495764141542526,0.000263559219229492,0.00113160002532209,0.00133315837750307,0.00206093646152078,0.0025797741756794
2020-08-21,0.00339048218249194,0.00257188390562579,0.00059656209806395,0.00117773438044935,0.00653093694797979,0.00609582813406473,0.00585914567732685,0.00513969168818434,0.00751992250964894
2020-08-24,0.0157658834526442,0.0235530756250372,0.0146995417680916,0.0114564322413488,-0.00367065911209929,-0.00166011614611633,-0.00140991804603322,0.000226786459886857,0.00836086864899104
2020-08-25,-0.0102683840655714,-0.00817643156258374,-0.00614033461052014,-0.00349780864692428,-0.00624468212228491,-0.00514509681313519,-0.00529062415007394,-0.00410128214078728,0.00311064539497312
2020-08-26,0.0150787142378637,0.00532873363287928,0.00641432904100136,0.00847000128290512,-0.00134298485991013,-0.00132067994063251,-0.00139205902891134,-0.00106179739812742,0.00567416664718302
2020-08-27,-0.000685558886948323,0.000476378392554766,-0.000149130485249005,0.0024355595044,0.00901314543978793,0.00799319676220445,0.00772931411866214,0.00649911242255136,0.00611001061700053
2020-08-28,0.0104185347441055,0.0151483660322232,0.010455584367529,0.00566758184934202,0.00300486169369241,0.000565113214082869,0.00066475020694771,-0.000911554781002882,0.00834376489530153
2020-08-31,-0.0307952794282124,-0.0248290910793463,-0.0201053119712191,-0.0234466675285458,-0.0467260917148716,-0.0444737809813581,-0.0442589735396265,-0.0422682988652846,-0.0374621438211722
2020-09-01,0.00718229516906649,-0.0015378252256614,0.00153745091440686,-6.34262930567352e-05,0.0234394735892409,-0.000996733257616871,0.00567515068539972,0.00981889744190916,0.00737535319979812
2020-09-02,-0.000744162298584428,0.0125560797449301,0.00552177785577908,0.00309329823651272,0.00570876553730426,0.0154478190895747,0.013704114369057,0.0121969393012404,0.0116179488117925
2020-09-03,-0.00384741219710061,0.0200730817720827,0.0122757565182706,0.00708922768313422,0.00943527846014391,0.042284996599107,0.0305545248171672,0.0246010135602872,0.00444699234338695
2020-09-04,-0.017146655547278,-0.0179585768220885,-0.0185746146026211,-0.0206248058924024,-0.0200147909297735,-0.017438221930384,-0.0165067433438819,-0.0165458658794308,-0.0174497601032032
2020-09-07,-0.0270802083980508,-0.0145964924133101,-0.0083338642075366,-0.00650036394980694,-0.00102490716393866,0.00823681703896989,0.00597929275942136,0.0046284057396386,-0.000529566065847721
2020-09-08,-0.0140086609942356,-0.00917059061076597,-0.00426110227796217,-0.00713211908715636,-0.0156769146732049,-0.0275973428748895,-0.0224163732412354,-0.0201811475647793,-0.0103773400719321
2020-09-09,-0.0107709587971387,-0.0114540550061301,-0.0124568228521373,-0.0165236261999923,0.0190144419947256,0.0037814540397676,0.00659434668813559,0.00861924710934536,-0.0070266427757785
2020-09-10,0.0086496071995259,0.0100735828027925,0.00998905638410437,0.0136481180540029,-6.19015720788596e-05,0.00255123114072298,0.00228694550867137,0.00181780979525087,0.0111489028567454
2020-09-11,0.0136578237149483,0.0102012513546634,0.00829353536694384,0.00819649987878873,0.000872571410463152,-0.0042491994180156,-0.00189209046622326,-0.00106175640952155,0.00363745130228002
2020-09-14,0.00122077448055347,0.0288609415702016,0.0243252376626945,0.0169900532396844,-0.00706873535170272,0.00357738255757223,0.00489161815102449,0.00336738540579704,0.0124342313245827
2020-09-15,0.014967660825606,0.01690962822461,0.0131744853438765,0.00998409278970053,0.0193319505551752,0.0164797587417312,0.0172865561999589,0.0175034403716962,0.00994698252830899
2020-09-16,0.00813862945875998,0.00298221420959788,0.0056338200747803,0.00291610671006581,0.0207898952539063,0.00526713346132507,0.00826761853944846,0.0105540553289524,0.00548164478676538
2020-09-17,-0.0100011965183102,-0.000381092464272093,-0.00343686462663765,-0.00583367420564876,0.00405733145468834,-0.0049842012425213,-0.00197253891595735,-0.000489565264217284,-0.0072878085443481
2020-09-18,-0.00178630135503655,-0.00246274010800368,-0.00563196539598743,-0.00828049232043154,0.049842706582474,0.0219051104157522,0.0265556188505169,0.0303869041326673,0.00107648211960541
2020-09-21,-0.0340605474661957,-0.0300263095863726,-0.0352051127414264,-0.036898312607016,-0.0423162944913364,-0.0467399399531829,-0.0435944206965672,-0.0421100173519452,-0.0343045252417083
2020-09-22,-0.0225478209868863,-0.0151379556133761,-0.0127591810958941,-0.0130306257278444,0.00655152548882287,-0.0034699460052014,-0.00253345199138089,-0.00143395156147069,-0.0112707246138428
2020-09-23,-0.0011885912466284,-0.00645625380381809,-0.00553808826659493,-0.00789102478684905,-0.0160751158693286,-0.0303987542312851,-0.0235843309541953,-0.0203043297558503,-0.00432120476078043
2020-09-24,-0.0398771668858404,-0.0379796041103798,-0.0389585669872505,-0.0389376936895497,-0.0300643344679487,-0.0251482712154466,-0.0238580693764243,-0.0234913261477631,-0.0277959096285197
2020-09-25,0.0359639467384112,0.0388947025632744,0.0363003846456138,0.0344722048220358,0.0230558924043656,0.044012499656592,0.0370444647595477,0.0334586037805414,0.0263157834143333
2020-09-28,0.0327411843525478,0.0319238517380688,0.0323297716227105,0.032597042906271,0.0173072101642144,0.0201983777028293,0.0208338956231141,0.0199409637738382,0.0260152394437836
2020-09-29,-0.000897303937457239,-0.00486751520373419,-0.00371642235213369,-0.00825168604226673,-0.00738429772200377,-0.014797372827092,-0.0117162889277197,-0.0100028330998908,-0.00489781822663893
2020-09-30,-0.00260377159442959,0.000706840680756549,0.00343109284001401,0.000136506754571331,0.0054102853045126,-0.00586971711839729,-0.0024063352000598,-0.000162922100035184,0.000875597626684093
2020-10-01,-0.0137969248282589,-0.0029115151575568,-0.00209681494638802,-0.00131514679046708,-0.000467414524050467,0.000281221576622639,0.00243739631797156,0.00262035767688006,0.012280380980925
2020-10-05,0.00942106830606915,0.0220792393558448,0.0167495621173082,0.0158878837978282,0.00609020764023516,0.00969652823981171,0.0121341803176489,0.0122172480067991,0.00249164418362666
2020-10-06,0.00174387208092397,0.00298054704289896,0.00293479875124292,0.00272202575811559,0.00284330216793083,0.00246350447333221,0.00123912391822848,0.000757902990582648,0.00992868337559097
2020-10-07,-0.0113706587566431,-0.00279893545269139,0.00284322962263402,0.00237022044671559,0.0141275597732848,0.00753937634612256,0.00240450830680317,0.00105689047453567,-0.00318423079153384
2020-10-08,0.0336105843017611,0.0329793810016908,0.0205910945321015,0.0191893980020279,-0.00418547840707706,0.00539941500236502,0.0118303849151218,0.0138677930652192,0.00534382135231553
2020-10-09,-0.00723901088296364,-0.00038488996554753,-0.000970938927203087,-0.00323421302698734,-0.0021430368505142,-0.00608353608842715,-0.00856657254001421,-0.00926170205686552,0.00224981125926259
2020-10-12,0.00904151632035166,0.0128660147353538,0.00936261284230329,0.00872711462015274,0.00235580905620236,0.00458821450495173,0.00611961469673372,0.00657833522364509,-0.00351177378319093
2020-10-13,0.0175562086398948,0.0153204869854371,0.0101548940173652,0.00472550140876449,-0.000176291918778548,-0.00586948416790811,-0.00987609549658423,-0.0108699393890675,-0.00510853419496261
2020-10-14,-0.00530171826164227,-0.00850145559009896,-0.00945026720866182,-0.00916635108254837,-0.0113478904457875,-0.00983124657499779,-0.00878494529854753,-0.00884900722129503,0.00406264586426865
2020-10-15,-0.0301778181615135,-0.0294279799853679,-0.023865193648167,-0.022051481567966,-0.0127396209737651,-0.0146749831505641,-0.0159498169941427,-0.0162724238806094,-0.0201640951536257
2020-10-16,0.00314570749630994,0.00089739765713881,0.00320371228115353,0.00595137805722185,0.00781634152918298,0.0110053584573049,0.0123836979831698,0.0127623825267312,0.0119026818651269
2020-10-19,-0.00112963397772037,-0.00396024047925414,-0.00165022031339375,-0.00373847071286812,0.00296982001832702,-0.0035167009464821,-0.00791486549651232,-0.0090883220871654,0.00844429995718307
2020-10-20,0.0238248837093897,0.0189820632750556,0.0128069810697578,0.0100883357540325,0.000456816659162085,0.00119460823300932,0.00159214440121399,0.00160337741002287,0.00510485918652015
2020-10-21,-0.0126709506912006,-0.00902506848174711,-0.00730375454216214,-0.00583709266876448,-0.00386112666299221,-0.00264911685578184,-0.00172792379942677,-0.00153662947432451,0.00471164409869453
2020-10-22,0.0179106637177286,0.00537263647089586,0.00414758612673368,0.00188024780394785,0.00169748543840931,-0.00161214086300016,-0.00394862800499488,-0.00445270648714108,0.00272673265062456
2020-10-23,0.00640667675219064,0.00722185806727849,0.00443891409764178,0.00264047432657663,-0.00112697384163163,-0.00194090941412522,-0.0025147655140149,-0.0025979398327208,0.0040970475809303
2020-10-26,-0.000527128185468406,-0.00620934767328801,-0.00583011173677076,-0.00755159575797804,-0.00507163986373627,-0.00889384384266806,-0.0108222762014549,-0.011527767614858,-0.0129208727493205
2020-10-27,-0.00713133928368648,-0.00916904043328648,-0.000219953616716524,0.00393060936002337,0.0176782200164234,0.0170302591533332,0.016568358460359,0.0169221171443362,0.0102311808568629
2020-10-28,-0.0130714469072546,-0.0116043571211498,-0.0101519170547894,-0.0106591305256684,-0.00724703692206874,-0.00971390393018695,-0.0118726627962944,-0.0124315545579676,-0.0125504606808042
2020-10-29,-0.0222425381782596,-0.00865394954745136,-0.00762871287057691,-0.00745524022473415,-0.00557823951682801,-0.00625653090201694,-0.00708872992001782,-0.00721875733291885,-0.00584816967908692
2020-10-30,0.0109436278060331,0.0064266670495372,0.00388035906152484,0.00286259110074108,-0.00121225691449989,-0.000701484848055045,6.01899346910721e-05,0.000220986242145699,0.000753790734644342
2020-11-02,-0.00725102009974304,-0.0106221335374753,-0.0102587966038706,-0.00989973608706057,-0.00699207311092753,-0.0075230181723841,-0.0070456009724971,-0.00664595132966925,0.00802471071585308
2020-11-03,-0.00689007203257119,-0.00171564535895868,-0.00201787529706732,-0.00146880005291736,0.00685964082238089,0.00964263741630478,0.0119676351129139,0.0125767321564254,0.0100473661187567
2020-11-04,0.00760681555383536,0.00790330086897972,0.00860679902666761,0.0108986768857239,0.00185464164031779,0.00718149108711508,0.012054504345358,0.0134029210769001,0.00324936115798594
2020-11-05,0.0169197355817108,0.0125825694206088,0.013267969963827,0.0132808076879997,0.00966081579930878,0.00911536404409785,0.00884202565070202,0.00878034022383595,0.0176873275768358
2020-11-06,0.000960614793467762,-0.00018931753559126,0.000161495049334196,0.00136757113962782,-0.00545719189053917,-0.00580188951563881,-0.00619205898704082,-0.00632319513755736,0.00616152277402785
2020-11-09,-0.00057767922031926,0.00600785057452596,0.0079479002247832,0.00977463753798016,-0.00969923702469677,-0.00567869253847725,-0.00232280399256339,-0.0018349360321587,0.0107870223560952
2020-11-10,0.0159885889021478,-0.00109312149513163,0.00300102010575554,-0.00739228677702125,-0.0313146454145438,-0.0347368138690389,-0.0375897087169269,-0.0381741235760208,0.00904682489186448
2020-11-11,-0.00117453821378433,-0.00112995330643301,-8.38580762204294e-06,0.00418833500415686,0.0216275380365136,0.0263862267420787,0.0295708123038348,0.0304322663090136,0.00913332865361605
2020-11-12,0.00790070830768652,0.00922246122058246,0.0128864706879597,0.010050326001594,0.0053492776720625,0.00489133116089935,0.00413876881381917,0.00338086439919816,0.00169096547646727
2020-11-13,0.0170265515764145,0.0101273837899958,0.0176543092013973,0.0141005170436993,0.018936764787099,0.0160354822518822,0.0143010528293338,0.013997595212257,0.00852054528949793
2020-11-14,0.00222264046101861,0.00613901570906139,0.00503979246531131,0.00513148560051374,0.0079558206532202,0.00691117847620681,0.0059150290878797,0.00564433693374933,0.00566750271312232
2020-11-17,-0.00395253382456839,-0.00186403718824185,0.00358656840354791,0.0019455512592578,-0.00175214145842872,-0.00385489795053834,-0.00488286146937774,-0.00523130756307899,0.00880500412432154
2020-11-18,0.00765812272747701,0.00417842549551761,0.00647580440958576,0.00283594098333231,-0.00376124051986815,-0.00479597113670494,-0.00541667185973201,-0.00588354649653916,0.0103682161287036
2020-11-19,-0.00306491562572397,-0.00219247335762968,-0.00778350844304968,-0.00818836553195884,0.0014222788211522,-0.000288449136511049,-0.00152198395602798,-0.00157372549875209,-0.00876294927699952
2020-11-20,0.0167033084883907,0.01775335928404,0.0190827384547281,0.017802759067077,0.0167839344884024,0.0111193017028086,0.00626390940252075,0.00513186703249002,0.0120886210351687
2020-11-23,0.00649596090117166,0.0109333330726473,0.0105157567118122,0.0148674472711516,0.0164274423123572,0.016518247134897,0.0171376903333412,0.0170278645298012,0.00829512330318671
2020-11-24,-0.00385146110984969,0.00462207496205447,-0.000149717798697879,0.000537872341098394,0.00548650921425931,0.0073579544547141,0.00898365964825154,0.00892677999552521,0.00855049535005028
2020-11-25,-0.0124670132648318,-0.016022604589135,-0.0179601289902952,-0.0175307932286588,-0.0174163858432579,-0.0180530161951523,-0.0189261809086196,-0.0192479922307872,-0.0123570141830208
2020-11-26,-0.00125178668134485,0.00140926687697418,0.00477855231404793,0.00535745102302632,0.00692606556156461,0.00920162841797389,0.0108918580366372,0.0114447532128496,0.0110843277137493
2020-11-27,0.0230315205603655,0.0174691129056433,0.0186839472055684,0.0129267646948933,0.0182220287741011,0.0147167556058753,0.0108816299321948,0.00957265658532108,0.0109134206612127
2020-12-01,0.0188530450896244,0.011946133054732,0.00850426387492,0.00751610543721737,0.011911271184297,0.0126453426686571,0.0142306660934118,0.014993319413739,0.0104931836979985
2020-12-02,0.000446603470946272,-0.00564334100366576,-0.00758385757173563,-0.00866180464711158,-5.44913326455676e-05,-0.00250159702666497,-0.000465895543456218,-0.000172074767074315,0.00517440618302026
2020-12-03,0.000130533343297712,-0.00240244821528651,-0.00274633327383692,-0.0021817142009152,0.00480842943726767,0.000948400465601129,0.00389638817123228,0.00464542621639866,0.00862493845797485
2020-12-04,0.00141376060320453,0.0107101597133906,0.0106221388740394,0.0130909711414033,0.0100460709190653,0.00772203776873159,0.00915267327300606,0.0093954101595376,0.00580566484326033
2020-12-07,4.97450565850599e-06,0.00224857678910917,0.00322101228479236,0.00373991077253438,0.0140842378667239,0.0131953601109542,0.0142562184506811,0.0144579202656802,0.0100756673270476
2020-12-08,0.00164953787072308,-0.000288145958734665,0.000374991085067407,0.000697666389795432,-0.00652611117542701,-0.00216883587308375,-0.00539163984653979,-0.00605081218584275,0.00107764243881107
2020-12-09,-0.0128507689801626,0.00185517593354395,0.00516742521844523,0.00757276854663394,0.001408284034359,0.000576889537369452,0.00136763031700212,0.00143837479781711,0.006876486641674
2020-12-10,-0.0254324093173014,-0.0159004591387115,-0.0129877233628292,-0.0113613107197006,-0.00244727489220442,-0.0054926228626041,-0.00375010234355844,-0.00332584373446135,-0.00490984309065869
2020-12-11,-0.000325220375521074,0.00141620176599,0.00213942890530842,0.00237902902237802,-0.0040429816605434,-0.00276634470585163,-0.00384253635403483,-0.00397654004961703,0.00389660755648155
2020-12-14,0.00418483071161746,0.00444605449383528,0.00433347687927014,0.00440212874053891,0.00585983606259699,0.00389940783270581,0.00513017820765094,0.00556859225642942,0.00592328460981335
2020-12-15,0.00792441924445986,0.00382348368331575,0.0051014265812747,0.00338016377914804,-0.000981179762603368,0.000197396010005124,-0.000598167831591686,-0.000909133778489085,0.00230952029935312
2020-12-16,0.00140099753473399,0.0012168675547567,0.00345330459008627,0.00264991456726094,0.00834957438945838,0.00682343713873834,0.00762873620375815,0.00773171148685464,0.00953395409674863
2020-12-17,0.00141228401785631,0.00330232791397833,0.00612948735175064,0.00580766833535834,0.00169085415464454,-0.00104039264922073,0.000764597586853396,0.00103053914361184,0.000159991440557309
2020-12-18,8.75073134747328e-05,-0.00364892788216192,-0.00431228578194687,-0.00430730691244671,0.00796052566842387,0.00395694303582472,0.00686945209132661,0.00791686440743689,-0.000696578994695067
2020-12-21,-0.0435554976746457,-0.0423098814738306,-0.0391069002511037,-0.0395713777664713,-0.0354067749980032,-0.0319958460111452,-0.0339768542462197,-0.0339086892267681,-0.0423962210554363
2020-12-22,0.00561883810682806,0.00567687206143896,0.00445581840064972,0.00478069936596159,0.0169712961889568,0.0134461469751199,0.0163702139536197,0.0165892249540378,0.0104320398222761
2020-12-23,0.0103180463201364,0.00995004229522678,0.00883974945793494,0.00880111015111723,0.0153084118913638,0.0136797119228185,0.0144919454354471,0.0142906134458836,0.0204078239219095
2020-12-24,0.00441006483172246,0.0101557400442228,0.0127991543090864,0.0139406078116575,0.0102061819844046,0.00838817608497466,0.00966143246408291,0.00972098225846552,0.00700679717343981
2020-12-28,0.00752423642239131,0.0110847794838752,0.0116040265731022,0.012639737807841,0.000443674115628845,0.00332254083904571,0.0013218086754749,0.000822395967958856,0.0117582451748493
2020-12-29,-0.000284526516836747,0.00763149723164269,0.00850729462916474,0.00995530942866218,-0.00300912170323531,-0.00358550869421986,-0.00317856104532714,-0.00295969682871636,0.000395366749075254
2020-12-30,0.0345523848555696,0.0165675461322288,0.0119910183646135,0.0088376855211621,0.000340465420651581,0.00169428215384326,0.000610504580493461,0.000340090084868933,0.0043554608923646
2020-12-31,-0.0139821873915223,-0.00733767386792472,-0.00390051937489281,-0.00323662095710631,0.00531564105057525,0.00374822408564401,0.00488967040593735,0.00519431299263345,0.00293863540264547
2021-01-01,0.00554993291722567,0.00117365067314804,-0.000458063155805727,-2.02834681393416e-05,0.00416296931629118,0.00454765734876445,0.00584647144950712,0.0060861769216625,0.00847379781142912
2021-01-04,0.00326948671951843,0.00120326335276988,0.00065882292585695,0.0132068751726131,0.0113735368278634,0.0157540654222547,0.019415494563394,0.0167868428115146,0.012418207653155
2021-01-05,-0.00346070656092279,0.00793611063128769,0.0107350022272337,0.00452386737587113,0.00125669360365754,0.0122180910239112,0.0168954582297482,0.0136487538781056,0.00807386386699951
2021-01-06,0.00711908551584428,0.00450790550667357,0.00380064381894855,0.00607266101887177,-0.00366286462583743,-0.00516762447437347,-0.00797248635276756,-0.00711462304984845,0.00148625167840068
2021-01-07,0.0134766242349358,0.0104624256716037,0.00863186863294518,0.0160246832507399,-0.00437476983250151,-0.00198214824702964,-0.00352416672845957,-0.00330625042425248,0.00783991044438763
2021-01-08,0.0143181173802098,0.00937418238518894,0.00758674798527374,0.00419392131865481,0.0161417046650298,0.013658477697848,0.0211341088858722,0.019090341244712,0.0113495447689996
2021-01-11,0.00617749825296987,0.00149171801570708,0.000108676646007925,-0.00241837206355835,0.0106096484098706,0.0117052015913346,0.0188286464125601,0.0154404671801157,0.00160136337209522
2021-01-12,0.0276975219468831,0.0162425796599273,0.0143709602566187,0.011923932490925,-0.0124997981699918,-0.00600023805165578,-0.00456302078353861,-0.00538150621771574,0.00629770482608826
2021-01-13,-0.0030546319573973,-0.000986944516419952,0.00177114493527919,0.00227909981525967,-0.00922309887569506,0.000305205996720737,0.000477857014832606,-0.00172829875068989,-0.00198983071921105
2021-01-14,-0.000704989154012958,-0.000947147181299512,-0.00119358479994847,-0.00343748308986355,0.0083828846212437,0.0100145609315135,0.0063593278135032,0.00698276751429874,0.000809552481422928
2021-01-15,-0.0182341129863788,-0.0130668323892847,-0.0115085867222916,-0.0113750761467916,-0.0164960951834827,-0.0147243638537831,-0.0172671171110487,-0.0160230588251505,-0.0113858759981124
2021-01-18,-0.0201757780111658,-0.0168978086262851,-0.0157627035605943,-0.0220165933075906,-0.0277195367340982,-0.022963233102494,-0.0209549863636834,-0.0212839030420192,-0.0191184544998335
2021-01-19,0.0419722441611192,0.0310853015505452,0.0271482143433156,0.0276666753877889,0.0167974296338571,0.0185646535423406,0.0140129634326681,0.0142990743048249,0.0206851295403516
2021-01-20,0.000730914997292942,0.00168347986308293,0.00234405906442932,0.00409512000438617,0.00117759094284309,0.00958453047950625,0.0137645623289593,0.010685873657196,0.00628373142166011
2021-01-21,-0.0255362891227311,-0.0177512561195759,-0.0154888991922876,-0.017060744357008,-0.0142897048686774,-0.0196053110283241,-0.0150717339518164,-0.0148810590076634,-0.0112723413782128
2021-01-22,-0.02837076312356,-0.0300313718193495,-0.0305805590631646,-0.0326546064869484,-0.0122126818503555,-0.00779531078144308,-0.00462455377650443,-0.00592635377203138,-0.0144482934519061
2021-01-25,-0.00779977714922431,-0.00448155225595287,-0.00265430690241493,-0.0016114290555708,0.0171153593282427,-0.00570953525313772,-0.00967591332186405,-0.00436206244919232,-0.00650157751832279
2021-01-27,-0.0218267680258004,-0.0261549939060178,-0.02720053075936,-0.0266997365021614,-0.0204472059098146,-0.00529701911255798,-0.00555531578247248,-0.00844867271311003,-0.0157163274821752
2021-01-28,-0.0219899911686782,-0.0101282133820549,-0.00594038401895614,-0.00578028509473202,-0.00800073055075257,-0.00969280453288418,-0.0137312541230577,-0.0121502156083937,-0.00749135459769837
2021-01-29,0.00496643891280124,0.0067511510403645,0.00677565141655534,0.000249081041035853,-0.0182074739540463,-0.0121872858874008,-0.0167602163850029,-0.0168861082528725,-0.00882086686799251
2021-02-01,0.0758405446678544,0.0694735249995556,0.0645175760831428,0.0603487305417121,0.0153644936277232,0.0199010788182669,0.0265240174227159,0.0227021369202609,0.0388202410074607
2021-02-02,0.034652725327291,0.0362867796237808,0.0367674216167599,0.0331833720683636,0.00826542725498469,0.0138879683556508,0.0226420804114017,0.0222487721132229,0.0234571206455805
2021-02-03,0.0260743602124578,0.0108928300614418,0.0107489853531092,0.0151324863467006,0.0172913365714262,0.015946509200551,0.0140948469963145,0.0128612773468545,0.0128812332763859
2021-02-04,0.0587642427049559,0.034139093246816,0.0255944646272247,0.0212077636722861,0.0117245965440198,0.00970410797914156,0.0102145858466479,0.00658191803954855,0.0134051318128573
2021-02-05,0.0360265141705223,0.0214157198201931,0.0153709780137868,0.00891175233989891,-0.00461648828912675,-0.007312664452722,-0.00926694169603148,-0.00928188532634278,-0.000347546930557509
2021-02-08,-0.0103942870269028,0.00478032671506484,0.0121016494010696,0.0126168800291423,0.0131676597601382,0.0105518307305449,0.0175157615709599,0.0189004449422676,0.0114756031292371
2021-02-09,-0.00399042843342401,-0.00533485868920591,-0.00543061685171028,-0.00155937932652361,-0.00460646096524198,0.00493745234593884,-0.00133444269944472,-0.00231684372445812,-0.000402613211577065
2021-02-10,0.00140858586204762,0.00885804948314961,0.00883605953945136,0.010345169431718,-0.000465481908977994,-0.00573258760337736,-0.000667279793020947,0.000528846963939955,0.00472727576764447
2021-02-11,-0.0125430794029973,-0.00754791375724229,-0.0038060231734082,-0.000606739889020436,0.00950914199365394,0.0150145931778175,0.00862914332215884,0.00799934904761943,0.00575376149869252
2021-02-12,0.00259593522985635,0.00138937051892896,-0.000273643705026102,0.000420036178015976,-0.0059893993947433,-0.0106508748545898,-0.00871123299977265,-0.00605028187755885,-0.00210461253910181
2021-02-15,0.0231577346280556,0.0190203148714052,0.0153745873543708,0.0211439970313976,-0.00273255612427636,-0.00184748987902661,0.000717075721830292,-0.000350464846369219,0.0115881522752166
2021-02-16,0.0165114739032894,0.0096321551769657,0.00691519224826857,0.00579433888899744,0.000129374849143105,0.00224008009472865,0.00115327126350062,-0.00285714699955394,0.00357421387791414
2021-02-17,0.0586313371866929,0.0260957383798818,0.0177666219445633,0.0120496898976393,0.00160442675048555,0.0155912724949888,0.0113249244013205,0.00526298921195092,0.000145699253745184
2021-02-18,0.0560120312838497,0.0253720582500591,0.0156034640794749,0.0104231377893131,-0.00216665092439272,-0.00184026832440237,-0.00573524794279767,-0.000983164390592761,0.00385213804615537
2021-02-19,-0.0476299491887745,-0.0303568608382542,-0.0234455304374322,-0.0206377534512246,-0.0141196061423861,-0.0134769506224846,-0.0178093326969523,-0.0144825695650881,-0.0134211213342976
2021-02-22,-0.0264514255922927,-0.0272194524389378,-0.0261605872340631,-0.0231301500023809,-0.00264333581533871,-0.000379071272251286,-0.0078538413803538,-0.0131125144928556,-0.0158587087203949
2021-02-23,-0.00143017476350815,0.012842675181502,0.0144405338311573,0.0132311170826096,0.0100276822183496,0.0111919976088005,0.0100351745063803,0.00794388192295131,0.00685086186978185
2021-02-24,0.0277517308705091,0.0181440777919928,0.0166430825399094,0.0139500683880825,0.00387282506151587,0.00813032294949267,0.00625384146700466,0.00440402772770088,0.0122710956687399
2021-02-25,0.0115389662735981,0.014233654092153,0.0131775685662636,0.0158536694654079,0.0112287486969227,0.00836577756410128,0.00856625101462449,0.00736335993971976,0.012133382465993
2021-02-26,-0.0396924683155258,-0.0290686247863754,-0.0256170572459104,-0.0263161092367502,-0.0126542257717756,-0.0221456782447471,-0.0251790343914194,-0.0246235602253,-0.0255058385625523
2021-03-01,-0.00357362273994888,0.00486083708981261,0.00945052488920143,0.0128135456163824,0.00641402585405504,0.0116734554108366,0.00544293003187037,0.00520303323877175,0.0152598265531985
2021-03-02,-0.00166570899160057,0.00289935616101711,0.0055819725721243,0.00970009687219403,0.0357802623307404,0.0218268815568652,0.0238783029846901,0.0208937925724327,0.0136736315543239
2021-03-03,0.0315719357696711,0.0233104512976439,0.0181297372893131,0.0195891792715713,0.00210933151132764,0.0177286024666237,0.0146728892602421,0.0153531300875565,0.017003759186773
2021-03-04,-0.00746020700507177,-0.00317444972535308,-0.00203981309123306,0.000595500412122751,0.00206401991565586,-0.00903969907548691,-0.00729404497457927,-0.00697632059933093,-0.00117437209582877
2021-03-05,-0.0392551934968388,-0.0267169324700936,-0.0225613386456484,-0.0218397738925425,-0.0187826415835931,-0.0229002154603359,-0.0226608589994064,-0.0228359733092811,-0.0163724808005784
2021-03-08,0.0160576695505825,0.00276971769275763,0.00434159368440486,0.00530573573757534,0.0126065186584789,0.0103595089175768,0.0120414541054949,0.00632148888948297,0.00261266373659811
2021-03-09,-0.00968615436378406,-0.0103003500972655,-0.0111415071781605,-0.0129437836862843,-0.00677523968040128,-0.0159620756458478,-0.0155472275538941,-0.00995840575395091,-0.00150971503304192
2021-03-10,-0.00153541082039954,0.00233098189694947,0.00378425781223616,0.00157780107832189,0.0237821041497979,0.0212200736911971,0.0170092428063496,0.0152924362917119,0.0075928782254959
2021-03-12,-0.0170169187631078,-0.0126535774979291,-0.009330976731129,-0.00174284166436584,-0.00117808973300304,-0.00490220200614727,-0.00371492816585772,-0.00342620128591109,-0.00544475416640848
2021-03-15,0.00163096300043941,-0.00118923548091243,-0.00444783700669715,-0.00264038370376202,0.00110782865583459,0.0079132129085977,0.00344184113494369,-0.00164390740660875,-0.00721855900403427
2021-03-16,-0.0131793198327829,-0.00940493078754673,-0.00820240816738778,-0.00694209770965293,0.0309646896465663,0.0112556262938505,0.00906295193816005,0.00942775632619275,0.00114747408289552
2021-03-17,-0.0376784752155171,-0.0336435664517244,-0.0296008813691589,-0.0301387684208411,-0.0301628383862836,-0.0273740531405266,-0.0283107001397643,-0.0255800164452857,-0.0216662600509696
2021-03-18,-0.0196171060044581,-0.0171843505699882,-0.0167564109746693,-0.0134736559689871,-0.0160983336361751,-0.00782469296976052,-0.00610840095022798,-0.00527085714240752,-0.0114559463619261
2021-03-19,0.0146592186747094,0.004741947089548,0.00175619147159489,0.00738513159593268,0.0152816433736018,0.0180445994165956,0.0138411937217996,0.0130807478621647,0.0094064845503733
2021-03-22,-0.0108311757753138,0.00807687302593579,0.00891286233307842,0.00751068904144761,0.00227464814610645,0.00608879341974244,0.00289587154107388,0.00218474292053669,0.0033623378641046
2021-03-23,0.0290938963629963,0.0198156663524809,0.0152258707837094,0.0139227103573218,-0.00240880809828803,-0.00450003058244358,-0.00472923999918629,-0.00374926642015089,0.00615417168800977
2021-03-24,-0.0330437426997587,-0.0312249942556561,-0.0300620453693967,-0.0241528934426458,-0.0142378313217589,-0.0233103713976948,-0.0224333776917791,-0.0216807088430674,-0.0184606416655544
2021-03-25,-0.0257744485583177,-0.0254258897674487,-0.0224358277188009,-0.0231491742982524,-0.0247447971426228,-0.0122681882863246,-0.0203913971513781,-0.0202826157921306,-0.0180883726753009
2021-03-26,0.0080410858400588,0.0124199763477915,0.0136080365231817,0.0151034928935134,0.00769933596094519,0.0222702071468504,0.0198706371990557,0.0211905485328469,0.0138415736922292
2021-03-30,0.00711447203703153,0.0034179330903682,0.00587470117398599,0.00917596244669594,0.034494205125287,0.0312174718232636,0.0246641186441823,0.0168045258347846,0.0143471236636848
2021-03-31,0.0132503694710331,0.015236504859252,0.0127005405518082,0.00885288875173995,-0.0070538620215449,-0.00173356769918226,-0.00621912248237966,-0.00426342546429656,0.000248389226809411
2021-04-01,0.0304005449822584,0.0192919821174538,0.0216423856000621,0.0295538057484095,0.0245305875227135,0.0389093268580826,0.0333018936723127,0.0332015564997991,0.0167955504405535
2021-04-05,0.00801091407426591,-0.00145515708432981,-0.0146381137522737,-0.00875617439980114,0.00255582071043881,0.00572273218402775,-0.00714844008584166,-0.00335860154581477,-0.0154559258953463
2021-04-06,0.000436191679745512,0.00145845752732332,0.000874478931259026,0.0042386325541767,0.00343562914621653,0.00888336128457312,0.00775550181088747,0.00592567427810198,0.00616638398511464
2021-04-07,-0.00875670301370746,-0.00187938484137395,0.00525864961323904,0.00618839795352588,0.0180062027337178,0.0134919228540521,0.0156516333819507,0.00954954928303614,0.0105652859930821
2021-04-08,-0.0112635295955407,0.00955934481404924,0.00353852816723573,0.0124489251685429,0.0125925965036406,0.0258863563380525,0.0159500934124058,0.00914668766041915,0.0053485278230942
2021-04-09,-0.00932966909609478,-0.00741778165154788,0.00203299331604075,-1.13430929886138e-05,0.0151421926979591,0.00449892018894121,-0.000510233453384856,-0.00271509236406234,0.0020080517039673
2021-04-12,-0.054316578464741,-0.0515146647469431,-0.0652116428911782,-0.0640906231662299,-0.0465535957045361,-0.0536405798479605,-0.0604680114747033,-0.0589301532222128,-0.0472535191048878
2021-04-13,0.0118067867389438,0.0114337008291254,0.022601348944175,0.0254043556954002,-0.0115179899006588,0.0111476930242086,0.0179955169746782,0.0164483344157446,0.015441018174834
2021-04-15,0.010175572485603,-0.00181873040496694,-0.00551994220466612,-0.00070894865485055,0.0077281662046238,0.01072609909961,0.00435760841476722,0.00581209943247615,0.00288562766653864
2021-04-16,0.0227838153501478,0.0179213038247904,0.00997761377954194,0.00956071719827781,0.00366318856046788,0.00598660800747663,0.00685086085945167,0.0108340994821257,0.00684544023269566
2021-04-19,-0.0228430005370079,-0.0210697894277692,-0.0284061316696855,-0.0251322762201986,-0.0095053346265761,-0.0124080222491571,-0.0174899295434158,-0.0188281972918138,-0.0190232412654469
2021-04-20,0.0046267434459899,-0.00914424295883109,-0.00680485030746517,-0.00405460376141895,-0.0107861484673079,-0.00329500629529406,0.00146955476958144,0.00225885193868355,0.00403120805784691
2021-04-22,0.00753085965963018,0.00177451343687568,0.0036733145539896,0.00711512645532067,-0.0024619615032081,0.00748930032805289,0.0067747637687587,0.00696378774147657,0.00601443368393048
2021-04-23,0.0241147688742005,0.00624884377198853,0.00517817264684354,0.00309689370045746,0.015262139419322,0.00605759814031059,0.00932704001701697,0.0130239722313129,0.00122353123511584
2021-04-26,0.00338210918722526,0.0103244750184678,0.0127700533059417,0.014606289266664,0.00959341999992769,0.0148542085743794,0.0060734234187317,0.00540059486085509,0.00895492769574908
2021-04-27,0.00177097974024232,0.00563144185225395,0.0114059960851845,0.0153303064732381,0.00390668421297979,0.0155049609251894,0.0156486262913349,0.0121792146535618,0.0114968987797611
2021-04-28,0.0105382974864441,0.00875810294514701,0.0144272051788783,0.0100592250623154,0.0164981667711419,0.00672672574188432,0.0182130216310213,0.016294340594877,0.0114152745879364
2021-04-29,-0.000338329888144862,0.00256472957466752,-0.00208154184024771,0.00975567860601501,-0.00229277608625755,0.0214872819292728,0.0175365774376334,0.0130678506061889,0.000693089387067282
2021-04-30,0.000951358936789548,-0.000627243236899944,-0.00387396786211236,-0.00328447698752712,-0.00550826415718975,-0.00351213426048058,-0.00867825586572061,-0.00627085216509307,-0.00829245302598097
2021-05-03,0.0190512293920819,0.0160231375347873,0.0127494450483283,0.0123448554808533,0.0190512293920819,0.0167402430422355,0.0132275153866271,0.00940834672261207,0.00372724431403581
2021-05-04,-0.00621533210069691,-0.00424742027049196,-0.00996629181900614,-0.00945435552871837,-0.00621533210069691,-0.00358624546565917,-0.00952550861578427,-0.0089652825697108,-0.00637900097957372
2021-05-05,0.00985072918008378,0.0102577296387757,0.0113530994328364,0.0101436432228336,0.00985072918008378,0.00758065344903835,0.00956838197301154,0.0100986292211093,0.0102717543102753
2021-05-06,0.0251214192482281,0.015069580490936,0.0124710464787485,0.0109120427093921,0.0251214192482281,0.0220934710324155,0.0171536401730682,0.0174386793051511,0.00541699391563552
2021-05-07,0.0472724407228144,0.0328805287754752,0.0172797177224609,0.0142214257588704,0.0472724407228144,0.0216726737705584,0.00980781438584973,0.007458362237073,0.00455319610364106
2021-05-10,0.0313874115055055,0.0282505447736032,0.0199213980163303,0.0138662239289556,0.0313874115055055,0.0132667129238814,0.00993217678318248,0.00748718684731467,0.00975679456778896
2021-05-11,-0.0092101726587398,0.00839047025208312,0.010222560584941,0.00998267838939595,-0.0092101726587398,-0.00523031701793431,0.00114203573826277,-0.000730248873425821,0.00163627014320685
2021-05-12,-0.0297423893638405,-0.0137997299530767,-0.00835222023701132,-0.00963486439824404,-0.0297423893638405,-0.0186359103163698,-0.0115763404792067,-0.0110880286227185,-0.00586443539389218
2021-05-14,-0.0376333062615665,-0.0298507488232205,-0.0247430197314796,-0.0201679951916279,-0.0376333062615665,-0.0198859047938219,-0.0180997903785472,-0.016159244538055,-0.0109508073627786
2021-05-17,0.0228617201421093,0.0181188379716494,0.0140383226910286,0.0156103504792939,0.0228617201421093,0.0163927413834813,0.0128875916322499,0.0107928307960249,0.0139889654527066
2021-05-18,0.016638962113968,0.0191742517759096,0.0173384671628625,0.0166580774546132,0.016638962113968,0.0147952055076136,0.0144191029839985,0.0133132003453759,0.0124376534571676
2021-05-19,-0.009153184124015,0.00103756555567541,6.81566320078026e-05,0.000810256772411894,-0.009153184124015,-0.0061243263698908,-0.00470643798503634,-0.00329349712613819,0.00112244277822452
2021-05-20,-0.0321387379476376,-0.013878606354551,-0.00772223146886308,-0.00392680637298234,-0.0321387379476376,-0.0122897544414959,-0.00666299686015966,-0.00584710309304959,-0.00115844009724065
2021-05-21,0.00428808257090729,0.0124179017465085,0.008995725279248,0.00787536328839417,0.00428808257090729,0.0044706527311601,0.00369755926901575,0.00480832613575483,0.0122997325392402
2021-05-24,-0.00599232518240811,0.00688189249345861,0.00813232691710275,0.00605868707791077,-0.00599232518240811,-0.000907518968028098,0.00293938594277828,0.00257744441260915,0.00543097208146161
2021-05-25,0.00608264729261743,-0.00238105178064651,-0.00230713128535909,-0.00362058723461348,0.00608264729261743,0.00731477759965304,0.00415675496817395,0.00580964978625065,-0.000375381321807156
2021-05-26,-0.0185602895167584,-0.0203489414784739,-0.0123587619598563,-0.00764290800092682,-0.0185602895167584,-0.00305062835898956,-0.000826553213533384,0.00376987508757606,0.00479009246760596
2021-05-27,0.00769709286615039,0.0103960224109045,0.00677896234091028,0.00774395974416478,0.00769709286615039,0.00984490578632491,0.0064115512578572,0.00767071658058563,0.00362154740862971
2021-05-28,0.00247207739697242,-0.00226385159547254,-0.00312965304953516,-0.00352397413247249,0.00247207739697242,8.02798451292053e-05,-0.00156689875580066,-0.00156182180325157,-0.00060145582266864
2021-05-31,0.0209747731506185,0.0163230327898188,0.0128680439626023,0.010660147260512,0.0209747731506185,0.0133573724619619,0.0108909370773644,0.0087717493864119,0.00667894333227936
2021-06-01,-0.00777951535297794,-0.00311466986871783,-0.00269749186170654,-0.00324998809761083,-0.00777951535297794,-0.00436466986871783,-0.00371227218091979,-0.00501051069977082,2.16604215785045e-05
2021-06-02,0.0218024235306091,0.0232195962627205,0.0174671696976025,0.0132495814902741,0.0218024235306091,0.0232195962627205,0.01567866979791,0.013783170368825,0.00927624911070966
2021-06-03,0.00664357029990281,0.00725391545616438,0.00670726707321549,0.00563503736544835,0.00664357029990281,0.00725391545616438,0.00564205971815856,0.00678084289567354,0.0104953653195759
2021-06-04,0.0134922651121123,0.00962865475439567,0.00726687295265986,0.00820436040076433,0.0134922651121123,0.00962865475439567,0.0100913774179564,0.00934968750374343,0.00577483268972554
2021-06-07,-0.00442479627335579,0.0115730769296378,0.0116358307639905,0.0144350511867523,-0.00442479627335579,0.0115730769296378,0.0153262887714378,0.01239151439997,0.00591361718929068
2021-06-08,-0.0106566381367712,-0.00147773118095962,0.00447802185264138,0.00715623579802616,-0.0106566381367712,-0.00147773118095962,0.00407847175742041,0.00304949683026684,0.00286739126855731
2021-06-09,-0.00939720467985072,0.00343826048404072,-1.102271013779e-05,-0.00253334015933887,-0.00939720467985072,0.00343826048404072,-0.00107459051295355,-0.00301271510215476,-0.00817255166674487
2021-06-10,0.0107005377310911,0.0116958294062808,0.0110998087210384,0.0132018702981388,0.0107005377310911,0.0116958294062808,0.0142999046140005,0.0141692001756187,0.016235419060505
2021-06-11,0.0268948753382929,0.0161039364406059,0.00893984059708349,0.00969086297187646,0.0268948753382929,0.0161039364406059,0.0147172676591557,0.0118465752446028,0.00191964613587112
2021-06-14,-0.00651374987461029,-0.00992555976208387,-0.00563591891823549,-0.00494487045781578,-0.00651374987461029,-0.00992555976208387,-0.00757428153357479,-0.00475092903788943,-0.00119890211094643
2021-06-15,-0.000495668148863038,-0.00561065187104171,-0.00198538338629987,0.000790011136599378,-0.000495668148863038,-0.00561065187104171,-0.000701703012262097,0.00053877903003019,0.00297087389222966
2021-06-16,-0.0284468315952292,-0.0160140795347968,-0.0111819553409,-0.00839773814158015,-0.0284468315952292,-0.0160140795347968,-0.0106910818710713,-0.01069498079166,-0.00720898442899272
2021-06-17,-0.0183729302433611,-0.0180875967866763,-0.013287075751194,-0.0116940779843608,-0.0183729302433611,-0.0180875967866763,-0.014363426085738,-0.0120571269505085,-0.00872896514231569
2021-06-18,-0.00912454948138774,-0.0168087350674996,-0.0143399862396311,-0.0109449236341634,-0.00912454948138774,-0.0168087350674996,-0.0114590686509198,-0.00819353301073586,-0.00507241480316446
2021-06-21,0.0112021679644929,0.0180062775617402,0.012928256072326,0.0110948961893197,0.0112021679644929,0.0180062775617402,0.0138691238879272,0.0129863211004584,0.00786499711117036
2021-06-22,0.00278702208749326,0.00775417618997098,0.00722655042838394,0.00590489056050852,0.00278702208749326,0.00775417618997098,0.00581608777894142,0.00737314859121141,0.00325566606874205
2021-06-23,-0.0112581221950532,-0.0132450555094987,-0.0107405818545644,-0.00941134617331632,-0.0112581221950532,-0.0132450555094987,-0.0106379167161898,-0.00881893745187426,-0.00410772491908533
2021-06-24,0.00575338937637682,-0.00563499717785954,-0.00348649265398423,-0.000989333690914973,0.00575338937637682,-0.00563499717785954,-0.00158928371914209,-0.00345919004986159,-0.00139473480955235
2021-06-25,0.0261310849769667,0.00599258345242082,0.00559760587929007,0.00649686943431999,0.0261310849769667,0.00599258345242082,0.00705994233475045,0.00972906795536499,0.00907497338609273
2021-06-28,0.0128012472528505,0.00444042489628182,0.00504796177017937,0.00463225874841833,0.0128012472528505,0.00444042489628182,0.00408866649189961,0.00341189580173612,0.00226397848900754
2021-06-29,-0.012242021357631,-0.00552656381768551,-0.00480216214106466,-0.000479995334903643,-0.012242021357631,-0.00552656381768551,0.000477792482736124,-0.0042541961811052,-0.00352458791610082
2021-06-30,-0.0019554248958582,-0.00678875741471946,-0.00103533660485444,0.00327404035278264,-0.0019554248958582,-0.00678875741471946,0.000874885465418325,0.00196775977619237,-0.000215097646828414
2021-07-01,-0.00154805418189641,0.000101915169901297,-0.00310672088723046,-0.00382461363099777,-0.00154805418189641,0.000101915169901297,-0.00227338755389713,-0.00382461363099777,9.66002704465528e-05
2021-07-02,-0.0148464081140445,-0.0044759912434279,-0.00601530989948795,-0.00401519857746918,-0.0148464081140445,-0.0044759912434279,-0.00601530989948795,-0.00401519857746918,0.00500405062910312
2021-07-05,0.013188938996717,0.00913988824399792,0.00677789129887444,0.00615311363764354,0.013188938996717,0.00913988824399792,0.00677789129887444,0.00615311363764354,0.00850477942503346
2021-07-06,-0.00325903313103149,-0.0030590309990689,-0.00283477286160971,0.00456095297415929,-0.00325903313103149,-0.0030590309990689,-0.00283477286160971,0.00456095297415929,-1.11373879684245e-05
2021-07-07,0.0219990422259317,0.00867683998583557,0.00529069668834899,0.00457881691916392,0.0219990422259317,0.00867683998583557,0.00529069668834899,0.00457881691916392,0.00431978419455348
2021-07-08,-0.0219358391265905,-0.00706036218713701,-0.00167497449836159,-0.00186890983070789,-0.0219358391265905,-0.00706036218713701,-0.00167497449836159,-0.00186890983070789,-0.00577317214945512
2021-07-09,0.0199416974329547,0.014300120297552,0.0115742768594069,0.0107834563277344,0.0199416974329547,0.014300120297552,0.0115742768594069,0.0107834563277344,0.00390239750235356
2021-07-12,-0.00209516758023398,-0.00222244375665809,-0.000953388546936274,0.0050912491997698,-0.00209516758023398,-0.00222244375665809,-0.000953388546936274,0.0050912491997698,0.00439574251844305
2021-07-13,0.00627343563013572,0.000263166754709887,0.000754417810009289,0.00213195381477863,0.00627343563013572,0.000263166754709887,0.000754417810009289,0.00213195381477863,0.00507695937661059
2021-07-14,0.000824548282323256,0.0157333196205951,0.0109902155701112,0.00837378927896648,0.000824548282323256,0.0157333196205951,0.0109902155701112,0.00837378927896648,0.00132030730723666
2021-07-15,0.0066873338068818,0.0139034125611799,0.0102870468053385,0.0105596906552802,0.0066873338068818,0.0139034125611799,0.0102870468053385,0.0105596906552802,0.00311563751364885
2021-07-16,0.0104817651124574,0.00791298553159681,0.00833780851069932,0.006451883219042,0.0104817651124574,0.00791298553159681,0.00833780851069932,0.006451883219042,0.00253359967166423
2021-07-19,-0.0136282397895281,-0.0117257020315402,-0.00782463608699298,-0.00611440761702964,-0.0136282397895281,-0.0117257020315402,-0.00782463608699298,-0.00611440761702964,-0.00745625465512558
2021-07-20,-0.0233499438785513,-0.0165763818393113,-0.0184434280829293,-0.00917866991079311,-0.0233499438785513,-0.0165763818393113,-0.0184434280829293,-0.00917866991079311,-0.0128871214505785
2021-07-22,0.0299010797425001,0.0218059238807781,0.0200166521852706,0.0156668214040204,0.0299010797425001,0.0218059238807781,0.0200166521852706,0.0156668214040204,0.0148743148041143
2021-07-23,0.000906585104532009,0.00217987244030815,0.00185385373027702,0.00132983925334326,0.000906585104532009,0.00217987244030815,0.00185385373027702,0.00132983925334326,0.00077174582858011
2021-07-26,0.00627630375114374,0.00580312478896194,0.0035237149121969,0.00452513537718005,0.00627630375114374,0.00580312478896194,0.0035237149121969,0.00452513537718005,0.000928307221916707
2021-07-27,0.0145693867531191,0.00598233669930737,0.00103584450895226,-0.000936586958977192,0.0145693867531191,0.00598233669930737,0.00103584450895226,-0.000936586958977192,-0.0041509770378655
2021-07-28,0.0122375719960723,0.00697275696302335,0.00300626078871643,0.00153217428569905,0.0122375719960723,0.00697275696302335,0.00300626078871643,0.00153217428569905,-0.00187622631517512
2021-07-29,0.050232838146502,0.0351023532462513,0.0222032225016822,0.0181016478890735,0.050232838146502,0.0351023532462513,0.0222032225016822,0.0181016478890735,0.0073618582668009
2021-07-30,-0.00694728780003739,-0.00476805268389113,-0.00079758063620979,0.00122961682785117,-0.00694728780003739,-0.00476805268389113,-0.00079758063620979,0.00122961682785117,0.00410711960097895
2021-08-02,0.00189297706720715,0.00432279139974467,0.0068109093222181,0.00658455043421567,0.00189297706720715,0.00432279139974467,0.0068109093222181,0.00658455043421567,0.00997610569326559
2021-08-03,-0.000530145681128191,-0.000405543567771283,0.000883200623995791,0.00352604249716301,-0.000530145681128191,-0.000405543567771283,0.000883200623995791,0.00352604249716301,0.00676556158997633
2021-08-04,-0.0031716621253407,-0.010037356349932,-0.00646338701262557,-0.00408582415699102,-0.0031716621253407,-0.010037356349932,-0.00646338701262557,-0.00408582415699102,-0.00368838766787109
2021-08-05,0.0129323279040641,0.00836275991792657,0.00499096030643424,-0.00182291457368183,0.0129323279040641,0.00836275991792657,0.00499096030643424,-0.00182291457368183,-0.00262486380231444
2021-08-06,0.00119816353552982,0.00467132113517377,0.00596233713365775,0.00456520756475881,0.00119816353552982,0.00467132113517377,0.00596233713365775,0.00456520756475881,-0.000303269707752715
2021-08-09,-0.0185786589200683,-0.0109598521897852,-0.0103048754504439,-0.0116255965008505,-0.0185786589200683,-0.0109598521897852,-0.0103048754504439,-0.0116255965008505,-0.00337413592496136
2021-08-10,-0.0276881989488151,-0.0181125111190775,-0.0194759344524574,-0.0211175045713481,-0.0276881989488151,-0.0181125111190775,-0.0194759344524574,-0.0211175045713481,-0.00858326023763121
2021-08-11,0.0313966421536014,0.0088629756531981,0.00788270370650009,0.00713858160577321,0.0313966421536014,0.0088629756531981,0.00788270370650009,0.00713858160577321,-0.00360778644400753
2021-08-12,0.00463003534601114,0.0165115134038795,0.0207998319947244,0.0187539520535679,0.00463003534601114,0.0165115134038795,0.0207998319947244,0.0187539520535679,0.00916240178877845
2021-08-13,0.00520113981652437,0.0029833194393285,0.00129454233259148,0.00147059132858207,0.00520113981652437,0.0029833194393285,0.00129454233259148,0.00147059132858207,0.000225373227503081
2021-08-16,0.014762157868792,0.00445174829921646,0.000811179992574185,-0.00188023592893688,0.014762157868792,0.00445174829921646,0.000811179992574185,-0.00188023592893688,-0.000578790931640535
2021-08-17,-0.0230242880405541,-0.00136474187116747,0.000203763608759326,-0.00431966105492398,-0.0230242880405541,-0.00136474187116747,0.000203763608759326,-0.00431966105492398,0.0032848530786859
2021-08-18,-0.00814051877571265,-0.000776809872350404,0.000164027318370064,0.000816767515576022,-0.00814051877571265,-0.000776809872350404,0.000164027318370064,0.000816767515576022,-0.000314323987910481
2021-08-20,-0.0642956600184347,-0.0352689934989167,-0.0269066050621208,-0.0287783777483076,-0.0642956600184347,-0.0352689934989167,-0.0269066050621208,-0.0287783777483076,-0.0166621242479214
2021-08-23,-0.00837830757139113,-0.00178549071677808,-0.00247209328272476,-0.00316418514300323,-0.00837830757139113,-0.00178549071677808,-0.00247209328272476,-0.00316418514300323,-0.00462527279895208
2021-08-24,0.029024945707024,0.0177050214322818,0.0168955485535602,0.0172349193858666,0.029024945707024,0.0177050214322818,0.0168955485535602,0.0172349193858666,0.0133207005023696
2021-08-25,0.00537243766175077,0.00501852451993956,0.00809782757744785,0.00600768979117305,0.00537243766175077,0.00501852451993956,0.00809782757744785,0.00600768979117305,0.00124398454234354
2021-08-26,-0.0126730008261392,-0.00839876478697604,-0.00222773591841245,-0.00370323324212593,-0.0126730008261392,-0.00839876478697604,-0.00222773591841245,-0.00370323324212593,5.15929368390414e-05
2021-08-27,0.0162873947927928,0.0169806651655788,0.0182003953265387,0.0152493168720113,0.0162873947927928,0.0169806651655788,0.0182003953265387,0.0152493168720113,0.00942647555747239
2021-08-30,0.0246490971329676,0.0144841388398648,0.017275938224216,0.0180694815976346,0.0246490971329676,0.0144841388398648,0.017275938224216,0.0180694815976346,0.016901616729096
2021-08-31,0.0153663686040735,0.00938282851900196,0.0109858159352902,0.00993364092785526,0.0153663686040735,0.00938282851900196,0.0109858159352902,0.00993364092785526,0.0107333545251044
2021-09-01,-0.0178773026995754,-0.00327124212742011,-0.00400537618496999,-0.00255324030682351,-0.0178773026995754,-0.00327124212742011,-0.00400537618496999,-0.00255324030682351,0.00424500657021371
2021-09-02,0.00896187467074827,0.00847007675294564,0.013592900507201,0.0123646478830393,0.00896187467074827,0.00847007675294564,0.013592900507201,0.0123646478830393,0.00871922142115174
2021-09-03,0.0116829784003762,0.0124369140165299,0.0123119103950181,0.0113793672086092,0.0116829784003762,0.0124369140165299,0.0123119103950181,0.0113793672086092,0.00452991721513422
2021-09-06,0.00407994943986112,-0.00206951373938991,0.00470143987470228,0.00316282727137901,0.00407994943986112,-0.00206951373938991,0.00470143987470228,0.00316282727137901,0.00376803578501256
2021-09-07,-0.00598205020401921,-0.00863142747230505,-0.00665528011758935,-0.00639689017309245,-0.00598205020401921,-0.00863142747230505,-0.00665528011758935,-0.00639689017309245,-0.00250752951433364
2021-09-08,0.00227250778997079,0.0111082682964929,0.00650485611320765,0.00615028976860948,0.00227250778997079,0.0111082682964929,0.00650485611320765,0.00615028976860948,0.00296675678897034
2021-09-09,0.00775706246386743,0.0119632139241973,0.00945819502200451,0.00884909402027606,0.00775706246386743,0.0119632139241973,0.00945819502200451,0.00884909402027606,0.00206187332160451
2021-09-13,0.0128616001297417,0.0135093565390483,0.0143286375001089,0.0134104723110475,0.0128616001297417,0.0135093565390483,0.0143286375001089,0.0134104723110475,0.00397444425961393
2021-09-14,-0.00495767040871797,0.0071812009781087,0.00801542835523124,0.0080409822677624,-0.00495767040871797,0.0071812009781087,0.00801542835523124,0.0080409822677624,0.00915806913659195
2021-09-15,0.00837840564116332,0.0174757022927907,0.0206619223457286,0.0190421248475429,0.00837840564116332,0.0174757022927907,0.0206619223457286,0.0190421248475429,0.00657434737358926
2021-09-16,-0.0062330820173081,-0.00390794505587733,3.73676438292969e-05,-0.000813800526134278,-0.0062330820173081,-0.00390794505587733,3.73676438292969e-05,-0.000813800526134278,0.00586129821361233
2021-09-17,-0.0237573384111525,-0.0191013807232762,-0.0118868120141153,-0.0115187918489791,-0.0237573384111525,-0.0191013807232762,-0.0118868120141153,-0.0115187918489791,-0.00878388723517561
2021-09-20,-0.065359035860623,-0.041832850850456,-0.0327017813691383,-0.0293834905640084,-0.065359035860623,-0.041832850850456,-0.0327017813691383,-0.0293834905640084,-0.0174321793276485
2021-09-21,0.0255092860735819,0.00713130397734218,0.00901688552224418,0.00694216284234417,0.0255092860735819,0.00713130397734218,0.00901688552224418,0.00694216284234417,0.00887375505662146
2021-09-22,0.0147342834310069,0.00339939451089416,0.00867379200312298,0.00806219770746888,0.0147342834310069,0.00339939451089416,0.00867379200312298,0.00806219770746888,0.013955316554855
2021-09-23,0.0167529725356761,0.0140568926825811,0.0127852146499852,0.0120860818316967,0.0167529725356761,0.0140568926825811,0.0127852146499852,0.0120860818316967,0.0169047511716491
2021-09-24,-0.0209853142521639,-0.015747394603808,-0.00799646973067407,-0.00771183885539853,-0.0209853142521639,-0.015747394603808,-0.00799646973067407,-0.00771183885539853,-0.00324265020252612
2021-09-27,0.00113603945708474,0.00420859857160416,-0.0058943090288539,-0.00350731175895191,0.00113603945708474,0.00420859857160416,-0.0058943090288539,-0.00350731175895191,0.00110923514893476
2021-09-28,0.00547998292808649,0.0109849357280715,0.000115999410933099,-0.000708095830399241,0.00547998292808649,0.0109849357280715,0.000115999410933099,-0.000708095830399241,-0.00707816295443419
2021-09-29,0.0228786489454964,0.0330667340919422,0.0235835021987162,0.0190601804624677,0.0228786489454964,0.0330667340919422,0.0235835021987162,0.0190601804624677,0.00437477538302699
2021-09-30,-0.00883028031306798,0.00034641120885015,0.000180201877979809,0.00158987231786589,-0.00883028031306798,0.00034641120885015,0.000180201877979809,0.00158987231786589,0.0019161186514295
2021-10-01,-0.00156513407835962,-0.00339489193503642,-0.00728657110621143,-0.00423716808983378,-0.00156513407835962,-0.00339489193503642,-0.00728657110621143,-0.00423716808983378,-0.000288127164097782
2021-10-04,0.0144658018688171,0.0138651809400767,0.0164967603490954,0.0198443767483695,0.0144658018688171,0.0138651809400767,0.0164967603490954,0.0198443767483695,0.0141787989910496
2021-10-05,0.0168917811362816,0.01242205595156,0.00373717360929201,0.00249917658329263,0.0168917811362816,0.01242205595156,0.00373717360929201,0.00249917658329263,0.00280079791911905
2021-10-06,-0.011870699776207,-0.00728117544247264,-0.0102607804058005,-0.0151486793374283,-0.011870699776207,-0.00728117544247264,-0.0102607804058005,-0.0151486793374283,-0.0106423710530167
2021-10-07,0.00437193532907099,0.0110662348627494,0.0279170008667472,0.0223846704946652,0.00437193532907099,0.0110662348627494,0.0279170008667472,0.0223846704946652,0.0138764215209789
2021-10-08,0.00222517890086449,0.0110517124586983,1.39848318457814e-05,0.00096103203788403,0.00222517890086449,0.0110517124586983,1.39848318457814e-05,0.00096103203788403,0.00114993525818736
2021-10-11,0.0389608635701273,0.00850733912922996,0.0114209021013446,0.012303141161507,0.0389608635701273,0.00850733912922996,0.0114209021013446,0.012303141161507,0.00749716947429173
2021-10-12,-0.00154684067541055,-0.00603939393712732,-0.0015909086368594,0.00153659154499272,-0.00154684067541055,-0.00603939393712732,-0.0015909086368594,0.00153659154499272,0.00414682960726738
2021-10-13,0.0466841118575223,0.0287637960707999,0.0183661659163481,0.0174319126446069,0.0466841118575223,0.0287637960707999,0.0183661659163481,0.0174319126446069,0.00997340364010021
2021-10-14,0.00777010344797557,0.0212181789976318,0.0183924289094576,0.0182139035028466,0.00777010344797557,0.0212181789976318,0.0183924289094576,0.0182139035028466,0.00889248380045311
2021-10-18,0.0489159814668993,0.0261412801924982,0.0190247929120455,0.0239829462479547,0.0489159814668993,0.0261412801924982,0.0190247929120455,0.0239829462479547,0.0055966151490902
2021-10-19,-0.0443697130935837,-0.0140067499273399,-0.025150130365095,-0.0250095447854936,-0.0443697130935837,-0.0140067499273399,-0.025150130365095,-0.0250095447854936,-0.0157434263816183
2021-10-20,-0.016964825506587,-0.0157347513377292,-0.0177076239539549,-0.0184185282027981,-0.016964825506587,-0.0157347513377292,-0.0177076239539549,-0.0184185282027981,-0.0123748577141366
2021-10-21,-0.00439644126241734,-0.0190103155998602,-0.0173447791695335,-0.0174271412658513,-0.00439644126241734,-0.0190103155998602,-0.0173447791695335,-0.0174271412658513,-0.00336455669543083
2021-10-22,-0.00424727280046999,-0.00919557084999628,0.00239123523928264,-0.00580212980188768,-0.00424727280046999,-0.00919557084999628,0.00239123523928264,-0.00580212980188768,-0.0077216215990418
2021-10-25,-0.0142958759903826,-0.0194030623222189,-0.0221625126805565,-0.0170810064267353,-0.0142958759903826,-0.0194030623222189,-0.0221625126805565,-0.0170810064267353,-0.00867202426457519
2021-10-26,0.0105220387299212,0.0120957528772718,0.0200977730404088,0.0217193721033744,0.0105220387299212,0.0120957528772718,0.0200977730404088,0.0217193721033744,0.0148513714827032
2021-10-27,-0.00655520617569427,0.00287753411878805,0.00293012454396654,-0.00160744059521975,-0.00655520617569427,0.00287753411878805,0.00293012454396654,-0.00160744059521975,-0.000187186319304258
2021-10-28,-0.0296471074918317,-0.0228038616177932,-0.0277494704265858,-0.0294042194891556,-0.0296471074918317,-0.0228038616177932,-0.0277494704265858,-0.0294042194891556,-0.020810101211727
2021-10-29,-0.0129343296582995,-0.0114245549741255,-0.00616978631075704,-0.00377866103150848,-0.0129343296582995,-0.0114245549741255,-0.00616978631075704,-0.00377866103150848,-0.00264129829124894
2021-11-01,0.0160338486435614,0.0199698206528677,0.0226876274465167,0.0201092137272031,0.0160338486435614,0.0199698206528677,0.0226876274465167,0.0201092137272031,0.0155323225269094
2021-11-02,0.00774871390504495,0.00800551241293823,7.04994215187105e-05,0.00597916805110535,0.00774871390504495,0.00800551241293823,7.04994215187105e-05,0.00597916805110535,0.00699542807494677
2021-11-03,-0.00650699065352434,-0.00676397732159945,-0.0014209844569351,-0.0022978301083196,-0.00650699065352434,-0.00676397732159945,-0.0014209844569351,-0.0022978301083196,-0.000697121645589306
2021-11-04,0.00973530302097103,0.00997167984160552,0.00679384975012757,0.00848347063298316,0.00973530302097103,0.00997167984160552,0.00679384975012757,0.00848347063298316,0.00730441614894645
2021-11-08,0.0115686905602392,0.012173309636885,0.0129433014676312,0.0150837224182739,0.0115686905602392,0.012173309636885,0.0129433014676312,0.0150837224182739,0.00920472120407599
2021-11-09,0.00388996230636796,0.00489039526348078,0.0025965667946678,0.00394888995465217,0.00388996230636796,0.00489039526348078,0.0025965667946678,0.00394888995465217,0.00386842795960922
2021-11-10,-0.00962843493841326,-0.00495670069919929,-0.00915673100307575,-0.0127454118106881,-0.00962843493841326,-0.00495670069919929,-0.00915673100307575,-0.0127454118106881,-0.00253023101729628
2021-11-11,0.00200273569566689,0.00103256174587674,0.00189991574992332,-0.00317793471796382,0.00200273569566689,0.00103256174587674,0.00189991574992332,-0.00317793471796382,-0.00851940825886588
2021-11-12,-0.00234001122999339,0.00191853542984766,0.00407610700582772,0.00284782292049346,-0.00234001122999339,0.00191853542984766,0.00407610700582772,0.00284782292049346,0.00808563333997733
2021-11-15,0.0066595669151579,0.00521172515533508,-0.00259775304530441,-0.0055317203430317,0.0066595669151579,0.00521172515533508,-0.00259775304530441,-0.0055317203430317,0.00197200561892217
2021-11-16,0.00363154209742067,0.00761667861864446,0.00282812915674905,-0.00322426709827064,0.00363154209742067,0.00761667861864446,0.00282812915674905,-0.00322426709827064,-0.00326627119186459
2021-11-17,0.00746678659862576,0.00888454317535048,0.00483459340941735,0.00374133303377241,0.00746678659862576,0.00888454317535048,0.00483459340941735,0.00374133303377241,-0.0025091087441664
2021-11-18,-0.0234429493601858,-0.0237782107906974,-0.0244864514515189,-0.0181983197870285,-0.0234429493601858,-0.0237782107906974,-0.0244864514515189,-0.0181983197870285,-0.0127599985661331
2021-11-22,-0.0255342359014318,-0.0256182812877152,-0.0172200537979916,-0.024180995734792,-0.0255342359014318,-0.0256182812877152,-0.0172200537979916,-0.024180995734792,-0.026245991218707
2021-11-23,0.0349777374417448,0.0250738670605238,0.0277093205504952,0.026751851861236,0.0349777374417448,0.0250738670605238,0.0277093205504952,0.026751851861236,0.0128196392761045
2021-11-24,0.00746965332619109,-4.68814425849673e-05,0.000237686224334177,0.00103831561563197,0.00746965332619109,-4.68814425849673e-05,0.000237686224334177,0.00103831561563197,-0.00120947626298978
2021-11-25,0.00959471376899579,0.0091354638033867,0.00736146757120015,0.00419061091357845,0.00959471376899579,0.0091354638033867,0.00736146757120015,0.00419061091357845,0.00644244183100617
2021-11-26,-0.0390091617220544,-0.0380557918877928,-0.0431643101248132,-0.0428951934130034,-0.0390091617220544,-0.0380557918877928,-0.0431643101248132,-0.0428951934130034,-0.0291498030579845
2021-11-29,-0.025773840967563,-0.0177336669757002,-0.0130159523866977,-0.0148674295746103,-0.025773840967563,-0.0177336669757002,-0.0130159523866977,-0.0148674295746103,-0.00754733104207091
2021-11-30,0.00893801265114158,0.00998974117196505,0.000186303822873435,-0.00130810544731072,0.00893801265114158,0.00998974117196505,0.000186303822873435,-0.00130810544731072,0.0019632473916299
2021-12-01,0.0148026932994527,0.0135346277817491,0.016745547491995,0.0141700269326949,0.0148026932994527,0.0135346277817491,0.016745547491995,0.0141700269326949,0.00815607459332495
2021-12-02,0.0185474509140997,0.0174013271459997,0.0167886638871771,0.0183052891122378,0.0185474509140997,0.0174013271459997,0.0167886638871771,0.0183052891122378,0.0110952576527791
2021-12-03,-0.00802477059580908,-0.00215842113106296,-0.00221793610026488,-0.000281457537013058,-0.00802477059580908,-0.00215842113106296,-0.00221793610026488,-0.000281457537013058,-0.00330193266249772
2021-12-06,-0.0167989459484894,-0.0158523932037853,-0.0145540672491307,-0.0141313595379711,-0.0167989459484894,-0.0158523932037853,-0.0145540672491307,-0.0141313595379711,-0.015701448992456
2021-12-07,0.0158216741381236,0.0115108511457932,0.0180931798699202,0.016257261357113,0.0158216741381236,0.0115108511457932,0.0180931798699202,0.016257261357113,0.0128250684793777
2021-12-08,0.00820314698264735,0.015498102831859,0.0164249697821038,0.0154835952582442,0.00820314698264735,0.015498102831859,0.0164249697821038,0.0154835952582442,0.0160684614430728
2021-12-09,-0.00679677815061686,0.00231567397848331,0.00362481219597595,0.00368952735052197,-0.00679677815061686,0.00231567397848331,0.00362481219597595,0.00368952735052197,0.0043768997284084
2021-12-10,-0.000296681997414727,-0.000387409044967313,0.00146289273467252,0.0029825963235294,-0.000296681997414727,-0.000387409044967313,0.00146289273467252,0.0029825963235294,0.00469085296462325
2021-12-13,0.00518759265892887,0.00765886661635662,0.00415812732148602,0.00365646442590381,0.00518759265892887,0.00765886661635662,0.00415812732148602,0.00365646442590381,-0.00462644098337791
2021-12-14,0.00765148854812914,0.00266273355554869,0.00319307409754166,0.00233553651960111,0.00765148854812914,0.00266273355554869,0.00319307409754166,0.00233553651960111,-0.00162177087262269
2021-12-15,-0.00478087855097042,-0.00747979908704172,-0.008673716129217,-0.0061245256704551,-0.00478087855097042,-0.00747979908704172,-0.008673716129217,-0.0061245256704551,-0.00738193105874884
2021-12-16,-0.012484290881643,-0.00445573171269514,-0.00338567719981564,-0.003090602574501,-0.012484290881643,-0.00445573171269514,-0.00338567719981564,-0.003090602574501,-0.00531812396231127
2021-12-17,-0.0149141804227084,-0.0108594984265007,-0.0130637108174304,-0.013855433614624,-0.0149141804227084,-0.0108594984265007,-0.0130637108174304,-0.013855433614624,-0.0229877100923098
2021-12-20,-0.0240831819024168,-0.0368951840536752,-0.0372075208295065,-0.0352972766445422,-0.0240831819024168,-0.0368951840536752,-0.0372075208295065,-0.0352972766445422,-0.0303201543167383
2021-12-21,0.00874176745177291,0.0137041961968282,0.0189422831534094,0.0182535452228273,0.00874176745177291,0.0137041961968282,0.0189422831534094,0.0182535452228273,0.0119845554806063
2021-12-22,0.0161795336415664,0.0164154749750071,0.0168733370042101,0.0188008199980363,0.0161795336415664,0.0164154749750071,0.0168733370042101,0.0188008199980363,0.0135024559970295
2021-12-23,0.0107496644894576,0.0115984530819336,0.00765991060518242,0.0070015862046067,0.0107496644894576,0.0115984530819336,0.00765991060518242,0.0070015862046067,0.00857583496217157
2021-12-24,-0.0100011207584237,-0.00197390728513985,-0.00295912065700987,-0.00380750677506267,-0.0100011207584237,-0.00197390728513985,-0.00295912065700987,-0.00380750677506267,-0.00853190991076243
2021-12-27,0.00578026983471625,0.00521626084494786,0.00328024019854386,0.00477121285611856,0.00578026983471625,0.00521626084494786,0.00328024019854386,0.00477121285611856,0.00541242366539028
2021-12-28,0.0138578068514374,0.0133097056530147,0.0118641967502289,0.0148790936528746,0.0138578068514374,0.0133097056530147,0.0118641967502289,0.0148790936528746,0.0088649254802184
2021-12-29,-0.00627583639723894,0.000314519281595704,-0.00328994215273145,-0.00154024928591187,-0.00627583639723894,0.000314519281595704,-0.00328994215273145,-0.00154024928591187,0.0015627401875313
2021-12-30,0.00499060236846605,0.0094474515678552,0.00241082292336681,0.000358189848945645,0.00499060236846605,0.0094474515678552,0.00241082292336681,0.000358189848945645,-0.00138006253748683
2021-12-31,0.00104756959929464,0.00787936592268534,0.0117206321465285,0.0126828267070179,0.00104756959929464,0.00787936592268534,0.0117206321465285,0.0126828267070179,0.0131295151191893
2022-01-03,0.00706037935939102,0.0105527770425827,0.00984318319623939,0.00957335190717333,0.00706037935939102,0.0105527770425827,0.00984318319623939,0.00957335190717333,0.012723154207521
2022-01-04,-0.002009267722478,0.00894544782913836,0.00806740863687812,0.00884185526636341,-0.002009267722478,0.00894544782913836,0.00806740863687812,0.00884185526636341,0.00372922430863139
2022-01-05,-0.00945199575388489,-0.00958497114815721,-0.0128379223788641,-0.00896148179052805,-0.00945199575388489,-0.00958497114815721,-0.0128379223788641,-0.00896148179052805,0.00571694648388608
2022-01-06,-0.0087595960735416,-0.00080946099030399,-0.00572104509860283,-0.00475871202929434,-0.0087595960735416,-0.00080946099030399,-0.00572104509860283,-0.00475871202929434,-0.00370666726810553
2022-01-07,0.000128028353199694,0.0022961598679111,0.00267822661945146,0.00646054379352129,0.000128028353199694,0.0022961598679111,0.00267822661945146,0.00646054379352129,0.00215422085381551
2022-01-10,0.000840205510000747,0.00611281630918259,0.00470779614988078,0.00674710822375318,0.000840205510000747,0.00611281630918259,0.00470779614988078,0.00674710822375318,0.00920122701230832
2022-01-11,-0.00852899676178298,-0.00214227957488333,0.00200191773941927,0.00279310159126006,-0.00852899676178298,-0.00214227957488333,0.00200191773941927,0.00279310159126006,-2.86576438450559e-05
2022-01-12,0.0110892917842385,0.0094830306130036,0.00631609665449384,0.00874068362837874,0.0110892917842385,0.0094830306130036,0.00631609665449384,0.00874068362837874,0.00872289552371912
2022-01-13,0.00644734030757266,0.00851181051887484,0.00569402326144005,0.00621030063586325,0.00644734030757266,0.00851181051887484,0.00569402326144005,0.00621030063586325,0.00348714503540992
2022-01-14,-0.0126973778204377,-0.00625154767296937,-0.0022694099095781,-0.00128183356980796,-0.0126973778204377,-0.00625154767296937,-0.0022694099095781,-0.00128183356980796,-0.000279733497406746
2022-01-17,0.00511471681038955,0.0062706091946958,0.0039923851782554,0.00376169591603939,0.00511471681038955,0.0062706091946958,0.0039923851782554,0.00376169591603939,0.00395941347403063
2022-01-18,-0.027164011132459,-0.0219360147387836,-0.0207503517209023,-0.020632316121622,-0.027164011132459,-0.0219360147387836,-0.0207503517209023,-0.020632316121622,-0.0162358300833832
2022-01-19,-0.00777477741312504,0.000321743371142935,-0.00671490086172359,-0.00742737706943833,-0.00777477741312504,0.000321743371142935,-0.00671490086172359,-0.00742737706943833,-0.00338811768364661
2022-01-20,-0.00673176808433984,0.0025905880337716,-0.00356863629099576,-0.00146735325316377,-0.00673176808433984,0.0025905880337716,-0.00356863629099576,-0.00146735325316377,-0.0047299801557727
2022-01-21,-0.0237309177660938,-0.0195803761623586,-0.018533067076307,-0.0193194788780967,-0.0237309177660938,-0.0195803761623586,-0.018533067076307,-0.0193194788780967,-0.0167845854693804
2022-01-24,-0.0507667327770815,-0.0384545277130753,-0.0370353636747699,-0.0372646795436671,-0.0507667327770815,-0.0384545277130753,-0.0370353636747699,-0.0372646795436671,-0.0336197104595951
2022-01-25,0.0122076603125516,0.0169589411463824,0.0102291324880867,0.00910596994554819,0.0122076603125516,0.0169589411463824,0.0102291324880867,0.00910596994554819,0.0100787289486306
2022-01-27,-0.0344857519393302,-0.0204646311754861,-0.0254787752662103,-0.0263568819503768,-0.0344857519393302,-0.0204646311754861,-0.0254787752662103,-0.0263568819503768,-0.00818685068775978
2022-01-28,0.027269765763746,0.0179658652996737,0.0157298497096538,0.0172249136000662,0.027269765763746,0.0179658652996737,0.0157298497096538,0.0172249136000662,0.00681455080353665
2022-01-31,0.0287202289616479,0.0204210301610351,0.0231914058020222,0.0175056090118421,0.0287202289616479,0.0204210301610351,0.0231914058020222,0.0175056090118421,0.0144276453569656
2022-02-01,-0.00163036392141419,0.00284734928010855,0.00269138563145712,0.00691958747362402,-0.00163036392141419,0.00284734928010855,0.00269138563145712,0.00691958747362402,0.0136218235820178
2022-02-02,0.0037416544942388,0.00808348942234283,0.00801402508036456,0.00897710222150655,0.0037416544942388,0.00808348942234283,0.00801402508036456,0.00897710222150655,0.0137436496702836
2022-02-03,-0.000598079607543656,-0.0118740566653375,-0.0100212690821567,-0.00929392880475011,-0.000598079607543656,-0.0118740566653375,-0.0100212690821567,-0.00929392880475011,-0.00921217756145726
2022-02-04,0.00019019168171841,-0.00023956501760708,-0.0014474083596994,-0.00162756308521875,0.00019019168171841,-0.00023956501760708,-0.0014474083596994,-0.00162756308521875,-0.00714201712469555
2022-02-07,-0.000204689695266769,-0.00677334313871852,-0.00976275671033781,-0.0086047508002135,-0.000204689695266769,-0.00677334313871852,-0.00976275671033781,-0.0086047508002135,-0.0131602825888655
2022-02-08,-0.0238142829972221,-0.0173992120785683,-0.0122295357284742,-0.0104056921333993,-0.0238142829972221,-0.0173992120785683,-0.0122295357284742,-0.0104056921333993,-0.00276823582259819
2022-02-09,0.00381974477949587,0.0109626074216662,0.00959781276910587,0.0107405652525758,0.00381974477949587,0.0109626074216662,0.00959781276910587,0.0107405652525758,0.0108524990904143
2022-02-10,0.0113748329502987,0.0108141686474119,0.0121786723228192,0.0100386643033795,0.0113748329502987,0.0108141686474119,0.0121786723228192,0.0100386643033795,0.00711452358713363
2022-02-11,-0.0116539460109621,-0.023232104700967,-0.0188638835740518,-0.0211938659906865,-0.0116539460109621,-0.023232104700967,-0.0188638835740518,-0.0211938659906865,-0.0160537538386126
2022-02-14,-0.0351118905508324,-0.0395303892961991,-0.0312955267885644,-0.0328413550765536,-0.0351118905508324,-0.0395303892961991,-0.0312955267885644,-0.0328413550765536,-0.0364218819865441
2022-02-15,0.0154748720788342,0.0272725667200955,0.025522155186718,0.0270817793477532,0.0154748720788342,0.0272725667200955,0.025522155186718,0.0270817793477532,0.0265177130659646
2022-02-16,-0.00378420202943286,-0.00608645158982107,-0.00403581038636998,-0.00456928346992433,-0.00378420202943286,-0.00608645158982107,-0.00403581038636998,-0.00456928346992433,-0.000226336665220173
2022-02-17,-0.00452712282528966,-0.00783940985682863,-0.00669711500018988,-0.00511187648125128,-0.00452712282528966,-0.00783940985682863,-0.00669711500018988,-0.00511187648125128,-0.00317044913599924
2022-02-18,-0.00527957030305337,-0.00652293345513272,-0.00641561206053409,-0.00792129425599997,-0.00527957030305337,-0.00652293345513272,-0.00641561206053409,-0.00792129425599997,-0.00636370905677586
2022-02-21,-0.00318097251261007,-0.00619203218561526,-0.0124277192889655,-0.0114918834779501,-0.00318097251261007,-0.00619203218561526,-0.0124277192889655,-0.0114918834779501,-0.0112127960862254
2022-02-22,-0.0122561730138273,-0.00763020926722169,-0.00447382407677277,-0.00623564408396526,-0.0122561730138273,-0.00763020926722169,-0.00447382407677277,-0.00623564408396526,-0.00851425114542567
2022-02-23,0.000265111346765545,0.00187377290150936,0.00115435539916568,0.00294431435808423,0.000265111346765545,0.00187377290150936,0.00115435539916568,0.00294431435808423,0.00330947387497547
2022-02-24,-0.0485661797186407,-0.0550792922544008,-0.0510920947251531,-0.0521354530298175,-0.0485661797186407,-0.0550792922544008,-0.0510920947251531,-0.0521354530298175,-0.0533909650061307
2022-02-25,0.0450955946312428,0.0465683688580656,0.0428866162086134,0.0443891960372129,0.0450955946312428,0.0465683688580656,0.0428866162086134,0.0443891960372129,0.0350261221097346
2022-02-28,0.0244245983784879,0.0171176118457916,0.0214790465340398,0.0169712748715191,0.0244245983784879,0.0171176118457916,0.0214790465340398,0.0169712748715191,0.00798358827587523
2022-03-02,0.0381757605934263,0.0139317352870097,0.0103043688521359,0.00506463332143173,0.00304963598238839,0.00341139181380556,0.000530890663316315,-0.00318733078902207,-0.00535995143813176
2022-03-03,0.0119832726692102,0.00290543215034406,0.00538083561582429,0.0022676277117723,0.0103316425467848,0.0149877093654353,0.0179471654913672,0.0121794086304881,-0.00340059583633795
2022-03-04,-0.0322229382875175,-0.0335011900215386,-0.0291359316576328,-0.0258119897268312,-0.0204054149298213,-0.0139452718674447,-0.0154723825417603,-0.0189412665607001,-0.0196132530826892
2022-03-07,0.0209648901237687,-0.00312476194179462,-0.00731059929251946,-0.0169303793377077,-0.0156822739939692,-0.01218107955884,-0.015129900027957,-0.0250179725006319,-0.0252102698434029
2022-03-08,-0.0148070262246413,0.000614942696635479,0.00479262346088856,0.0100128968105856,0.0131479849893947,0.0166387656687268,0.0130548240768894,0.0179031440347052,0.0142734935746217
2022-03-09,0.000151813832865555,0.0115579830291843,0.00865310424340771,0.0112978857819917,0.00284334667185449,0.0107755607038907,0.0143262592610499,0.0183771246924515,0.0204785665242232
2022-03-10,0.0228028568624274,0.0227258580454738,0.0179289029334661,0.0192784872901821,0.00833499270945071,0.00305274823128532,0.00385485554611886,0.00848266608572218,0.0125169927371992
2022-03-11,0.00456043723066402,0.00945209589299656,0.00670952083213187,0.0073370400652118,0.00122437071040249,0.00368993894764769,0.00731821636588278,0.00665606456443957,0.00638468540503715
2022-03-14,-0.00468524547553917,0.0074886438431257,0.00432945620831663,0.00821322428999965,-0.0019889190613015,0.00357295973672384,0.00211666624301177,-0.00263063351524531,0.00309824151565479
2022-03-15,-0.0407307587145878,-0.0159393533572544,-0.0151135155904415,-0.0138080577122351,-0.0134618400568156,-0.021346878268527,-0.0212966279520971,-0.0167064476063455,-0.00948311908561796
2022-03-16,0.0264124119605658,0.0216267606861374,0.0165081394796114,0.0158916498271893,0.00627089706655926,0.0114134757862082,0.0106877662828293,0.0171038797925559,0.0173303014412334
2022-03-17,0.0194749626244388,0.0225638388908977,0.0148173644092549,0.0133716326690321,-0.000675584554030717,0.00478163605444903,-0.00136848435374119,0.00680800768693576,0.0155107494078046
2022-03-21,0.0149614817170183,0.0102500269853185,0.00382458206568733,-0.000169873119391761,-0.00902630777357505,-0.00460679636210071,-0.00103290876250228,-0.00250664284076624,-0.00633830796158377
2022-03-22,0.00754409026180314,0.00367566826940724,0.00395923801203465,0.00338880853380685,0.00452637749728946,0.0105383938583697,0.00443156218314145,0.000804497355371747,0.00413667749811146
2022-03-23,0.0120625753571206,0.00284121511580104,0.0028121242142772,0.000872829036513839,0.0027539424112295,0.00526125396162413,0.00540947452208192,0.00319166183633787,-0.000337963629347026
2022-03-24,0.0153467356764876,0.00993905534045725,0.0103810095822097,0.00664978057315896,0.0112649180657147,0.012619216916304,0.0136560387753513,0.011487841909767,0.00246889645009228
2022-03-25,0.000307881773399021,0.000841278299460235,6.99993432073942e-06,0.00123265836554473,-0.00166155679595825,0.00232059760758024,0.00336116245507478,0.00555052021692079,-0.00279965178296278
2022-03-28,0.00982168449398668,0.0015819374228272,0.00155540949684004,0.00422150504594637,0.00150235364486573,0.00125599775305163,0.00208628114055864,0.00260146479914963,0.000784018740581746
2022-03-29,0.00189369936475181,0.00640952205229572,0.00258147583412716,-0.000137369445150859,-0.00507461660220998,-0.00287515351450968,0.0015965123563733,0.00363179191162363,0.00677396329157753
2022-03-30,-0.0217395167857924,-0.00503146442252372,0.00116510428189398,0.00388816645606657,0.0135582416907294,0.017342420356769,0.0153215806794558,0.0153155935533795,0.0100998286075198
2022-03-31,-0.000818587711780117,-0.000819089739922119,0.000268448267322641,-0.00173331436154112,0.00244352428181216,0.00179192416105534,0.000210865891450733,0.000785124142126781,9.95724293362778e-05
2022-04-01,0.00832841350514246,0.014456195451892,0.0221119831071214,0.0208946952235078,0.00178149522165056,0.000374176124303656,0.0118315982616627,0.0148125960114321,0.0139770603610476
2022-04-04,0.0198975581764123,0.0162977865644032,0.0140542801182079,0.0140538189096383,0.0119470791950163,0.00746458066141353,0.0152950426151904,0.0123226855748074,0.0170204998216524
2022-04-05,0.00520000249600128,0.00529275795664319,0.00509319461843183,0.00316239518128736,0.00485635942316676,0.00549944832581184,0.0183836007394881,0.0131261473427273,0.00376328866589309
2022-04-06,0.0134883470696445,0.0111618117129946,0.0140807470877861,0.00843872899119599,-0.00433066211314126,-0.00666394469136239,0.00353806447590025,0.0020334991375143,-0.00125628946784216
2022-04-07,-0.0165898476380063,-0.0194973051027417,-0.0141911711707688,-0.0138146639227946,-0.0109142038074662,-0.00724940988886175,-0.00996170715435107,-0.00739418382161591,-0.00487803186122531
2022-04-08,0.0207271904364472,0.018325271981265,0.0148791597352888,0.0128172201541192,0.00329360466969386,0.0075046974403209,0.0100980986181064,0.00792040145543899,0.0086826692908123
2022-04-11,0.00286486909775441,0.0106949222567309,0.00565305490860032,0.0076461559601923,-0.013456272145612,-0.00160519170143658,0.0120287467169855,0.0118211982975378,0.00219486742783017
2022-04-12,-0.027397607564283,-0.0255541313959341,-0.0211245583365544,-0.0196343117297011,-0.0320423438538189,-0.016880872526831,-0.0101438494405413,-0.014496171288729,-0.0122463563601524
2022-04-13,0.00572312741960879,0.00651432091356552,0.0048717639059556,0.00172399045903837,-0.00322480482611776,-0.00182457751992648,0.000455401100057262,-0.00101350249654988,-0.000779989483028864
2022-04-18,0.00331439590288007,0.000163981409118885,-0.00819924097854729,-0.00978138141556739,-0.0369104146177569,-0.024492278798543,-0.0111543204559464,-0.0115234486916883,-0.0107897480914565
2022-04-19,-0.0106708466929882,-0.00158150166214871,-0.00202079579156718,-0.00631994744512795,-0.0164900222369827,-0.00378983774589353,-0.00910222181331011,-0.0130036878400767,-0.0138023776022422
2022-04-20,-0.00332550002611109,0.00804372099492473,0.00473141138166848,0.00240687394130984,-0.00125557904627682,0.00768398664141851,0.00328075560151442,0.003844745183545,0.00536259317367383
2022-04-21,0.00214929589862778,0.00508887252890522,0.00712985687257343,0.00505317030951433,0.00896709634248305,0.0134880889489036,0.0130443418573739,0.0125668474286482,0.011452081452968
2022-04-22,-0.0197162656315845,-0.0138499530523357,-0.0162252096407348,-0.0128089584346474,0.00788501974460232,-0.00236990312775931,-0.00281884708874477,-0.00557540327596778,-0.0105947924362412
2022-04-25,-0.028545157030365,-0.026378973993447,-0.0219354245298052,-0.0218667736300774,-0.0288023535915052,-0.020313131878379,-0.0208568458815569,-0.0250260397416754,-0.0178624693408795
2022-04-26,0.0127912313797487,0.015757955323518,0.0182360522183284,0.0184295295395108,-0.000809702136779999,0.000634134137701248,0.0078673572406377,0.0148241746184573,0.015665150675765
2022-04-27,-0.00241122956444995,-0.00628117416093382,-0.00693978470031797,-0.00502655052886644,0.00363112014157418,-0.00247413352252762,-0.00682698073307771,-0.0058816828106423,-0.00961101819068333
2022-04-28,0.00645671738792575,0.00930259224771213,0.00792606671821794,-0.00193655905430548,0.00490749030494597,-0.00260357109836989,0.00430788704455842,0.00537358203210145,0.00684137529533509
2022-04-29,-0.00551471382231106,-0.0141588284748574,-0.0150012614614919,-0.018418789479024,-0.0038224538144781,-0.000687591828018197,-0.00693835908895905,-0.00819732478643811,-0.00827640653236885
2022-05-02,0.00565822005492067,0.00430341842046309,0.0025705617312163,0.00183402865130597,0.0029486167860055,0.0012839791748957,-0.00608759143019435,-0.00478948148446508,-0.00370260584363849
2022-05-04,-0.0321462968001623,-0.0240233973375302,-0.0191123138330178,-0.0186668463805703,-0.0159004978748981,-0.0242736787056358,-0.0271687260707263,-0.0226990812590429,-0.0258986601954
2022-05-05,0.00617582125816751,0.0100806359302728,0.0058216305391792,0.00304201790108574,0.013985450602378,-0.00109421460923914,-0.00121801354830594,-0.00158760522198143,-0.00240732640686524
2022-05-06,-0.0210702545083626,-0.00919409488473061,-0.0068435157944684,-0.00599303978145571,0.00268206473890142,-0.0164471491153069,-0.0189507289291343,-0.0147486361003367,-0.020049621616239
2022-05-09,-0.0203118930018314,-0.0215906215627553,-0.0212255593373937,-0.0195894009954517,-0.0228693501236791,-0.0178214139102132,-0.0154353558893778,-0.016700375638701,-0.0119661844649855
2022-05-10,-0.0519851513935886,-0.0445424484109364,-0.0373267501884671,-0.0267708685522247,-0.0370997454282842,-0.0332674182037073,-0.0272219096639651,-0.026140270683856,-0.0133206143156663
2022-05-11,5.12176383791196e-05,0.00247138129747748,0.00154860815790199,-0.000555410088069169,0.00489154495657584,0.00613460325901261,0.00113632364886651,0.000778008206337638,-0.00689035228895775
2022-05-12,-0.0369674857817361,-0.0364478113562633,-0.0288094273422808,-0.0245848156357959,-0.0359281369307904,-0.0287293414792082,-0.0253720462876119,-0.0224121995442879,-0.0225401719998591
2022-05-13,-0.0207912317222029,-0.0243124706859792,-0.0149976922968365,-0.00665593583331608,-0.0278337096497555,-0.0152432718409132,-0.00531297075663517,-0.00307676194711412,0.00212535168706686
2022-05-16,0.00882410750307772,0.0152876478308654,0.011686217369346,0.00789952908820679,0.0217511881586532,0.0239138062530745,0.0185539428504543,0.0150362962494175,0.0123141558231059
2022-05-17,0.0685667042657916,0.0456660053691078,0.0427016112813343,0.0371900995527269,0.022765306472424,0.0211384685353672,0.0197659411515769,0.0240176616401295,0.023263059880745
2022-05-18,-0.00322916129372774,-0.00333002601510357,-0.0038510480568041,0.00024528763425577,-0.0034308907364794,-0.0104445590623916,-0.00897441404547842,-0.00795408356916011,-0.00195418552429906
2022-05-19,-0.0407648493731957,-0.0289503092754287,-0.0268310721734302,-0.0217593036219136,-0.0171357691776618,-0.0216227148760372,-0.0194810842178256,-0.0202589626557275,-0.0252468992061732
2022-05-20,0.0420167434671499,0.0239833851624551,0.0253673063302381,0.0243638558246957,0.00595002685776036,0.0240668542791969,0.0212784404110176,0.0229926174747143,0.0242722132426087
2022-05-23,-0.0814408761127793,-0.0452469286472276,-0.0355211848002117,-0.0268714219165295,-0.00905298118167586,-0.00986489294019027,-0.00901588057589642,-0.0107793347084673,-0.00489452758886908
2022-05-24,-0.0117008657356131,-0.0137674750561078,-0.0104623179051599,-0.0110921126572351,-0.0158340843766024,-0.0139458516134933,-0.0116186374640651,-0.00967697899886485,-0.00786341058463417
2022-05-25,-0.0195064243350203,-0.0088176048169456,-0.00989703021941846,-0.00794819390054616,0.00187121470112905,-0.0134585790751121,-0.0114421683695471,-0.0115955965332513,-0.0134023795357317
2022-05-26,0.0266833491140268,0.0159354629173356,0.0129194380753857,0.0108768279413317,0.0051875767206444,0.00953656739049147,0.0120185866765422,0.0107357871052782,0.0117923481464911
2022-05-27,-0.000621848761638288,-0.00231119920949929,-0.00488888600261661,-0.00106746081033343,-0.0040005496573603,0.000353250728951648,0.00504470949026518,0.00127246722048607,0.0111382740975476
2022-05-30,0.0100783726954539,0.0105686349504883,0.0156995841628499,0.0141784558235071,0.0110588972055228,0.0258350329327359,0.020867651688193,0.022141109413038,0.0207402988932082
2022-05-31,0.0130501174628035,0.00098014947544961,-0.00176714796151486,-0.000658232639722617,-0.0110898185119043,0.00453404823369746,0.00486615750643145,0.00183418242096264,0.00274604931669076
2022-06-01,-0.00970417370449167,-0.00806608653067542,-0.00605698272660263,-0.00494964334785967,-0.00412762521163079,-0.00527781228424498,-0.00303773314530535,0.00300817019634639,-0.0026912294166863
2022-06-02,0.00163287292063963,0.0123748350773214,0.00618670265987002,0.00682504836317044,0.0087400854730717,0.0159284413535374,0.0127261638919686,0.00947487555786786,0.0034367561944606
2022-06-03,-0.00580308321278744,-0.00205160827781042,-0.00743739147161696,-0.0105847741880373,-0.0200269223372984,-0.00916352784006591,-0.00865697445668723,-0.0104254867856024,-0.0109797202389949
2022-06-06,-0.000926684980727455,0.00228536190959561,0.00214311129348281,0.000346449278881888,-0.00504353676492086,0.000226936017498902,-0.000205960492371797,-0.00158805618383201,-0.00327740181918058
2022-06-07,-0.0154189765548105,-0.00322662975820553,-0.00041007412230402,0.00190726755317383,0.00885929257960738,0.00891250480900341,0.00563549360261632,0.00339715319956405,-0.00843770264929296
2022-06-08,-0.0104776055386145,-0.00523880276930727,-0.0029004843208584,-0.00334195907574794,-0.00466638334041658,-0.00233319167020829,0.00148078846160741,0.000693940773337814,-1.92129168548604e-05
2022-06-09,0.00550366191248353,0.00785049896730639,0.00631328292901312,0.00403166211514533,-0.00281320032645804,0.0036920678478356,0.00356130328035342,0.0037886769481294,0.00445676829783035
2022-06-10,-0.000319103624522588,-0.010534466604354,-0.00775900249181697,-0.00802380018725235,-0.00881819327355848,-0.0147840114288719,-0.011723036499692,-0.00995457540809941,-0.00992474210653991
2022-06-13,-0.00936794221727888,-0.0180530295158446,-0.0187164713855792,-0.0195289462831355,-0.0219663709758046,-0.0243522438951074,-0.0210386846259195,-0.0217763791862069,-0.0273082208029039
2022-06-14,-0.00212879458719073,-0.00711958887588637,-0.00658269855695089,-0.00340527716482697,0.00612698701154479,-0.00299169807651861,-0.00353611323460342,-0.00239290153718483,-0.00123515309879409
2022-06-15,-0.00235162278656609,-0.00499808845417976,-0.000251940515612614,-0.00269287197006904,-0.0100156663334383,-0.00883011022761587,-0.0100742662260035,-0.00678848989263886,0.00178675086047807
2022-06-16,-0.00569458264696621,-0.012361411060694,-0.0156808604306462,-0.0192663531578591,-0.0300228313394977,-0.0245255354069598,-0.0189513466343571,-0.0201580128370557,-0.0224706229616579
2022-06-17,-0.0097370577427357,-0.0161957368881284,-0.0146219851137436,-0.0135648795768467,-0.0103935629661559,-0.0165239894998385,-0.0150346544928649,-0.0115800997855828,-0.00915784657638046
2022-06-20,0.0189069449017472,-0.0068667464126374,-0.00692290284424709,-0.0113252556310464,-0.0245323139914442,-0.0285863758592331,-0.0214389403634297,-0.0225475154274818,-0.00850356551838847
2022-06-21,0.0108901474865197,0.0296169759629309,0.026547682715084,0.027463936683518,0.03021269858882,0.039278251514081,0.0315359819286282,0.0293528588608695,0.0250336909658262
2022-06-22,-0.00949828425903643,-0.0155485345585289,-0.0131840861305655,-0.0134695082083293,-0.0143257744416206,-0.017962279649821,-0.0148401520069013,-0.0143772778175902,-0.0137928971983608
2022-06-23,0.00955537670295104,0.00262981061828838,0.0163994895322224,0.0144566620077046,0.0086281794341514,0.00216621198388856,0.00291210734119921,0.00531992861859476,0.0126142855144066
2022-06-24,0.0123896179790488,0.0119123383894265,0.0145275585475207,0.014183321683776,0.0131506110925419,0.0122928349461731,0.00984179058010322,0.0106240809492609,0.0122618160048036
2022-06-27,0.00858556542480815,0.00756599333880026,0.00800237147504701,0.0101536830185965,0.0166076176492449,0.0115770194510186,0.00874005764377387,0.0108540622356543,0.00717598771582114
2022-06-28,0.00183438917818046,0.0122535273452823,0.0123476294301483,0.00902502820911744,-0.000942775453975253,0.0108649450292044,0.00902840288798368,0.00664740644598183,0.000614372989518517
2022-06-29,-0.0126978193711391,-0.00126665654587144,-0.000330034405066589,-0.000817576569131589,-0.00228020306132659,0.00394215160903483,0.00179719562390831,0.000581483182249126,-0.00556370307667379
2022-06-30,-0.000631856450378443,-0.00162885599196921,-0.00417942064748485,-0.00344983941361796,-0.00126109571201727,-0.00194347562278863,-0.00148665261967621,-0.00147590072166728,-0.00419546257040574
2022-07-01,-0.00157813947676605,0.0132999413469443,0.00886662756462954,0.00602497067347216,-5.15382890831084e-06,0.00212529592788832,0.00114612235885016,0.00046505689994611,0.00622456252793489
2022-07-04,-0.00169460799905441,0.0124483104100264,0.0084610432292086,0.00646740963879969,0.00416173829237287,0.00424699883418511,0.00265334792655721,0.00156635894515431,0.00619845756909566
2022-07-05,-0.00361513661358481,-0.0026255302545512,-0.0017020711478208,-0.0012403415944556,0.00404697259760733,-0.00248160641469863,0.000304472598687082,-0.000675429704380892,-0.000355918060612744
2022-07-06,0.0259565303885401,0.0261997494217728,0.0175113267369933,0.0131671153946035,0.000115015680471009,0.00928577682604825,0.0109441557778456,0.0146972494305192,0.0138800720433732
2022-07-07,0.013543954899899,0.00638586035765981,0.00430321059215873,0.00326188570940819,0.00616540930650955,0.00552155022322454,0.0055255328100016,0.00753013833247596,0.0126295830221977
2022-07-08,0.000868608935308934,0.00309417836771275,0.00206278557847517,0.00154708918385638,0.0171345043350601,0.00886123979859055,0.00532972509393248,0.00421444605427659,0.00282879045914748
2022-07-11,0.0105463959317929,0.00671404003541487,0.00464264624382812,0.00360694934803474,0.0309410931828709,0.0165793224342766,0.0134977361384351,0.0127599010867745,0.00751697580614016
2022-07-12,-0.0118448095728354,-0.0116281371787755,-0.00770500187550775,-0.00574343422387386,0.0100388765759547,-0.000702624393645768,-0.0018880619951197,-0.00437724888954863,-0.006050306581782
2022-07-13,-0.000660972496735246,0.00434707587728167,0.00293250150607209,0.00222521432046729,-0.0126442032713054,-0.00381542365502208,-0.00178806297446939,-0.00150629035503586,0.000338244698921786
2022-07-14,0.00404687588380792,0.00132614670315317,0.000933472352851091,0.000737135177700049,0.000388616452563273,-0.00164724496768232,0.00124081868889333,0.00194233298762198,-0.00241313925471941
2022-07-15,0.0203314332831432,0.0175195210261118,0.0116796806840745,0.00875976051305588,0.00161698759581141,0.00250985055966391,0.000240142896169508,0.00526296549291294,0.00576707985054284
2022-07-18,0.00380719816441344,0.00144012516719211,0.00112540628931205,0.000968046850372023,0.00694957858938339,0.00992319130612773,0.00865465353583753,0.00744278969298151,0.0137204642552513
2022-07-19,0.0104932148502617,0.00548207674191736,0.00367996296395308,0.00277890607497094,0.00330877927830331,-6.2149545587864e-05,0.00454700247432323,0.00603355556830784,0.0070352000525748
2022-07-20,-0.00217421021736541,0.00458228345379152,0.00307665660221756,0.00232384317643058,-0.00589393319569242,-0.00512190971636034,-0.00333382777084068,-0.00304392338247186,0.00401483336734224
2022-07-21,0.00560017456377659,0.00686848029186193,0.00461225984426742,0.00348414962047017,0.00828449923731922,0.0100674768524103,0.00615138472979178,0.00601358218828799,0.00956647561173337
2022-07-22,0.00420047367830567,0.00469868054666289,0.00313245369777526,0.00234934027333145,-0.00351397511253437,-0.000252775763246782,0.00116119610191675,0.00192101549601398,0.00306048468645353
2022-07-25,-0.0166634745477627,-0.00969401861449459,-0.00629747799563929,-0.00459920768621164,0.00225322339460843,-0.00241986210652656,-0.00311896213596012,-0.00650509023891077,-0.00321680031975501
2022-07-26,-0.0118474255353285,-0.0128585844553014,-0.00855977636105084,-0.00641037231392555,-0.00914003170909128,-0.000245128071874934,-0.00254606937550324,-0.00487140841545955,-0.00942171642186697
2022-07-27,0.0048910567955176,0.00528311617063337,0.00353354362758947,0.00265875735606752,-0.00602781211222569,0.00760330082123883,0.00710946517814685,0.00655486308248954,0.00942265584087737
2022-07-28,0.00465035573932626,0.0051247984885191,0.00347042152032258,0.00264323303622432,0.0100638802701223,0.0119443159105607,0.0121534402777457,0.0102776691431409,0.0146476495385109
2022-07-29,0.012882752993064,0.00899306484381934,0.00599537656254623,0.00449653242190967,0.0129956958082016,0.0136174531988872,0.0100485446932316,0.0107570967681897,0.0123962072531673
2022-08-01,0.0327230379058641,0.0168248275935666,0.0184246535350559,0.0152925861297457,0.0302230379058641,0.0299621151529965,0.0271828452413425,0.024538616622621,0.0117924860118397
2022-08-02,0.00540326792419865,0.00594435398594628,0.00528145995328614,0.00331511148198438,0.00540326792419865,0.0093364642224687,0.00754286677763442,0.0123465582225021,0.00225623551975909
2022-08-03,-0.00671957196570538,-0.0053970185567731,-0.00782849232019522,-0.00568723487791645,-0.00671957196570538,-0.00721674566371894,-0.00904164372482578,-0.00810526310579138,-0.00548738573693037
2022-08-04,0.0020385546210433,0.00343716897213686,0.00386112621882743,0.00176139744110193,0.0020385546210433,-0.00662596330895415,-0.00284762863523325,-0.00651001024947256,0.00197208053094405
2022-08-05,-0.0109199191976197,-0.00428514732265006,-0.00374958222411137,-0.00191777744113975,-0.0109199191976197,-0.005210920469922,-0.00436676432229266,-0.00429412993161229,0.00193673431449512
2022-08-08,0.00965271385113065,0.00538066650153013,0.00771335223635683,0.00840976306141611,0.00965271385113065,0.0071522853732443,0.00889443148416628,0.00555885006206797,0.00435299312015487
2022-08-10,0.00183246559113326,-0.000908793685209797,0.00191194815594982,0.00145506670085754,0.00183246559113326,0.00056112575284234,0.00289189444798458,0.00101206471722406,-0.00168891121883785
2022-08-11,-0.00211773254424308,-0.00502862386355157,0.00105052989344145,0.00473992847753754,-0.00211773254424308,-0.0022329459376656,0.00291431517736544,0.00814795140505239,0.00826499866995194
2022-08-12,0.000494627364750144,-2.03699518597222e-06,0.00241634588313759,0.00289303093779469,0.000494627364750144,0.00830187915838532,0.00795228998551845,0.00674296861516205,0.00248120941600938
2022-08-16,0.0252428520981345,0.0185895856020465,0.0159125804110373,0.0138206796426871,0.0252428520981345,0.0179953619444616,0.0155164313059807,0.0107067652486654,0.0099191411722568
2022-08-17,-0.00420737385029879,0.00152442588199264,0.000680877687593173,0.00266664157127414,-0.00420737385029879,0.0010290379220963,0.000350619047662278,0.00589917923657599,0.00795389856828879
2022-08-18,-0.00472698620772949,0.000483706352903401,0.000231276106990956,0.000961237228404715,-0.00472698620772949,0.00267183472464239,0.00169002835481695,0.000684323990851249,0.00198502679743509
2022-08-19,-0.0141210773557954,-0.0136883740257246,-0.0127739636764019,-0.0135350117153384,-0.0141210773557954,-0.00696519629279924,-0.00829184518778492,-0.012863542553353,-0.0127754914387881
2022-08-22,-0.019362467153651,-0.0103184240123889,-0.00685702939406818,-0.0099938696914135,-0.019362467153651,-0.0107353743823875,-0.00713499630740059,-0.0106447860612361,-0.017222897943033
2022-08-23,0.0181131362734914,0.00960441003259249,0.0107159230559775,0.00992194092074256,0.0181131362734914,0.00947218830460261,0.0106277752373175,0.0138190243545172,0.00809745969672237
2022-08-24,-0.000956299849673159,0.000244890408278298,0.00294156540398664,0.00345884157132689,-0.000956299849673159,-0.00107817760983486,0.00205952005857786,0.00276659932859147,0.00590224198598805
2022-08-25,-0.00274645297245868,-0.00334601236806548,-0.000580305441449454,-0.00141758349063398,-0.00274645297245868,-0.00374716148467014,-0.000847738185852561,0.00620942978855921,0.00112547846030788
2022-08-26,0.00397935898983737,0.00127619354830288,0.00427266325772687,0.00344944042437584,0.00397935898983737,0.0113841671188561,0.0110113123047624,0.0107141037239391,0.00309903266563212
2022-08-29,-0.00330488325816991,0.000275779406473053,-0.000765714692025539,-0.00478664495813444,-0.00330488325816991,-0.00749790018287683,-0.00594816775159213,-0.0085253523069336,-0.0100492419193006
2022-08-30,0.0256821666060405,0.023174224306255,0.0197093478317976,0.0233363774850868,0.0256821666060405,0.0239927305368852,0.0202550186522178,0.0217215877395667,0.0218462202118989
2022-09-01,0.0135836120361716,0.00909321535107971,0.00332605839465846,0.0034175993806484,0.0135836120361716,0.00147045767405887,0.00304437922891199,-0.000188944811234978,-0.00202097677772959
2022-09-02,0.00947106387692154,0.00136157398717068,0.00136352024305556,0.000164640700065055,0.00947106387692154,0.00443889616308346,0.00181526479908682,0.00233379409463977,-0.00127238778789096
2022-09-05,0.00897217332649558,0.00925269619546887,0.0092266528813835,0.00740122302265017,0.00897217332649558,0.0057296070064462,0.00446138248644753,0.00385725339950432,0.006335738360542
2022-09-06,0.00346629180041136,0.00426261726911059,0.0060160920578182,0.00411935455409684,0.00346629180041136,0.0105950492365033,0.00653974683864648,0.00360812423816337,0.00170349170788565
2022-09-07,0.00663712775957581,0.00249604379628182,0.00177807794571864,-0.001551804897927,0.00663712775957581,0.000987964899627825,-0.00318850787653609,-0.00189716939061399,0.00301833059631986
2022-09-08,0.00537850095534687,0.0152456533071743,0.0118465459203654,0.0103908114519107,0.00537850095534687,0.00100509942562232,0.00267793563259707,0.00299158229544144,0.00562448126351202
2022-09-09,0.00513330357505182,0.00496451437414214,0.00039806903907369,0.00159560735580611,0.00513330357505182,-0.00215509649128731,0.00029267644114291,0.000512189972142418,0.000451123551105165
2022-09-12,0.0080441672217848,0.0101256225874586,0.00934361035811089,0.00769743134083345,0.0080441672217848,0.00821982889118056,0.00639951735712074,0.00527947822458374,0.00811471493833289
2022-09-13,-0.00336309275483238,-0.00172052536419876,0.000456358448607401,0.000493984418754534,-0.00336309275483238,-0.00252141841562581,-0.00147865816735189,0.00076759174482316,0.00496872387935605
2022-09-14,-0.0017770792496975,0.00778437046606212,0.00564178541809601,0.00344143859278082,-0.0017770792496975,0.00235633941375751,0.000517692314783417,-1.10666630809275e-06,8.74192346193613e-05
2022-09-15,-0.00225661440744307,-0.00112134040747253,-0.00210499704143089,0.000185221669392083,-0.00225661440744307,0.00863263339205861,0.00810704819532608,0.00528240844462019,-0.00289193750331071
2022-09-16,-0.0267819717072275,-0.0251171016865988,-0.0238451354850714,-0.0246631542344368,-0.0267819717072275,-0.0230838197090123,-0.0244282833001858,-0.0231403560977026,-0.0233650835658298
2022-09-19,-0.00462603616530721,0.00783510769465601,0.00917371572690599,0.00918781466822932,-0.00462603616530721,-0.00511456308827624,-0.000333004894784383,0.00242998736355662,0.00187815550960719
2022-09-20,0.0104034459100641,0.00761049943176229,0.00834405731747201,0.0104143706049338,0.0104034459100641,0.00960663626625069,0.0119461943332735,0.0108244840873324,0.0136881569062039
2022-09-21,-0.00831423955223776,-0.00771526907457887,-0.00785109349196156,-0.00716574994180708,-0.00831423955223776,-0.0120690348711431,-0.00974926301120997,-0.00435506935665617,-0.00802777019179003
2022-09-22,0.00773387525113733,-0.000586929284057458,-0.000317927419389629,0.00160140482568566,0.00773387525113733,0.00291390790446744,0.00439573912328213,0.00655670322688423,-0.00152657591788416
2022-09-23,-0.0238519727117941,-0.0317696133423812,-0.0342088247674768,-0.0299217723563224,-0.0238519727117941,-0.0290763443142828,-0.0250711012504749,-0.0200553721726349,-0.0206655169371582
2022-09-26,-0.0331736587392788,-0.0350132109800762,-0.0340671694025533,-0.0350810718233325,-0.0331736587392788,-0.0341356967426755,-0.0354647241903404,-0.0317108263075803,-0.0248630078134362
2022-09-27,-0.00616502302474642,-0.00412483919063289,-1.03830783582112e-05,-0.00128958346939914,-0.00616502302474642,-0.00267900896829559,-0.00349506752637104,-0.00102405084570145,0.00107354914794536
2022-09-28,-0.0025836762965108,-0.0116653828002105,-0.00825943162800909,-0.00604316950477754,-0.0025836762965108,-0.00863474684103904,-0.00555462560572032,-0.00559904128218608,-0.00502258002703034
2022-09-29,0.0061825922306078,0.00887433375525082,0.00810526178403537,0.00528104626664277,0.0061825922306078,0.000799372207177629,-0.000530951957059915,0.00182846121614483,0.00359410359535091
2022-09-30,0.0154101960478812,0.0227791923407982,0.0194384536325919,0.0186190248195651,0.0154101960478812,0.01949595585978,0.018384216700015,0.0140666038832388,0.0152044880548136
2022-10-03,-0.032705533984436,-0.0183021215038467,-0.0211199900999956,-0.023001401921767,-0.0111221130816094,-0.0169797541654184,-0.0182886376106166,-0.0204054100310358,-0.0110305346779392
2022-10-04,0.0313449472989824,0.0255950062750867,0.0269779571020196,0.0245404285154228,0.0176017921824769,0.0188278489284365,0.018760085781663,0.0215060290252186,0.0206769442857828
2022-10-06,0.0325270815849892,0.0178636332422807,0.0146260051281866,0.0131142196361,0.0185946278215374,0.0130007941215916,0.00723845123955336,0.00746652565466466,0.00764394867364645
2022-10-07,-0.00426618556211567,-0.000332085280182859,-0.000998335150021975,-0.00121764207447153,0.00463484378015178,0.00143314935625238,-0.00119063743509377,-0.00147568679874538,-0.000336983419601627
2022-10-10,-0.00255206009602005,-0.0059908455168427,-0.00736383455317679,-0.00711669328768921,-0.0114806846967666,-0.00841695255732372,-0.00929449393871606,-0.00949832361049829,-0.00683220796486626
2022-10-11,-0.022051902495877,-0.0194089019039568,-0.0185574568224914,-0.019950805072793,-0.0156722165563991,-0.0159219526575352,-0.016496224862006,-0.0165858103113946,-0.0163243574676689
2022-10-12,0.00210652744188433,-0.00074846049513777,0.00454373630421815,0.00630578695272194,0.00217625903584184,0.00549048123779572,0.00861140336894802,0.0102405850024435,0.00653231490150946
2022-10-13,0.00105685656017585,-0.00607904032022055,-0.00933439106177714,-0.00893934318424244,-0.00830769634826667,-0.00556387449585266,-0.00494556736155423,-0.00767044865738825,-0.00679921078926385
2022-10-14,-0.00638317125971921,-0.00661677993933485,-0.00288245480970506,-0.00169777996247916,-0.000782474497350472,-0.00375402279143738,-0.0016011734758881,-5.43312445274446e-05,0.0024026448695929
2022-10-17,-0.00967830071037268,-0.00563056868824124,0.00779839062721258,0.00750465957431071,0.00562859015382267,0.0061908619384522,0.00435798701674946,0.0119325675770922,0.00390072290603833
2022-10-18,0.0111440843328465,0.011671672562295,0.0210140487417396,0.0152742607856983,0.0193801514280236,0.0164616392725015,0.0150872374902196,0.0212401283928219,0.0101544700596755
2022-10-19,-0.00673262477918413,-0.00235813212052971,-0.00349868368510016,-0.001412909193513,0.000197438702921771,-0.000357823703313331,0.00109458857060592,-0.000624005275605827,-0.000313060676939776
2022-10-20,0.011428189063452,0.00590890746547124,0.0102113600185372,0.0100876285150541,-0.00469294354720273,-0.00201112432871786,0.00162557139540883,0.00592324482772394,0.00315390673828664
2022-10-21,-0.00919593860553214,-0.00753277133536273,0.00116395193143145,-0.00170215929655435,-0.00815043839300356,-0.0054087218635071,-0.00369572290149589,0.00186755744013303,-0.00350079132557161
2022-10-24,0.00707313158859613,0.00682976921240819,0.00845584194273149,0.00780388042028884,0.00852330548569524,0.00816196938653413,0.00499642647220278,0.0066743167049966,0.00686664430304351
2022-10-25,0.00404215002832409,0.00207144339014831,0.013054574990449,0.0106243237719865,0.00539342497828454,0.00887567602174044,0.00246926529487013,0.0106071585189152,-0.000624906970702676
2022-10-27,0.0271523669838711,0.0179852617061443,0.014664382579271,0.0138625747076885,0.00647377972480268,0.00426404927097257,0.0043800290351362,0.00529067785773324,0.00781989804651223
2022-10-28,-0.0145555564328117,-0.0103367010580272,-0.00839334902828792,-0.00816725296087925,-0.00330529161559234,0.00649623250343995,0.0042509843524345,0.00206157702212353,-0.00324814085329346
2022-10-31,0.00221129040011525,0.0119120253709322,0.0100889911117499,0.0157296708476206,0.0110592467168042,0.0127582295691276,0.0114265407760916,0.010180636230415,0.0110456960962765
2022-11-01,-0.00925034758767656,-0.00213629898625056,0.00365124945547427,0.00239636646271757,-0.00925034758767656,-0.00330751479323596,0.000287573342901175,0.00274766818726044,0.00698074714524098
2022-11-02,-0.00799542993696545,-0.00548480673623214,-0.00418280688767954,-0.001739370569869,-0.00799542993696545,-0.00767452257127332,-0.00610774289268183,-0.00475779010641969,-0.0023326858150077
2022-11-03,0.0252060575422557,0.0129734622993373,0.00898311122686117,0.00662619408317142,0.0252060575422557,0.0105170891022066,0.00725834842027732,0.00621090769718838,0.00135491980032269
2022-11-04,0.0104086716776934,0.00775630493659063,0.0115982708234138,0.00859617841054994,0.0104086716776934,0.00554523505457438,0.00539813610154553,0.00321514375687482,0.00165608980078427
2022-11-07,0.0446070703362875,0.0248855017240019,0.0209480689728528,0.0166500432816049,0.0446070703362875,0.0287907780797068,0.0209151630903766,0.0168093007641113,0.00566229465984811
2022-11-09,0.0393141803232071,0.0162684321089394,0.00592730911230732,0.00393168857197429,0.0393141803232071,0.0158452659692644,0.0083044052777335,0.00688290914528053,-0.00285121843508431
2022-11-10,-0.0128285558493642,-0.00873201700463144,-0.0134982149082787,-0.0104265149288078,-0.0128285558493642,-0.0161822866308058,-0.0123333504738368,-0.0105864581689079,-0.00923822749917516
2022-11-11,-0.00665799523665289,-0.00187424089814575,-0.000118981995383701,-0.00306513475287223,-0.00665799523665289,-0.00485229532131654,-0.00226502573409056,-0.00207124676378212,0.00917684979066402
2022-11-14,-0.00595124206766795,-0.00436351537685709,0.00394732061200724,0.0108822229818018,-0.00595124206766795,-0.0018077099398055,-0.00213040285521907,-0.00497455337711836,0.00274434458259295
2022-11-15,0.00330821761254962,0.000797731271720004,0.00248538473542574,0.00137962203268271,0.00330821761254962,0.00487332182704459,0.00267796286165985,0.00196252334608707,0.000898903997982959
2022-11-16,0.00288164857476292,0.00286672040825131,0.000200193617379811,-0.0032771562589308,0.00288164857476292,-0.000443656178111651,0.000654826628505467,0.00048664432500839,-0.00374141822614729
2022-11-17,0.00788881139782815,0.00434332717182662,0.000755210058712485,-0.00317616773914087,0.00788881139782815,-0.00286745555076429,-0.0016456893852345,-0.00160542484605569,-0.00549508822737411
2022-11-18,0.0152923336674515,0.00415191581133378,0.00158317113363297,0.00136559189094801,0.0152923336674515,0.00174725698170569,-0.00116466269379086,-0.00140700970723109,-0.00372498227568283
2022-11-21,0.0140747433520789,0.00818888752965552,0.00363409862040935,0.00200446924455261,0.0140747433520789,0.00398049814589396,0.00342134266634001,0.00178867754222248,-0.00348196206248855
2022-11-22,0.0166483605109338,0.00992208038930908,0.00895513029700375,0.00603853942977564,0.0166483605109338,0.0102691342497657,0.00791135625573861,0.00732740295361756,0.00320045050296068
2022-11-23,0.0101805296897488,0.00654770024246631,0.00463376879365573,0.0050694971568126,0.0101805296897488,0.0062390609454005,0.00513099756199494,0.00384857604909206,0.00310774401865543
2022-11-24,0.00949830974960375,0.00560614051397412,0.00392475400932065,0.00700876032127801,0.00949830974960375,0.00755280322022256,0.0056065259062632,0.00641420363476869,0.00660016402736784
2022-11-25,0.000476003496866051,0.00252531173656356,0.00415409900392053,0.00234769486311029,0.000476003496866051,0.00461344842993938,0.00460050561204661,0.00266401150846715,0.00555500151905639
2022-11-28,0.00199567172496029,0.00290257276106398,0.00306337325636245,0.00312680329149956,0.00199567172496029,0.0040224993294995,0.00395149081872222,0.00380517538659481,0.00352177874885695
2022-11-29,-0.000358431547888616,-0.00365295828370482,-0.00224672866631481,-0.000234311230941142,-0.000358431547888616,-0.00128035440824759,-0.00316939794533873,0.0022981772817614,0.000901213501412204
2022-11-30,-0.0134811192249188,-0.00408195369996717,0.00384583311485635,0.00226805256807633,-0.0134811192249188,0.00187661372873843,0.00302347976082044,0.00480743945855558,0.00834680235789525
2022-12-01,0.021131259613421,0.00749388362208361,0.00927369152980795,0.00828608445196838,0.021131259613421,0.00749388362208361,0.00927369152980795,0.00891108445196838,0.0055195305334694
2022-12-02,0.00423456713109904,-0.000268055704064796,0.00130483131497435,0.00408139306146885,0.00423456713109904,-0.000268055704064796,0.00130483131497435,0.00408139306146885,0.0019207656235832
2022-12-05,0.0120106842837986,0.00597180005032483,0.0102176332765556,0.00781488069106667,0.0120106842837986,0.00597180005032483,0.0102176332765556,0.00781488069106667,0.00104302956358703
2022-12-06,0.0126353986135181,0.007831582347405,0.00273378745629471,0.000914451069361777,0.0126353986135181,0.007831582347405,0.00273378745629471,0.000914451069361777,-0.00296258633086588
2022-12-07,0.00259752299351601,0.00612042166507121,0.00114620789152368,0.00128889303394461,0.00259752299351601,0.00612042166507121,0.00114620789152368,0.00128889303394461,-0.00499405542641639
2022-12-08,0.0380901745451441,0.0195095872324603,0.0153736916988414,0.0134868487945241,0.0380901745451441,0.0195095872324603,0.0153736916988414,0.0134868487945241,0.00236802723153875
2022-12-09,-0.0176808034299595,-0.0045529138961759,-0.0067535260511213,-0.0058962926413087,-0.0176808034299595,-0.0045529138961759,-0.0067535260511213,-0.0058962926413087,-0.00529219516532098
2022-12-12,0.0140372291730242,0.00762168275813568,0.00640674732839197,0.00594971206993861,0.0140372291730242,0.00762168275813568,0.00640674732839197,0.00594971206993861,0.00268899992343444
2022-12-13,0.0381342160698164,0.018313627838619,0.0128973798011014,0.0103308498711302,0.0381342160698164,0.018313627838619,0.0128973798011014,0.0103308498711302,0.00398226183084895
2022-12-14,0.00555904330123669,0.000653602891154459,0.00459405806723182,0.00542461967112423,0.00555904330123669,0.000653602891154459,0.00459405806723182,0.00542461967112423,0.00727610423922751
2022-12-15,-0.0188301922224765,-0.0138197170829641,-0.0139775371712419,-0.0140683866762657,-0.0188301922224765,-0.0138197170829641,-0.0139775371712419,-0.0140683866762657,-0.00947529679505308
2022-12-16,-0.0292179992142722,-0.0170662611464784,-0.0139049956216533,-0.0151715648301837,-0.0292179992142722,-0.0170662611464784,-0.0139049956216533,-0.0151715648301837,-0.0123887770223925
2022-12-19,-0.00121060559680264,0.00668387904809742,0.00869856183308963,0.00838817101078376,-0.00121060559680264,0.00668387904809742,0.00869856183308963,0.00838817101078376,0.00713348557863799
2022-12-20,-0.00346133400747672,-0.00484837133932436,-0.00284341038245417,-0.00191236684176982,-0.00346133400747672,-0.00484837133932436,-0.00284341038245417,-0.00191236684176982,-0.00216091961766091
2022-12-21,-0.02852183401561,-0.0187472115621986,-0.0202345665508541,-0.0208772364347877,-0.02852183401561,-0.0187472115621986,-0.0202345665508541,-0.0208772364347877,-0.0125788855730195
2022-12-22,-0.0122891958455328,-0.00834366833817796,-0.0093241041472476,-0.0110904687802997,-0.0122891958455328,-0.00834366833817796,-0.0093241041472476,-0.0110904687802997,-0.0081134329649295
2022-12-23,-0.0605590343294015,-0.0388258551571345,-0.040775529338797,-0.0388768821369964,-0.0605590343294015,-0.0388258551571345,-0.040775529338797,-0.0388768821369964,-0.0304706449997277
2022-12-26,0.0728534392197304,0.0412687965475071,0.0348255755410134,0.0330325331835082,0.0728534392197304,0.0412687965475071,0.0348255755410134,0.0330325331835082,0.0210499190313269
2022-12-27,0.0128981604086305,0.00438568732485595,0.0170288677550512,0.0149052071925032,0.0128981604086305,0.00438568732485595,0.0170288677550512,0.0149052071925032,0.00860660338728971
2022-12-28,-0.000368944782446756,0.000149115220198948,-0.000813467552965445,-0.000663691044460235,-0.000368944782446756,0.000149115220198948,-0.000813467552965445,-0.000663691044460235,0.00121946291162976
2022-12-29,0.00717046216742778,0.0026749979043601,0.00537735309729922,0.00433412259495264,0.00717046216742778,0.0026749979043601,0.00537735309729922,0.00433412259495264,0.00308102165477203
2022-12-30,0.015066868920707,0.0037530475310244,0.00431226499362843,0.00398489239083075,0.015066868920707,0.0037530475310244,0.00431226499362843,0.00398489239083075,0.00078980754983563
2023-01-02,0.00701894455485053,0.00491899399519977,0.00344064361767451,0.00384050347710478,0.00701894455485053,0.00491899399519977,0.00344064361767451,0.00384050347710478,0.00616611390660634
2023-01-03,0.00721131887507576,0.00420914012847684,0.00145435996772947,0.00237613047416313,0.00721131887507576,0.00420914012847684,0.00145435996772947,0.00237613047416313,0.00344448660454054
2023-01-04,-0.0182842416702745,-0.0109098104821557,-0.00947015716070469,-0.00978778419352708,-0.0182842416702745,-0.0109098104821557,-0.00947015716070469,-0.00978778419352708,-0.0106562555232443
2023-01-05,0.00228866058448873,0.00455033593634935,0.00820216440806409,0.00411421440745396,0.00228866058448873,0.00455033593634935,0.00820216440806409,0.00411421440745396,0.000626469517882594
2023-01-06,-0.00845549041670501,-0.00541201259166463,-0.0035230435416345,-0.00510596765799226,-0.00845549041670501,-0.00541201259166463,-0.0035230435416345,-0.00510596765799226,-0.00825703488147138
2023-01-09,0.0113935129238147,0.0106726442812027,0.009995970518247,0.00983136462717937,0.0113935129238147,0.0106726442812027,0.009995970518247,0.00983136462717937,0.0086207445830544
2023-01-10,-0.0267252815857243,-0.0152208908843126,-0.0114167203530026,-0.011897290203405,-0.0267252815857243,-0.0152208908843126,-0.0114167203530026,-0.011897290203405,-0.00607293739856605
2023-01-11,0.00701489931116073,0.00352011056421919,-0.00141094543051216,0.000238653935431987,0.00701489931116073,0.00352011056421919,-0.00141094543051216,0.000238653935431987,-0.000736853066841676
2023-01-12,-0.00309463861379999,-0.00117498292198126,-0.00196686862629118,-0.00236576466778762,-0.00309463861379999,-0.00117498292198126,-0.00196686862629118,-0.00236576466778762,0.000257701283620777
2023-01-13,0.0134588283737589,0.00719923252762134,0.00471813996271209,0.00525560445515189,0.0134588283737589,0.00719923252762134,0.00471813996271209,0.00525560445515189,0.00300742482193312
2023-01-16,0.0156671132476949,0.00653573127126866,0.00474509510623877,0.00235678102408102,0.0156671132476949,0.00653573127126866,0.00474509510623877,0.00235678102408102,-0.0029958321925458
2023-01-17,-0.0183791389272542,-0.00849893547429709,-0.00165658558306025,-0.000842308257549246,-0.0183791389272542,-0.00849893547429709,-0.00165658558306025,-0.000842308257549246,0.000706378100182495
2023-01-18,-0.0124716314299165,-0.00255962427459988,-0.000393894551642478,0.00102440718564428,-0.0124716314299165,-0.00255962427459988,-0.000393894551642478,0.00102440718564428,0.00263239459710113
2023-01-19,0.00327823946267469,0.00200114354725112,-0.00153916317951312,-0.00191473722120122,0.00327823946267469,0.00200114354725112,-0.00153916317951312,-0.00191473722120122,-0.00301096529601086
2023-01-20,0.000462737241483158,-0.00233006528011281,-0.00476019399620553,-0.00251929905241663,0.000462737241483158,-0.00233006528011281,-0.00476019399620553,-0.00251929905241663,-0.00595664008103616
2023-01-23,0.00438422388250137,0.00179923669090021,0.00395047063571326,0.00481238765435998,0.00438422388250137,0.00179923669090021,0.00395047063571326,0.00481238765435998,0.00307728907180914
2023-01-24,-0.0136281031106092,-0.00907959610680492,-0.00558271930170133,-0.00469980952844426,-0.0136281031106092,-0.00907959610680492,-0.00558271930170133,-0.00469980952844426,-0.00326353380018496
2023-01-25,-0.0358020627998411,-0.0216760589039394,-0.0147531421405674,-0.0174169320084874,-0.0358020627998411,-0.0216760589039394,-0.0147531421405674,-0.0174169320084874,-0.0148343248392107
2023-01-27,-0.0542621852917552,-0.0329107879511243,-0.0204162921975159,-0.0231298932970505,-0.0542621852917552,-0.0329107879511243,-0.0204162921975159,-0.0231298932970505,-0.0184296571072082
2023-01-30,0.00550627523137348,0.000500157251236477,-0.00166178532454656,-0.000985018888994882,0.00550627523137348,0.000500157251236477,-0.00166178532454656,-0.000985018888994882,-0.00149273627444949
2023-01-31,0.0428062248702177,0.0350866902523022,0.0251741235217786,0.0205369111861479,0.0428062248702177,0.0350866902523022,0.0251741235217786,0.0205369111861479,0.0106438909473866
2023-02-01,-0.0568180330046339,-0.0340518199090543,-0.0259322737524999,-0.0166296676555895,-0.0568180330046339,-0.0340518199090543,-0.0259322737524999,-0.0166296676555895,-0.0129449945634753
2023-02-02,-0.00165820374484305,-0.000493537101685926,0.00220204294123176,0.00734161172865952,-0.00165820374484305,-0.000493537101685926,0.00220204294123176,0.00734161172865952,-0.00130324723699992
2023-02-03,0.0307376560624966,0.0216015818842898,0.0154235918796914,0.0118702560566172,0.0307376560624966,0.0216015818842898,0.0154235918796914,0.0118702560566172,0.00435439896135465
2023-02-06,0.00246147322160017,0.000592013825159443,0.00323776979128698,0.00382069350390782,0.00246147322160017,0.000592013825159443,0.00323776979128698,0.00382069350390782,0.00298679770536828
2023-02-07,-0.00204010213970385,-0.00603826782463618,-0.00384445808164417,-0.00577527025523811,-0.00204010213970385,-0.00603826782463618,-0.00384445808164417,-0.00577527025523811,-0.00170839225817632
2023-02-08,0.00430434037043526,0.00333576715071948,0.00358764994672282,0.00278689333395093,0.00430434037043526,0.00333576715071948,0.00358764994672282,0.00278689333395093,0.0101231051660444
2023-02-09,-0.000880583986417216,-0.00306115284407421,-0.00157378815775796,-0.00172850506575783,-0.000880583986417216,-0.00306115284407421,-0.00157378815775796,-0.00172850506575783,-0.000107609423388816
2023-02-10,0.00408805152212222,0.00383203720152003,0.00435661563293184,0.00226512475731108,0.00408805152212222,0.00383203720152003,0.00435661563293184,0.00226512475731108,0.0017143084478833
2023-02-13,-0.0251972117839419,-0.0156468787321082,-0.0119138997733754,-0.00879975989061405,-0.0251972117839419,-0.0156468787321082,-0.0119138997733754,-0.00879975989061405,-0.011315562911753
2023-02-14,0.0103719746772368,0.00336873000698579,0.00116175400328137,0.00344544533095956,0.0103719746772368,0.00336873000698579,0.00116175400328137,0.00344544533095956,-0.000624814601873062
2023-02-15,0.00478034118665849,0.00731492901615582,0.00545332126711173,0.00445683479805081,0.00478034118665849,0.00731492901615582,0.00545332126711173,0.00445683479805081,0.00593371643594662
2023-02-16,-0.00199811396592775,-0.00210000796625415,0.00466359339082445,0.00327393560706149,-0.00199811396592775,-0.00210000796625415,0.00466359339082445,0.00327393560706149,0.0039887281272067
2023-02-17,-0.0155289725706452,-0.0102385294708575,-0.00863688556881063,-0.00724756535647728,-0.0155289725706452,-0.0102385294708575,-0.00863688556881063,-0.00724756535647728,-0.00735788051721627
2023-02-20,-0.0111204207429086,-0.00413801231345784,-0.00447725111909932,-0.00399417292839016,-0.0111204207429086,-0.00413801231345784,-0.00447725111909932,-0.00399417292839016,-0.0038554032265598
2023-02-21,-0.0178766060702494,-0.0100234891156403,-0.00574438917105624,-0.00402946693077483,-0.0178766060702494,-0.0100234891156403,-0.00574438917105624,-0.00402946693077483,-0.00334773136072172
2023-02-22,-0.0191335623096366,-0.0154678746991025,-0.013756813802971,-0.0110810221160313,-0.0191335623096366,-0.0154678746991025,-0.013756813802971,-0.0110810221160313,-0.0124130549385032
2023-02-23,0.00534124506549083,0.00237429026930247,0.000587570437324825,0.00108614424596676,0.00534124506549083,0.00237429026930247,0.000587570437324825,0.00108614424596676,-0.00335931802124063
2023-02-24,-0.00882876629337637,-0.00877269340836545,-0.00661117724974654,-0.0058238841470295,-0.00882876629337637,-0.00877269340836545,-0.00661117724974654,-0.0058238841470295,-0.00255807369633597
2023-02-27,0.0073037013708166,-0.00387708481260651,-0.00519506093531907,-0.00572407745182602,0.0073037013708166,-0.00387708481260651,-0.00519506093531907,-0.00572407745182602,-0.00588019905045807
2023-02-28,0.00395139841656089,0.00420335556499807,0.00465311546456874,0.00293297655253164,0.00395139841656089,0.00420335556499807,0.00465311546456874,0.00293297655253164,-8.82627863610476e-05
2023-03-01,0.0297513921955097,0.0217785399484812,0.0154248984133518,0.0145006945598442,0.0297513921955097,0.0217785399484812,0.0154248984133518,0.0145006945598442,0.0113027980670265
2023-03-02,-0.000123358781056071,-0.00334214640504477,-0.00393639514932494,-0.00510181878392033,-0.000123358781056071,-0.00334214640504477,-0.00393639514932494,-0.00510181878392033,-0.00242851881747886
2023-03-03,0.0540000039798065,0.0283000539919833,0.0231670069360246,0.0183219783959934,0.0540000039798065,0.0283000539919833,0.0231670069360246,0.0183219783959934,0.0105294367655755
2023-03-06,-0.0022542167446391,0.00143919146531357,0.00200277838287066,0.00389630754665404,-0.0022542167446391,0.00143919146531357,0.00200277838287066,0.00389630754665404,0.00687578588643606
2023-03-08,0.00693876778686042,0.00747249349685486,0.00631745658050812,0.00686815721449802,0.00693876778686042,0.00747249349685486,0.00631745658050812,0.00686815721449802,0.00119459534548165
2023-03-09,-0.0113239386861149,-0.00669861761380802,-0.00783064858201588,-0.0104482957366822,-0.0113239386861149,-0.00669861761380802,-0.00783064858201588,-0.0104482957366822,-0.00567504285601194
2023-03-10,-0.0219189121894012,-0.0137111941225492,-0.0085937880146173,-0.00722064685460397,-0.0219189121894012,-0.0137111941225492,-0.0085937880146173,-0.00722064685460397,-0.0071596290066585
2023-03-13,-0.0286597653661467,-0.0230905398473005,-0.0181960553873348,-0.0192506129755723,-0.0286597653661467,-0.0230905398473005,-0.0181960553873348,-0.0192506129755723,-0.0156219598302207
2023-03-14,-0.0189720331065278,-0.013392899652656,-0.0106983237411539,-0.0102405145011861,-0.0189720331065278,-0.013392899652656,-0.0106983237411539,-0.0102405145011861,-0.00701831568648697
2023-03-15,-0.0121054413306196,-0.00521238936426294,-0.00534276097404374,-0.00529340360806166,-0.0121054413306196,-0.00521238936426294,-0.00534276097404374,-0.00529340360806166,-0.00187846319864713
2023-03-16,0.00566035398887754,-0.00042846688143533,0.00351399083827897,0.00310152180914006,0.00566035398887754,-0.00042846688143533,0.00351399083827897,0.00310152180914006,0.00595158976511194
2023-03-17,0.00833600183921623,0.00985934258968479,0.00573599154721575,0.00310359801238927,0.00833600183921623,0.00985934258968479,0.00573599154721575,0.00310359801238927,0.00330521041444591
2023-03-20,-0.017360679932821,-0.0145413601816727,-0.00705814059472546,-0.00762525074560749,-0.017360679932821,-0.0145413601816727,-0.00705814059472546,-0.00762525074560749,-0.00750312284172047
2023-03-21,0.0164741028015503,0.00977693276688063,0.00430870503200797,0.00344258150182666,0.0164741028015503,0.00977693276688063,0.00430870503200797,0.00344258150182666,0.00576370379489324
2023-03-22,0.00833997419744059,0.00449684853714127,0.00445336678510788,0.00456309837837449,0.00833997419744059,0.00449684853714127,0.00445336678510788,0.00456309837837449,0.00420919926469064
2023-03-23,-0.0174535767199402,-0.00926083175402043,-0.00500696045931988,-0.00366605471307371,-0.0174535767199402,-0.00926083175402043,-0.00500696045931988,-0.00366605471307371,-0.00294435623337208
2023-03-24,-0.0213945106622835,-0.014865748260621,-0.0114380023960039,-0.0104693107839738,-0.0213945106622835,-0.014865748260621,-0.0114380023960039,-0.0104693107839738,-0.0102102781798228
2023-03-27,0.00259824345288884,-0.00393669046125628,-0.00167748420130746,-0.00287363260261966,0.00259824345288884,-0.00393669046125628,-0.00167748420130746,-0.00287363260261966,-0.00448811544520782
2023-03-28,-0.00210927114827386,-0.00269084084737264,-0.0028542789982466,-0.00457421025317045,-0.00210927114827386,-0.00269084084737264,-0.0028542789982466,-0.00457421025317045,-0.00491569856753772
2023-03-29,0.0321913030323404,0.0253483919005021,0.0196915745785308,0.0190338217378621,0.0321913030323404,0.0253483919005021,0.0196915745785308,0.0190338217378621,0.0132989564869201
2023-03-31,0.00921717146015233,0.0104471304301134,0.0105113732459134,0.0104098903620686,0.00921717146015233,0.0104471304301134,0.0105113732459134,0.0104098903620686,0.0111498603089724
2023-04-03,0.0105973355385902,0.00581197719015381,0.00676620463342453,0.00416815217424356,0.0105973355385902,0.00581197719015381,0.00676620463342453,0.00416815217424356,0.00514513281960733
2023-04-05,-0.00793950171543545,-0.00347926278206595,0.00142613248217453,0.00447376223080706,-0.00793950171543545,-0.00347926278206595,0.00142613248217453,0.00447376223080706,0.00477141088728469
2023-04-06,0.00330341748799445,0.00630563674146611,0.00701593725338793,0.00390232645976316,0.00330341748799445,0.00630563674146611,0.00701593725338793,0.00390232645976316,0.00562729293508636
2023-04-10,-0.00629031708251204,-0.00313497346714259,-0.00183478845649639,-0.00245757307086356,-0.00629031708251204,-0.00313497346714259,-0.00183478845649639,-0.00245757307086356,0.0038802696014165
2023-04-11,0.016118942784614,0.0102531785027019,0.0072610362600208,0.00740646544745183,0.016118942784614,0.0102531785027019,0.0072610362600208,0.00740646544745183,0.00487706553676899
2023-04-12,-0.00639653344030633,-0.00278758146730279,-0.00344570595949212,-0.00342602927109387,-0.00639653344030633,-0.00278758146730279,-0.00344570595949212,-0.00342602927109387,0.00564943514612689
2023-04-13,0.014538317480558,0.00793055673863541,0.00596294572404073,0.00527739766012536,0.014538317480558,0.00793055673863541,0.00596294572404073,0.00527739766012536,0.00155268722311654
2023-04-17,0.0313116249381904,0.0168818579244072,0.0107046368278596,0.0106068615781661,0.0313116249381904,0.0168818579244072,0.0107046368278596,0.0106068615781661,0.00130070140766201
2023-04-18,0.00756063503221571,0.00467306851260185,0.00353700172663289,0.00183767881591868,0.00756063503221571,0.00467306851260185,0.00353700172663289,0.00183767881591868,0.00236271782224303
2023-04-19,-0.00844046646279628,-0.00643301891193754,-0.00425652490546287,-0.00380975491209848,-0.00844046646279628,-0.00643301891193754,-0.00425652490546287,-0.00380975491209848,-0.00282731657279347
2023-04-20,-0.00106117126539407,0.00244265631430418,0.00472729124006703,0.00265468037211997,-0.00106117126539407,0.00244265631430418,0.00472729124006703,0.00265468037211997,-0.000515018707631089
2023-04-21,-0.00842948251705433,-0.00569816370526877,-0.00554382571351086,-0.00182699360691799,-0.00842948251705433,-0.00569816370526877,-0.00554382571351086,-0.00182699360691799,-0.00326609878913821
2023-04-24,0.0260555006485887,0.0136169425983075,0.015549193003272,0.013125965876132,0.0260555006485887,0.0136169425983075,0.015549193003272,0.013125965876132,0.00494974709790022
2023-04-25,0.0130882369540923,0.00867133724629421,0.0129258264426472,0.0102739870379838,0.0130882369540923,0.00867133724629421,0.0129258264426472,0.0102739870379838,0.00150862157578865
2023-04-26,0.0052348826283235,0.00617696577418347,0.00518972352267418,0.00567556182726781,0.0052348826283235,0.00617696577418347,0.00518972352267418,0.00567556182726781,0.00181479415888018
2023-04-27,0.00259549768899103,0.00136363061384737,0.00221760064479759,0.00151907791957412,0.00259549768899103,0.00136363061384737,0.00221760064479759,0.00151907791957412,0.00573640769123961
2023-04-28,0.0244966622261285,0.0181630702999135,0.0170119291927795,0.0151551861064513,0.0244966622261285,0.0181630702999135,0.0170119291927795,0.0151551861064513,0.011510235105687
2023-05-02,0.00394948401322259,0.0116452801125555,0.0113384719955012,0.00865292544791123,0.00394948401322259,0.0116452801125555,0.0113384719955012,0.00865292544791123,0.00595428023092919
2023-05-03,-0.0097757506923819,0.000435412905299137,0.0024394149270172,0.0019824350860625,-0.0097757506923819,0.000435412905299137,0.0024394149270172,0.0019824350860625,-0.000603692643490558
2023-05-04,0.0123434902245274,0.0103234829264881,0.0104665552065089,0.00939391757419045,0.0123434902245274,0.0103234829264881,0.0104665552065089,0.00939391757419045,0.00878224886679589
2023-05-05,-0.0097179333218963,0.0013731742026562,-0.000682288308406257,-0.00756567760770807,-0.0097179333218963,0.0013731742026562,-0.000682288308406257,-0.00756567760770807,-0.00602759180824817
2023-05-08,-0.00927012014884165,-0.00560514691302871,-0.000646315094603519,0.00375586950238849,-0.00927012014884165,-0.00560514691302871,-0.000646315094603519,0.00375586950238849,0.00849501108083536
2023-05-09,-0.0275241389485419,-0.0238302721005951,-0.0158202892398582,-0.0115030034529701,-0.0275241389485419,-0.0238302721005951,-0.0158202892398582,-0.0115030034529701,-0.0027981580526172
2023-05-10,-0.0106237521024614,-0.00261430830017922,-0.000540096967944585,0.000900063839326753,-0.0106237521024614,-0.00261430830017922,-0.000540096967944585,0.000900063839326753,0.00336221911950636
2023-05-11,0.00209758701767804,-0.000681675632619227,0.00283194299954174,0.00302225158553809,0.00209758701767804,-0.000681675632619227,0.00283194299954174,0.00302225158553809,0.00187961250338935
2023-05-12,0.00208563969063014,-0.00208655352580062,-0.00100790877456273,0.000786394753270331,0.00208563969063014,-0.00208655352580062,-0.00100790877456273,0.000786394753270331,-0.00227503176502706
2023-05-15,0.0113038658617972,0.00698613685990324,0.00600328297138334,0.00643151935496927,0.0113038658617972,0.00698613685990324,0.00600328297138334,0.00643151935496927,0.00715132900538671
2023-05-16,0.00717702457338643,0.0016168627092582,0.00434181516832958,0.00249351683093471,0.00717702457338643,0.0016168627092582,0.00434181516832958,0.00249351683093471,-0.00131308092058966
2023-05-17,-0.00342967772504821,-0.00125706723929853,0.000303601952829376,-0.000912579220452764,-0.00342967772504821,-0.00125706723929853,0.000303601952829376,-0.000912579220452764,-0.00434734791911163
2023-05-18,-0.0189922199873336,-0.0126343101081556,-0.0105728712451522,-0.00712814154249147,-0.0189922199873336,-0.0126343101081556,-0.0105728712451522,-0.00712814154249147,-0.00614413272822517
2023-05-19,0.00312946677899673,0.00149257430479083,0.000143962796085898,0.00123676711155146,0.00312946677899673,0.00149257430479083,0.000143962796085898,0.00123676711155146,0.00159071558567777
2023-05-22,0.00504474783810016,0.00083093916512994,0.00278469817190926,0.001442657810028,0.00504474783810016,0.00083093916512994,0.00278469817190926,0.001442657810028,0.00687119794171646
2023-05-23,0.00406361319810489,-0.00303598916537051,-0.00241066844882709,-0.00125610628960135,0.00406361319810489,-0.00303598916537051,-0.00241066844882709,-0.00125610628960135,0.00349469410020505
2023-05-24,-0.00510945492289994,0.00225512240287334,0.000317952931973009,-0.00128574754243466,-0.00510945492289994,0.00225512240287334,0.000317952931973009,-0.00128574754243466,0.000639417974825753
2023-05-25,-0.0045285104415157,0.002259251303589,0.00240543040953389,0.00201777229064173,-0.0045285104415157,0.002259251303589,0.00240543040953389,0.00201777229064173,0.00280091477612972
2023-05-26,0.0120818651166832,0.00661238940520315,0.00710636676109866,0.00727258450176127,0.0120818651166832,0.00661238940520315,0.00710636676109866,0.00727258450176127,0.00857162529282928
2023-05-29,0.00583820939188584,0.00562605597323096,0.00531167779202679,0.00499715707148152,0.00583820939188584,0.00562605597323096,0.00531167779202679,0.00499715707148152,0.00555579957922808
2023-05-30,-0.000302366434728807,-0.000619995790653805,0.00105331410418918,0.00225061478471353,-0.000302366434728807,-0.000619995790653805,0.00105331410418918,0.00225061478471353,0.00128146097206527
2023-05-31,0.00330662549775651,0.00947218846295828,0.00857232659231692,0.00517903419688928,0.00330662549775651,0.00947218846295828,0.00857232659231692,0.00517903419688928,0.00243635281873078
2023-06-01,0.00592935084150192,0.00715659998383356,0.00465303065389958,0.00342998331161103,0.00592935084150192,0.00715659998383356,0.00465303065389958,0.00342998331161103,0.00370064680742466
2023-06-02,0.00976455490470785,0.00799231829068214,0.00737691273230371,0.00574595940425321,0.00976455490470785,0.00799231829068214,0.00737691273230371,0.00574595940425321,0.00569928597889
2023-06-05,-0.00434254584253591,-0.00267204562519602,0.00123379630612016,-0.00143174968461313,-0.00434254584253591,-0.00267204562519602,0.00123379630612016,-0.00143174968461313,0.00200299437318126
2023-06-06,-0.00194941042221375,0.00289093916593108,0.00465398714496867,0.00672654838605086,-0.00194941042221375,0.00289093916593108,0.00465398714496867,0.00672654838605086,0.00307855320719275
2023-06-07,0.00723020488634329,0.0114530794110527,0.0120700409326574,0.0144439211518592,0.00723020488634329,0.0114530794110527,0.0120700409326574,0.0144439211518592,0.0103215867076461
2023-06-08,-0.00294881683499726,-0.00598809640696546,-0.004463017913514,-0.00537641381928392,-0.00294881683499726,-0.00598809640696546,-0.004463017913514,-0.00537641381928392,-0.00674820244004884
2023-06-09,-0.0121166010753688,-0.00478369044884108,0.000157361056842461,0.00184874749211289,-0.0121166010753688,-0.00478369044884108,0.000157361056842461,0.00184874749211289,-0.00169401265167716
2023-06-12,0.00478160494967228,0.00236730106245858,0.00256287459055449,0.00249552407846063,0.00478160494967228,0.00236730106245858,0.00256287459055449,0.00249552407846063,0.00502333340622939
2023-06-13,0.00206051404402996,-9.21314757384994e-05,0.0044001665589987,0.0059234291359016,0.00206051404402996,-9.21314757384994e-05,0.0044001665589987,0.0059234291359016,0.0100767191570691
2023-06-14,0.000328343972411771,0.00190554755225358,0.00268845469531054,0.00641666177838851,0.000328343972411771,0.00190554755225358,0.00268845469531054,0.00641666177838851,0.00153848829870294
2023-06-15,-0.0198647080073129,-0.0112503130564665,-0.00766088741116873,-0.000411648281364446,-0.0198647080073129,-0.0112503130564665,-0.00766088741116873,-0.000411648281364446,0.000167219619141158
2023-06-16,0.0145573669893322,0.0112521949490791,0.0117810454341401,0.00995672974613437,0.0145573669893322,0.0112521949490791,0.0117810454341401,0.00995672974613437,0.00877757423959078
2023-06-19,0.00959823857108888,0.00513968925615749,0.00386215721329982,0.00283140051867051,0.00959823857108888,0.00513968925615749,0.00386215721329982,0.00283140051867051,-0.00070974480764801
2023-06-20,0.002511452222133,0.00279806121780068,0.00240400163036954,0.0011011273039771,0.002511452222133,0.00279806121780068,0.00240400163036954,0.0011011273039771,0.00352751607564383
2023-06-21,0.00439632916535349,0.00362398342141457,0.000976484144709189,0.00217761787557083,0.00439632916535349,0.00362398342141457,0.000976484144709189,0.00217761787557083,0.00363225038248962
2023-06-22,-0.0166684806269047,-0.007331706823063,-0.00629708968710811,-0.00534071684038964,-0.0166684806269047,-0.007331706823063,-0.00629708968710811,-0.00534071684038964,-0.00772005076281974
2023-06-23,-0.0102344440324594,-0.013243966022382,-0.0128162872050909,-0.0123712774434714,-0.0102344440324594,-0.013243966022382,-0.0128162872050909,-0.0123712774434714,-0.00999168327420094
2023-06-26,-0.00185073703319216,0.00154093999868277,0.00278722764851354,0.00467515408274188,-0.00185073703319216,0.00154093999868277,0.00278722764851354,0.00467515408274188,0.00658034163482751
2023-06-27,0.0102455419662029,0.00937321961618409,0.00593213840727032,0.00713669111578694,0.0102455419662029,0.00937321961618409,0.00593213840727032,0.00713669111578694,0.00733830749985162
2023-06-28,0.000410323138713364,-0.00145758043719235,0.00165586720095708,-0.000166509889046484,0.000410323138713364,-0.00145758043719235,0.00165586720095708,-0.000166509889046484,0.00491709034113663
2023-06-30,0.0205705586419811,0.0134269600889493,0.0126457824114595,0.010464266878861,0.0205705586419811,0.0134269600889493,0.0126457824114595,0.010464266878861,0.00698622887451725
2023-07-03,0.0360920576473633,0.0158857968582513,0.0120631921473666,0.009356238121667,0.0360920576473633,0.0158857968582513,0.0120631921473666,0.009356238121667,0.00414782382171643
2023-07-04,0.0189488581762269,0.0137915179447929,0.00978913899643774,0.00633036153323679,0.0189488581762269,0.0137915179447929,0.00978913899643774,0.00633036153323679,0.00134512237409009
2023-07-05,0.0102747888712651,0.00595107182920007,0.00644108687318612,0.00572460075462672,0.0102747888712651,0.00595107182920007,0.00644108687318612,0.00572460075462672,0.00408974079359736
2023-07-06,0.00731541311716377,0.0144653588514669,0.0153592928222989,0.0128590925039289,0.00731541311716377,0.0144653588514669,0.0153592928222989,0.0128590925039289,0.00755067597964271
2023-07-07,0.00983862896118959,0.00369401234015238,0.00119429266130126,-0.000242476616995307,0.00983862896118959,0.00369401234015238,0.00119429266130126,-0.000242476616995307,-0.00560001669608062
2023-07-10,-0.00574488249938265,-0.00178863632525461,-0.00096446013400701,-0.00112531321072537,-0.00574488249938265,-0.00178863632525461,-0.00096446013400701,-0.00112531321072537,-0.00315769213829887
2023-07-11,-0.00185274378936451,0.00873002593402361,0.00847497270558262,0.0109218423518146,-0.00185274378936451,0.00873002593402361,0.00847497270558262,0.0109218423518146,0.00677244328576067
2023-07-12,0.00829902029191176,0.00406737049943023,0.00451673876939855,0.00541092304008198,0.00829902029191176,0.00406737049943023,0.00451673876939855,0.00541092304008198,0.00144073964108248
2023-07-13,-0.0238300497744725,-0.0156256084940331,-0.0124163372417141,-0.00994388609978061,-0.0238300497744725,-0.0156256084940331,-0.0124163372417141,-0.00994388609978061,-0.0031047696039034
2023-07-14,0.00794822125880135,0.00556508346790774,0.00688193369594114,0.0063258626653222,0.00794822125880135,0.00556508346790774,0.00688193369594114,0.0063258626653222,0.00934898236499331
2023-07-17,0.0225228660474148,0.0137067850214706,0.0125812853721858,0.0105956568530705,0.0225228660474148,0.0137067850214706,0.0125812853721858,0.0105956568530705,0.0055728382759533
2023-07-18,-0.0123028323198371,-0.0106123623548865,-0.00732550746461706,-0.00398151079591183,-0.0123028323198371,-0.0106123623548865,-0.00732550746461706,-0.00398151079591183,-0.00417011760303645
2023-07-19,0.0195155839405035,0.0143969672279837,0.0115935781287297,0.0107916543807071,0.0195155839405035,0.0143969672279837,0.0115935781287297,0.0107916543807071,0.00626960803159197
2023-07-20,0.00720253339565868,0.00583340955497214,0.00547017397386362,0.00386555908461544,0.00720253339565868,0.00583340955497214,0.00547017397386362,0.00386555908461544,0.00369210553776678
2023-07-21,0.00246592803215995,-0.00145458563776185,0.0058653527558078,0.00504891347147071,0.00246592803215995,-0.00145458563776185,0.0058653527558078,0.00504891347147071,-0.00230668371312656
2023-07-24,0.00104165138422263,0.00308825201268126,0.00527247611961323,0.00575916162831469,0.00104165138422263,0.00308825201268126,0.00527247611961323,0.00575916162831469,0.00107196400357814
2023-07-25,-0.0146444809213012,-0.00395736234098626,-0.00162704024527364,-0.000419835913182426,-0.0146444809213012,-0.00395736234098626,-0.00162704024527364,-0.000419835913182426,0.00348956723708165
2023-07-26,0.0149778134012015,0.00374056436102171,0.00510490925053438,0.0039580812967818,0.0149778134012015,0.00374056436102171,0.00510490925053438,0.0039580812967818,0.00396452647641957
2023-07-27,0.00496452053054752,0.00226184178829719,6.70729183579835e-05,0.000378896710317433,0.00496452053054752,0.00226184178829719,6.70729183579835e-05,0.000378896710317433,0.00168378459328509
2023-07-28,0.00296821001706093,0.00384385021060929,0.0046617126507437,0.00551012722136718,0.00296821001706093,0.00384385021060929,0.0046617126507437,0.00551012722136718,0.00520451195495166
2023-07-31,0.00318719822175972,-0.000680393205062579,0.00798716666740085,0.0104039281681974,0.00318719822175972,-0.000680393205062579,0.00798716666740085,0.0104039281681974,0.0064690958197194
2023-08-01,-0.00281071511975389,-0.00401400280344707,-0.00416555408993404,-0.00361154739157131,-0.00281071511975389,-0.00401400280344707,-0.00416555408993404,-0.00361154739157131,-0.0015876714443929
2023-08-02,-0.0156534271443531,-0.0208752169035027,-0.0188193857136501,-0.0180279421073204,-0.0156534271443531,-0.0208752169035027,-0.0188193857136501,-0.0180279421073204,-0.0120918603674135
2023-08-03,0.00389866096029534,-0.00098011354877281,-0.00198168915777208,-0.0019292317236447,0.00389866096029534,-0.00098011354877281,-0.00198168915777208,-0.0019292317236447,-0.00268403626521487
2023-08-04,0.00356498561084062,-0.00171677574212409,-2.14903945856917e-05,0.0024264457714965,0.00356498561084062,-0.00171677574212409,-2.14903945856917e-05,0.0024264457714965,0.00723962251448188
2023-08-07,0.00581406954924746,-6.97018936200444e-05,0.000298365062032698,0.00323021291026085,0.00581406954924746,-6.97018936200444e-05,0.000298365062032698,0.00323021291026085,0.00626539718646617
2023-08-08,-0.00168402459052985,0.0160041080665896,0.011287897509567,0.00963952794005268,-0.00168402459052985,0.0160041080665896,0.011287897509567,0.00963952794005268,0.000407719243381503
2023-08-09,0.0125466199075952,0.00576863598465155,0.00626738859435757,0.00411006449917906,0.0125466199075952,0.00576863598465155,0.00626738859435757,0.00411006449917906,0.00370928111236465
2023-08-10,0.00420663047426451,-0.0019406160775432,-0.0023795980662521,-0.00226063388697029,0.00420663047426451,-0.0019406160775432,-0.0023795980662521,-0.00226063388697029,-0.00136903224339489
2023-08-11,-0.00353010758469652,0.00448548362158285,0.00422818843023872,0.00276526620299572,-0.00353010758469652,0.00448548362158285,0.00422818843023872,0.00276526620299572,-0.00521602106642179
2023-08-14,-0.00169233123778578,-0.00439503318227602,-0.00492729074036047,-0.00401973231618535,-0.00169233123778578,-0.00439503318227602,-0.00492729074036047,-0.00401973231618535,-0.00486169808578082
2023-08-16,0.00382083356673046,0.00248857791843615,0.0036281969032983,0.00181637149325095,0.00382083356673046,0.00248857791843615,0.0036281969032983,0.00181637149325095,0.00215275828241551
2023-08-17,-0.00461982619115453,0.00484426859714371,0.00283196409913722,0.00460012994605147,-0.00461982619115453,0.00484426859714371,0.00283196409913722,0.00460012994605147,-0.000466673338561753
2023-08-18,-0.0069328879919115,-0.00233746869087326,-0.00178033106988296,-0.00206330836402757,-0.0069328879919115,-0.00233746869087326,-0.00178033106988296,-0.00206330836402757,-0.00352631823874681
2023-08-21,0.00660790988205395,0.000119401117946283,0.0029686296873875,0.00346921505986542,0.00660790988205395,0.000119401117946283,0.0029686296873875,0.00346921505986542,0.00645939152958908
2023-08-22,0.0118480358058228,0.00349325282590601,0.00702500099477569,0.00793678931898026,0.0118480358058228,0.00349325282590601,0.00702500099477569,0.00793678931898026,0.00590696253710016
2023-08-23,0.00900027518127455,0.0130890124235178,0.0118736854918174,0.0116853249321648,0.00900027518127455,0.0130890124235178,0.0118736854918174,0.0116853249321648,0.00396549066296598
2023-08-24,-0.00274461316662644,-0.00460924154574582,-0.00232699395621398,-0.00145338751785312,-0.00274461316662644,-0.00460924154574582,-0.00232699395621398,-0.00145338751785312,0.000109895614046576
2023-08-25,-0.0123876496514855,-0.0137562642785171,-0.0103911014815449,-0.00969445536188659,-0.0123876496514855,-0.0137562642785171,-0.0103911014815449,-0.00969445536188659,-0.00656580922354635
2023-08-28,0.0214079815890771,0.0144537834762438,0.0116275967356526,0.00986018387554688,0.0214079815890771,0.0144537834762438,0.0116275967356526,0.00986018387554688,0.00548465398958895
2023-08-29,0.0055916335291093,0.000337925270358752,0.00204343859529236,0.00130635249748048,0.0055916335291093,0.000337925270358752,0.00204343859529236,0.00130635249748048,0.00396669409453898
2023-08-30,0.011616453180759,0.00415471268906942,0.00488440333081782,0.00489274085444319,0.011616453180759,0.00415471268906942,0.00488440333081782,0.00489274085444319,0.00481200264724217
2023-08-31,0.0150699869669049,0.000883380251549049,0.00287061470361538,0.00209087195058222,0.0150699869669049,0.000883380251549049,0.00287061470361538,0.00209087195058222,-0.000227240109781433
2023-09-01,0.0136225954736691,0.00894545608472472,0.0111318384014109,0.0098605891723763,0.0136225954736691,0.00894545608472472,0.0111318384014109,0.0098605891723763,0.0081532287501077
2023-09-04,0.0227137312042205,0.0130659732142127,0.0127179715522536,0.0125183376913194,0.0227137312042205,0.0130659732142127,0.0127179715522536,0.0125183376913194,0.00769170188918588
2023-09-05,0.00804266271469189,0.00673558864887946,0.00953961450740885,0.00763290421497453,0.00804266271469189,0.00673558864887946,0.00953961450740885,0.00763290421497453,0.00644063343878241
2023-09-06,-0.0164372786649185,-0.0086542277508751,-0.00539289144051687,-0.00561498003695057,-0.0164372786649185,-0.0086542277508751,-0.00539289144051687,-0.00561498003695057,0.000979020515867785
2023-09-07,0.0147361466140983,0.00976489214796139,0.00667317113604771,0.00755246335938187,0.0147361466140983,0.00976489214796139,0.00667317113604771,0.00755246335938187,0.00530654100225353
2023-09-08,0.0193788727057305,0.0144798358426158,0.00972385595018621,0.0127850502614989,0.0193788727057305,0.0144798358426158,0.00972385595018621,0.0127850502614989,0.00570225468454765
2023-09-11,0.0246230366492146,0.0152810240445667,0.0126700489465269,0.0120166388477276,0.0246230366492146,0.0152810240445667,0.0126700489465269,0.0120166388477276,0.0100933786360228
2023-09-12,-0.0503748026346045,-0.0445407206015068,-0.0377216827784806,-0.0377095479577269,-0.0503748026346045,-0.0445407206015068,-0.0377216827784806,-0.0377095479577269,-0.0194722888143374
2023-09-13,-0.00309488129412849,-0.000956500740728283,-0.000647703816234172,0.00095520440220348,-0.00309488129412849,-0.000956500740728283,-0.000647703816234172,0.00095520440220348,0.00637973741695427
2023-09-14,0.00988650757095977,0.00815474580327247,0.00957203753710867,0.00909922775175359,0.00988650757095977,0.00815474580327247,0.00957203753710867,0.00909922775175359,0.00681492026045978
2023-09-15,0.00125422454538815,0.00100221215678375,0.00288917811578722,0.00381639597251632,0.00125422454538815,0.00100221215678375,0.00288917811578722,0.00381639597251632,0.00339371809059198
2023-09-18,-0.00517431277546365,-0.00298761414676368,-0.00659522556792491,-0.0043979332801885,-0.00517431277546365,-0.00298761414676368,-0.00659522556792491,-0.0043979332801885,-0.00307950360810665
2023-09-20,-0.00829459541154609,-0.00532682540593843,-0.00649466509693501,-0.00492124823961534,-0.00829459541154609,-0.00532682540593843,-0.00649466509693501,-0.00492124823961534,-0.00755224035922552
2023-09-21,-0.0127520125382916,-0.0111297691884886,-0.00957657311456276,-0.00890522337881031,-0.0127520125382916,-0.0111297691884886,-0.00957657311456276,-0.00890522337881031,-0.00959827171548463
2023-09-22,0.00804909105191731,0.00202095133930824,0.00116096306810002,0.00286869797030068,0.00804909105191731,0.00202095133930824,0.00116096306810002,0.00286869797030068,-0.00144392911510172
2023-09-25,0.00600855024583313,0.00376449127757184,0.00283688567133663,0.00423266974900566,0.00600855024583313,0.00376449127757184,0.00283688567133663,0.00423266974900566,0.00266259212951417
2023-09-26,0.005291720146817,0.00414373701362403,0.00311695400837442,0.00161348586519838,0.005291720146817,0.00414373701362403,0.00311695400837442,0.00161348586519838,-8.51864414859127e-05
2023-09-27,0.00535256697428554,0.00639599006330716,0.00658216587339274,0.00855106416927404,0.00535256697428554,0.00639599006330716,0.00658216587339274,0.00855106416927404,0.00524433733009072
2023-09-28,0.000509770300354484,-0.0044216503859314,-0.00582185569074837,-0.00794079919955781,0.000509770300354484,-0.0044216503859314,-0.00582185569074837,-0.00794079919955781,-0.00929266971967489
2023-09-29,0.00773529678990537,0.0078349916000674,0.00633909208901806,0.00804746207997825,0.00773529678990537,0.0078349916000674,0.00633909208901806,0.00804746207997825,0.0107130817756364
2023-10-03,0.0100465823411382,0.00614052266437481,0.00409825551858095,0.00292839718789906,0.0100465823411382,0.00614052266437481,0.00409825551858095,0.00292839718789906,0.00178999938459472
2023-10-04,-0.0129211968887613,-0.011966469221095,-0.0138699639145483,-0.0117598239267703,-0.0129211968887613,-0.011966469221095,-0.0138699639145483,-0.0117598239267703,-0.0127172968211539
2023-10-05,0.00559342725751844,0.00392675844216339,0.00343734630620222,0.00385387351261285,0.00559342725751844,0.00392675844216339,0.00343734630620222,0.00385387351261285,0.00234383257995789
2023-10-06,0.00718542812808587,0.00495601613253538,0.00776154139788843,0.0056765996890302,0.00718542812808587,0.00495601613253538,0.00776154139788843,0.0056765996890302,0.0067469591654388
2023-10-09,-0.0251507803814809,-0.0199300302865822,-0.0186018629267325,-0.016524228665667,-0.0251507803814809,-0.0199300302865822,-0.0186018629267325,-0.016524228665667,-0.0105858770849704
2023-10-10,0.0171758295634747,0.0141087354232892,0.0154539518733794,0.0156904283305059,0.0171758295634747,0.0141087354232892,0.0154539518733794,0.0156904283305059,0.0109487955715567
2023-10-11,0.000921621559588415,0.0036786879301014,0.00348866749061879,0.004861027529111,0.000921621559588415,0.0036786879301014,0.00348866749061879,0.004861027529111,0.00584287215970542
2023-10-12,0.00481818261996958,0.00263503877207405,0.0016861137374203,0.00140826373339359,0.00481818261996958,0.00263503877207405,0.0016861137374203,0.00140826373339359,0.00226419823940237
2023-10-13,0.00490040753344401,0.00197514964170281,0.00102144238485328,-0.00113299160784119,0.00490040753344401,0.00197514964170281,0.00102144238485328,-0.00113299160784119,-0.00117921578039385
2023-10-16,0.00828561346381629,0.00681491197174522,0.00539240479113497,0.00392486526507241,0.00828561346381629,0.00681491197174522,0.00539240479113497,0.00392486526507241,0.00101488137350745
2023-10-17,0.00793598541878526,0.00933562206424055,0.00754174746108068,0.00526995782266665,0.00793598541878526,0.00933562206424055,0.00754174746108068,0.00526995782266665,0.00429264355286843
2023-10-18,-0.00192518755538129,-0.00313278874396883,-0.00490687931273096,-0.00559055152528309,-0.00192518755538129,-0.00313278874396883,-0.00490687931273096,-0.00559055152528309,-0.00584166001414425
2023-10-19,0.005164115895953,-0.00049054668157128,0.000479184341448706,0.00234860558272718,0.005164115895953,-0.00049054668157128,0.000479184341448706,0.00234860558272718,-0.000983437061668202
2023-10-20,-0.00617675279281737,-0.0061983406860866,-0.00615470866021595,-0.00867301512535004,-0.00617675279281737,-0.0061983406860866,-0.00615470866021595,-0.00867301512535004,-0.00777027168398612
2023-10-23,-0.0542544846431682,-0.0421634471312646,-0.0385677564966314,-0.0371056068914978,-0.0542544846431682,-0.0421634471312646,-0.0385677564966314,-0.0371056068914978,-0.0233863939878014
2023-10-25,-0.0211834320605288,-0.0164985610960126,-0.013125175937334,-0.0101052969936093,-0.0211834320605288,-0.0164985610960126,-0.013125175937334,-0.0101052969936093,-0.00775443196028332
2023-10-26,-0.00516253992494575,-0.00774140285966951,-0.0121436284619561,-0.0100920389310507,-0.00516253992494575,-0.00774140285966951,-0.0121436284619561,-0.0100920389310507,-0.0115374607099327
2023-10-27,0.0193766813373195,0.0173465075909882,0.0168506619560826,0.0172601247438582,0.0193766813373195,0.0173465075909882,0.0168506619560826,0.0172601247438582,0.0140701703836286
2023-10-30,0.00368670957268158,0.00385552157450486,0.00132287724822329,0.00281745154263768,0.00368670957268158,0.00385552157450486,0.00132287724822329,0.00281745154263768,0.00289263655889183
2023-10-31,-0.00461730441640096,-0.00528083680633989,-0.000950109735526339,0.000273779998088669,-0.00461730441640096,-0.00528083680633989,-0.000950109735526339,0.000273779998088669,0.000953462021409303
2023-11-01,-0.00555323226242288,0.00373359922980401,0.00411825190220997,0.00367012096704751,-0.00555323226242288,0.00373359922980401,0.00411825190220997,0.00367012096704751,-0.00141878774814134
2023-11-02,0.0142637570438449,0.0197346182479499,0.0180921877126719,0.0174561228869133,0.0142637570438449,0.0197346182479499,0.0180921877126719,0.0174561228869133,0.0115948901014976
2023-11-03,0.00573807688312278,0.0155952868706425,0.0125403260756065,0.0106964934272039,0.00573807688312278,0.0155952868706425,0.0125403260756065,0.0106964934272039,0.00810961409241479
2023-11-06,0.0124852428597186,0.012250594496109,0.0104200095026524,0.0101716321687356,0.0124852428597186,0.012250594496109,0.0104200095026524,0.0101716321687356,0.00941459011120083
2023-11-07,0.00362063673451862,-0.00486405038639448,-0.00184101880164533,-0.000170336722316144,0.00362063673451862,-0.00486405038639448,-0.00184101880164533,-0.000170336722316144,0.00356825447191611
2023-11-08,0.0126247292758366,0.0139799294983221,0.0115222963220141,0.0112297758931315,0.0126247292758366,0.0139799294983221,0.0115222963220141,0.0112297758931315,0.00507474009140745
2023-11-09,0.00107776079345756,0.00670811757888801,0.00370079078642679,0.00125827347137361,0.00107776079345756,0.00670811757888801,0.00370079078642679,0.00125827347137361,1.55196989202061e-05
2023-11-10,-0.00113905033986805,0.000542226456517469,0.000851078720864207,0.00174929963009768,-0.00113905033986805,0.000542226456517469,0.000851078720864207,0.00174929963009768,0.0025828958751021
2023-11-12,0.0155968077265487,0.0108797514392809,0.0102269079815405,0.00942603451299734,0.0155968077265487,0.0108797514392809,0.0102269079815405,0.00942603451299734,0.00619070859378999
2023-11-13,0.00879367465831504,0.00235518767623794,-0.00123857026035109,-0.000848906572936625,0.00879367465831504,0.00235518767623794,-0.00123857026035109,-0.000848906572936625,-0.00101175356927508
2023-11-15,0.013741640315917,0.0216514679644365,0.0200453810262643,0.0171774689498895,0.013741640315917,0.0216514679644365,0.0200453810262643,0.0171774689498895,0.0100809385306684
2023-11-16,0.000183982656455139,0.00471148079499506,0.0121875829365613,0.0107253864799656,0.000183982656455139,0.00471148079499506,0.0121875829365613,0.0107253864799656,0.00599664165901173
2023-11-17,0.0155491846913898,0.0102078743828123,0.00719239185164093,0.00743730575992396,0.0155491846913898,0.0102078743828123,0.00719239185164093,0.00743730575992396,0.00278823612171442
2023-11-20,0.00417689535808696,0.000831886729292852,0.00473052265056965,0.00347527069250619,0.00417689535808696,0.000831886729292852,0.00473052265056965,0.00347527069250619,-0.000697249247322812
2023-11-21,0.00367574019781847,0.00750664068428852,0.00154711788974271,0.00097317508306069,0.00367574019781847,0.00750664068428852,0.00154711788974271,0.00097317508306069,0.00271143574342061
2023-11-22,-0.00514640418404166,-0.00606349026785868,-0.00570183395777043,-0.00429246410919124,-0.00514640418404166,-0.00606349026785868,-0.00570183395777043,-0.00429246410919124,-0.00170852166336203
2023-11-23,0.00108388811144566,0.00570311636048026,0.00268743864911118,0.00316191876424762,0.00108388811144566,0.00570311636048026,0.00268743864911118,0.00316191876424762,-6.95616611044689e-05
2023-11-24,-0.000749251787684813,0.00094451588803357,0.000419498169457189,0.00177486935174653,-0.000749251787684813,0.00094451588803357,0.000419498169457189,0.00177486935174653,0.000858626299764096
2023-11-28,0.00227024579904667,0.00399219204962586,0.00103429730514663,0.000184204516171044,0.00227024579904667,0.00399219204962586,0.00103429730514663,0.000184204516171044,0.00407802344301121
2023-11-29,0.00388920256401737,-0.000524297012207076,0.00390812582012438,0.00487951789183441,0.00388920256401737,-0.000524297012207076,0.00390812582012438,0.00487951789183441,0.0081541033348019
2023-11-30,0.00689883908277933,0.0106544205080713,0.00826764731789605,0.0112255437561761,0.00689883908277933,0.0106544205080713,0.00826764731789605,0.0112255437561761,0.00875790395724392
2023-12-01,0.0107015298019135,0.00920634982273583,0.00514001586574917,0.00478060062280834,0.0107015298019135,0.00920634982273583,0.00514001586574917,0.00478060062280834,0.00683294546125047
2023-12-04,0.0203405984299365,0.023254486972225,0.0159834863176686,0.0163525231433498,0.0203405984299365,0.023254486972225,0.0159834863176686,0.0163525231433498,0.0149528314919863
2023-12-05,-0.00457204660537835,-0.000451266121334892,0.00303920649967215,0.00307220302429115,-0.00457204660537835,-0.000451266121334892,0.00303920649967215,0.00307220302429115,0.00412398030142844
2023-12-06,-0.0029138680363493,0.00265538309757002,0.00532695105801602,0.0044500427932557,-0.0029138680363493,0.00265538309757002,0.00532695105801602,0.0044500427932557,0.0017847373708642
2023-12-07,0.00354153251770772,0.00192697617350102,0.00233235863711053,0.00279398132149955,0.00354153251770772,0.00192697617350102,0.00233235863711053,0.00279398132149955,0.00504650131993101
2023-12-08,0.00528121221095246,0.00240105415023667,-0.00177440757041451,-0.00268677633781206,0.00528121221095246,0.00240105415023667,-0.00177440757041451,-0.00268677633781206,-0.00113556847166848
2023-12-11,0.00848164968700127,0.0110498800762647,0.00881106220952469,0.00902892003170758,0.00848164968700127,0.0110498800762647,0.00881106220952469,0.00902892003170758,0.00449649985998168
2023-12-12,-0.0174778787989436,-0.0112796750325125,-0.0104357981752964,-0.0101538831986309,-0.0174778787989436,-0.0112796750325125,-0.0104357981752964,-0.0101538831986309,-0.00302190122280745
2023-12-13,0.0160916692474451,0.0119204998002035,0.0124010354162637,0.0106749709451806,0.0160916692474451,0.0119204998002035,0.0124010354162637,0.0106749709451806,0.00662899746520267
2023-12-14,0.0387813322929873,0.0254938987183396,0.024863286290352,0.0191972237682445,0.0387813322929873,0.0254938987183396,0.024863286290352,0.0191972237682445,0.0111180549683529
2023-12-15,-0.00715920427204964,-0.0037326287733716,-0.00244701737624176,-0.000636127063073894,-0.00715920427204964,-0.0037326287733716,-0.00244701737624176,-0.000636127063073894,0.00460097244236745
2023-12-18,-0.00958685501507184,-0.00260600739276146,-0.000229316918903636,0.00242401512006621,-0.00958685501507184,-0.00260600739276146,-0.000229316918903636,0.00242401512006621,0.00110510424325793
2023-12-19,-0.00527547025685104,-0.00276994796747337,-0.000570586747148272,-0.00175709552586897,-0.00527547025685104,-0.00276994796747337,-0.000570586747148272,-0.00175709552586897,-0.000466505650450006
2023-12-20,-0.0243334693191908,-0.0371044028753781,-0.0346975027561608,-0.0325238457155325,-0.0243334693191908,-0.0371044028753781,-0.0346975027561608,-0.0325238457155325,-0.027004768296063
2023-12-21,0.00923580195292328,0.0133030332430196,0.0110480492876452,0.0111044052657202,0.00923580195292328,0.0133030332430196,0.0110480492876452,0.0111044052657202,0.0103067831086573
2023-12-22,0.0254798025955034,0.0170666765215028,0.0143327925460145,0.013431168574489,0.0254798025955034,0.0170666765215028,0.0143327925460145,0.013431168574489,0.00669964030713733
2023-12-26,0.00240030419696757,0.00514191224058103,0.00248284912768567,0.00449883007926655,0.00240030419696757,0.00514191224058103,0.00248284912768567,0.00449883007926655,0.00472293897154413
2023-12-27,0.00679247966997787,0.00510736790741795,0.00660497402903563,0.00440592979561208,0.00679247966997787,0.00510736790741795,0.00660497402903563,0.00440592979561208,0.00655036936741271
2023-12-28,0.00947828237039494,0.00444345930025436,0.0013346168537733,0.00186527747272644,0.00947828237039494,0.00444345930025436,0.0013346168537733,0.00186527747272644,0.00506772748970481
2023-12-29,0.00727815620042915,0.0080850523200614,0.00705096702249489,0.00690512417658601,0.00727815620042915,0.0080850523200614,0.00705096702249489,0.00690512417658601,0.0036686236561106
2024-01-01,0.00457387679481225,0.00731894281952872,0.00604264972690399,0.00357360005693877,0.00457387679481225,0.00731894281952872,0.00604264972690399,0.00357360005693877,0.00429314650524496
2024-01-02,-0.010362515128811,-0.00772589208581692,-0.00517913431412731,-0.0064477210630384,-0.010362515128811,-0.00772589208581692,-0.00517913431412731,-0.0064477210630384,-0.000913286710234712
2024-01-03,0.0122297800969065,0.0130661317966431,0.00840976580909088,-0.019464193145634,0.0122297800969065,0.0130661317966431,0.00840976580909088,-0.019464193145634,-0.00205835529669181
2024-01-04,0.0676593100591445,0.0373988907533819,0.0371170978655998,0.0563772752454738,0.0676593100591445,0.0373988907533819,0.0371170978655998,0.0563772752454738,0.0158622910859098
2024-01-05,0.00363201345030495,0.00394378869922318,0.00446383820695514,0.00617390161665293,0.00363201345030495,0.00394378869922318,0.00446383820695514,0.00617390161665293,0.00161163366623597
2024-01-08,0.00131009525036774,-0.00399500270293462,-0.00307385529049005,-0.00507610030837663,0.00131009525036774,-0.00399500270293462,-0.00307385529049005,-0.00507610030837663,-0.00872090974493378
2024-01-09,0.0251809748511984,0.0207167011199006,0.0162211581333958,0.0123668727741596,0.0251809748511984,0.0207167011199006,0.0162211581333958,0.0123668727741596,0.00244127352119906
2024-01-10,-0.00109840678710782,0.00907711586107973,0.00513091757620902,0.00577402183041897,-0.00109840678710782,0.00907711586107973,0.00513091757620902,0.00577402183041897,0.00324523052211782
2024-01-11,-0.000408428284182305,0.00645169403667956,0.00890733537901293,0.00686181725871099,-0.000408428284182305,0.00645169403667956,0.00890733537901293,0.00686181725871099,0.00598163503891022
2024-01-12,0.0180305712998565,0.00887613224635764,0.005448257112416,0.0110199389029919,0.0180305712998565,0.00887613224635764,0.005448257112416,0.0110199389029919,0.00440663969527682
2024-01-15,0.00254193681177317,0.00548967110650034,0.0062419818279568,0.00605219290293235,0.00254193681177317,0.00548967110650034,0.0062419818279568,0.00605219290293235,0.0032855011881104
2024-01-16,-0.0166398061939907,-0.00721568271845219,-0.00963875324511247,-0.00907325592552194,-0.0166398061939907,-0.00721568271845219,-0.00963875324511247,-0.00907325592552194,-0.00334721983226928
2024-01-17,-0.0141759572424737,-0.00629208610637938,-0.00504266163109501,-0.00382698301940448,-0.0141759572424737,-0.00629208610637938,-0.00504266163109501,-0.00382698301940448,-0.0128980128663734
2024-01-18,0.00728520299032165,0.00729265709788662,0.000186840248646569,0.000139351054142256,0.00728520299032165,0.00729265709788662,0.000186840248646569,0.000139351054142256,-0.00143985203510888
2024-01-19,0.00693816622164301,0.0229381407143868,0.0212523971781375,0.0183115684771091,0.00693816622164301,0.0229381407143868,0.0212523971781375,0.0183115684771091,0.0114567162727755
2024-01-20,-0.00754807591923667,0.0141732769518357,0.0134123240547778,0.00964053557751665,-0.00754807591923667,0.0141732769518357,0.0134123240547778,0.00964053557751665,3.25061273248588e-05
2024-01-23,-0.0531226660214805,-0.0493819194047302,-0.0404508468725209,-0.0343026217657442,-0.0531226660214805,-0.0493819194047302,-0.0404508468725209,-0.0343026217657442,-0.023614047315472
2024-01-24,0.0023885438769955,0.0169576861126558,0.0207833358836646,0.0189308590329365,0.0023885438769955,0.0169576861126558,0.0207833358836646,0.0189308590329365,0.015000808986631
2024-01-25,0.00666090348893911,0.0128750963168369,0.0136430326406665,0.00636268883837385,0.00666090348893911,0.0128750963168369,0.0136430326406665,0.00636268883837385,-0.00229751627557063
2024-01-29,0.0125400477820961,0.0267090234535825,0.0299564922717298,0.0235897845187232,0.0125400477820961,0.0267090234535825,0.0299564922717298,0.0235897845187232,0.0129826320495658
2024-01-30,0.00388178496868474,0.00153746875328487,0.000696694047896925,-0.000543926857767663,0.00388178496868474,0.00153746875328487,0.000696694047896925,-0.000543926857767663,-0.00417556413210042
2024-01-31,0.022767397779583,0.0152780690218288,0.0162209325646165,0.0146814655207835,0.022767397779583,0.0152780690218288,0.0162209325646165,0.0146814655207835,0.0150767501720537
2024-02-01,-0.00938290954917553,-0.00908442106716856,-0.00500637490542403,-0.00674025620303222,-0.00938290954917553,-0.00908442106716856,-0.00500637490542403,-0.00674025620303222,-0.00158381095894347
2024-02-02,0.00963213991725542,0.0147560247980599,0.0191746300880171,0.0139311239044033,0.00963213991725542,0.0147560247980599,0.0191746300880171,0.0139311239044033,0.00529394613528882
2024-02-05,0.00762372673175071,0.000177972572161456,0.00612909308510242,0.00389827727409417,0.00762372673175071,0.000177972572161456,0.00612909308510242,0.00389827727409417,-0.00176102776631927
2024-02-06,0.00404573254029983,0.00898698248644636,0.00430944222822283,0.00563940856479861,0.00404573254029983,0.00898698248644636,0.00430944222822283,0.00563940856479861,0.0110735245105241
2024-02-07,0.0183574575863188,0.00870730178023915,0.00468525360631333,0.00985526805741649,0.0183574575863188,0.00870730178023915,0.00468525360631333,0.00985526805741649,0.00813461032113951
2024-02-08,-0.00686529429296712,-0.00514840638748659,0.00285673936705703,0.000523303291062038,-0.00686529429296712,-0.00514840638748659,0.00285673936705703,0.000523303291062038,-0.0017745503670574
2024-02-09,-0.000113832748646958,-0.00906651547226173,-0.014770180685734,-0.0140928122187785,-0.000113832748646958,-0.00906651547226173,-0.014770180685734,-0.0140928122187785,-0.00210374901368532
2024-02-12,-0.0297240794022066,-0.0459703178911784,-0.0504362416160235,-0.0459999601774465,-0.0297240794022066,-0.0459703178911784,-0.0504362416160235,-0.0459999601774465,-0.0189083061823386
2024-02-13,0.000565333333333307,0.00326933865124468,0.00447347155591404,0.00474350946881508,0.000565333333333307,0.00326933865124468,0.00447347155591404,0.00474350946881508,0.00636386881854628
2024-02-14,0.0124303060669702,0.0242062006263527,0.0230225719510822,0.0198639234988308,0.0124303060669702,0.0242062006263527,0.0230225719510822,0.0198639234988308,0.00819658145405421
2024-02-15,0.0097505501795323,0.00932038855847916,0.0168875108327777,0.0139087307822488,0.0097505501795323,0.00932038855847916,0.0168875108327777,0.0139087307822488,0.00646203081367094
2024-02-16,0.0152979821679962,0.00843136376904419,0.00152589359789864,0.00299526649947596,0.0152979821679962,0.00843136376904419,0.00152589359789864,0.00299526649947596,0.00764594740432767
2024-02-19,-0.00664530309566358,0.00422089403537035,0.00797416132512692,0.00611977987589454,-0.00664530309566358,0.00422089403537035,0.00797416132512692,0.00611977987589454,0.00326749727367546
2024-02-20,0.0116217753192369,0.004304765228406,0.00411569624083319,0.00183984411911087,0.0116217753192369,0.004304765228406,0.00411569624083319,0.00183984411911087,0.00283239227198801
2024-02-21,0.0200124694651418,0.0025801108187179,-0.00560565428905668,-0.00752297733251825,0.0200124694651418,0.0025801108187179,-0.00560565428905668,-0.00752297733251825,-0.0072222444076548
2024-02-22,0.00540096395683243,0.0111936444587021,0.0108298589976893,0.0112803602511567,0.00540096395683243,0.0111936444587021,0.0108298589976893,0.0112803602511567,0.00698763183325962
2024-02-23,0.00998644554297567,0.0101287038469693,0.00598656644898439,0.00499686573838423,0.00998644554297567,0.0101287038469693,0.00598656644898439,0.00499686573838423,0.00315580271874431
2024-02-26,0.000651285796048784,0.00115169754272537,0.00253703443926752,0.00245652233386723,0.000651285796048784,0.00115169754272537,0.00253703443926752,0.00245652233386723,-0.00311934236472012
2024-02-27,0.010709636700722,0.00628594225105339,0.00356402392404801,0.00157987061452924,0.010709636700722,0.00628594225105339,0.00356402392404801,0.00157987061452924,0.000599710824466825
2024-02-28,-0.0211630402966143,-0.0260578963072085,-0.0269121540898269,-0.0258153800621126,-0.0211630402966143,-0.0260578963072085,-0.0269121540898269,-0.0258153800621126,-0.014608562239483
2024-02-29,0.00112638430637646,0.000892390493445583,0.00374984914047705,0.00556027511339663,0.00112638430637646,0.000892390493445583,0.00374984914047705,0.00556027511339663,0.00278059395978506
2024-03-01,0.0072385845430829,0.00986582909754841,0.0113193111238718,0.0133090281151853,0.0072385845430829,0.00986582909754841,0.0113193111238718,0.0133090281151853,0.00708539967258519
2024-03-02,0.00960844594260646,0.0096936961716112,0.00792823321272899,0.00736131137945506,0.00960844594260646,0.0096936961716112,0.00792823321272899,0.00736131137945506,0.00536981703161205
2024-03-04,0.00162533167536449,-0.00253857214759845,0.00422576325037068,0.00382340754407207,0.00162533167536449,-0.00253857214759845,0.00422576325037068,0.00382340754407207,-0.00111415588979165
2024-03-05,0.0031574111183883,0.00270893477903356,0.00320154442944035,0.00878998410373572,0.0031574111183883,0.00270893477903356,0.00320154442944035,0.00878998410373572,-0.00391248432333941
2024-03-06,-0.0134474089376547,-0.0173217202495056,-0.014084135662094,-0.0104645333258601,-0.0134474089376547,-0.0173217202495056,-0.014084135662094,-0.0104645333258601,-0.00408568935551088
2024-03-07,-0.00149147586969833,0.0038880881053463,0.00694545328873427,0.00577055616785985,-0.00149147586969833,0.0038880881053463,0.00694545328873427,0.00577055616785985,0.00553300574042257
2024-03-11,-0.0108516089463947,-0.0146577955249333,-0.0147731028926813,-0.0150395428645592,-0.0108516089463947,-0.0146577955249333,-0.0147731028926813,-0.0150395428645592,-0.0067818942930616
2024-03-12,-0.0371022261335681,-0.0321348874824475,-0.0277281646632561,-0.0272318807480314,-0.0371022261335681,-0.0321348874824475,-0.0277281646632561,-0.0272318807480314,-0.0106167528950782
2024-03-13,-0.0531656349964689,-0.0614566448634396,-0.0650342640261776,-0.0594864238607788,-0.0531656349964689,-0.0614566448634396,-0.0650342640261776,-0.0594864238607788,-0.0332175232909843
2024-03-14,0.00608786266659367,0.0306799043620336,0.030955539934318,0.0249686695190184,0.00608786266659367,0.0306799043620336,0.030955539934318,0.0249686695190184,0.0159675096182138
2024-03-15,-0.00168992586131711,-0.00257305688736886,-0.000816286142818257,-0.00148404462767571,-0.00168992586131711,-0.00257305688736886,-0.000816286142818257,-0.00148404462767571,-0.00258527382456365
2024-03-18,0.00471795991918311,-0.00119279758101154,0.0017700224987803,0.00212426385739645,0.00471795991918311,-0.00119279758101154,0.0017700224987803,0.00212426385739645,0.00173976110989566
2024-03-19,-0.00579366718479957,-0.0113777168890083,-0.0123032001686254,-0.00922740012646908,-0.00579366718479957,-0.0113777168890083,-0.0123032001686254,-0.00922740012646908,-0.0106496601194791
2024-03-20,0.00621009358873437,0.00558141252560995,0.0042937531481481,-0.00057031053997339,0.00621009358873437,0.00558141252560995,0.0042937531481481,-0.00057031053997339,0.000108677858552117
2024-03-21,0.0300330319888735,0.0330701927844421,0.0332355109455094,0.0302776756265022,0.0300330319888735,0.0330701927844421,0.0332355109455094,0.0302776756265022,0.016906905350078
2024-03-22,0.0175218363644036,0.0151700221482038,0.0131118319290525,0.0122463997787277,0.0175218363644036,0.0151700221482038,0.0131118319290525,0.0122463997787277,0.00776367673866345
2024-03-26,0.0157168479218719,0.0119499043936838,0.00980339594276614,0.00761258277343041,0.0157168479218719,0.0119499043936838,0.00980339594276614,0.00761258277343041,0.00387883761275358
2024-03-27,0.00846151490716829,0.00480540587529876,0.00531592218616642,0.00155410035938766,0.00846151490716829,0.00480540587529876,0.00531592218616642,0.00155410035938766,0.0020910252973054
2024-03-28,0.00550596141778503,0.0048055826073059,0.00746144321059964,0.012137697046784,0.00550596141778503,0.0048055826073059,0.00746144321059964,0.012137697046784,0.00863300449975252
2024-04-01,0.0435649145410988,0.0336839436987425,0.0351178803135331,0.0301200267899553,0.0435649145410988,0.0336839436987425,0.0351178803135331,0.0301200267899553,0.0187460865222306
2024-04-02,0.0100217991010283,0.0115453251184381,0.0132893880704588,0.0121740639881009,0.0100217991010283,0.0115453251184381,0.0132893880704588,0.0121740639881009,0.0053463730126911
2024-04-03,-0.0257847640694089,-0.0057400045088366,-0.00343524340157334,0.00187726732201576,-0.0257847640694089,-0.0057400045088366,-0.00343524340157334,0.00187726732201576,0.00166391598625733
2024-04-04,-0.000382304216129281,0.0039508808527845,0.00318266434380658,0.000641996673805018,-0.000382304216129281,0.0039508808527845,0.00318266434380658,0.000641996673805018,0.00299808321129078
2024-04-05,0.0143566007021398,0.00748775726188944,0.0107412195825323,0.00989858335327393,0.0143566007021398,0.00748775726188944,0.0107412195825323,0.00989858335327393,0.00433363179261042
2024-04-08,0.0133219899843384,0.0103998764357774,0.00781058064962011,0.00363108888733765,0.0133219899843384,0.0103998764357774,0.00781058064962011,0.00363108888733765,0.00464230173133502
2024-04-09,0.005285452602656,0.00331622776058116,0.00035593809302692,-0.00182244408570678,0.005285452602656,0.00331622776058116,0.00035593809302692,-0.00182244408570678,-0.00121992266716279
2024-04-10,0.0058745373445952,0.00220595454886036,0.00112220774478903,0.00465701214510369,0.0058745373445952,0.00220595454886036,0.00112220774478903,0.00465701214510369,0.00471357131969345
2024-04-12,-0.00885940993876733,-0.00982789653511507,-0.0100380506848551,-0.0106716468005682,-0.00885940993876733,-0.00982789653511507,-0.0100380506848551,-0.0106716468005682,-0.00817552683825731
2024-04-15,-0.0108519752498811,-0.013136657802809,-0.0167917417815998,-0.0175458849947951,-0.0108519752498811,-0.013136657802809,-0.0167917417815998,-0.0175458849947951,-0.0127488798640259
2024-04-16,-0.00455201616783762,-0.00125037349211821,0.000393862128808283,-0.00288720955001773,-0.00455201616783762,-0.00125037349211821,0.000393862128808283,-0.00288720955001773,-0.00329785637790353
2024-04-18,-0.00532691396695573,-0.00359739358690653,-0.0028563978485245,-0.00260503142174051,-0.00532691396695573,-0.00359739358690653,-0.0028563978485245,-0.00260503142174051,-0.0047707151455728
2024-04-19,-0.0069785976712089,-0.00514938396053616,-0.00436127358780802,-0.0039937614124467,-0.0069785976712089,-0.00514938396053616,-0.00436127358780802,-0.0039937614124467,0.00044183061359798
2024-04-22,0.00737021376556268,0.00370083878597982,0.00904663168074597,0.0144616384598136,0.00737021376556268,0.00370083878597982,0.00904663168074597,0.0144616384598136,0.00943519189441284
2024-04-23,0.0258742142031265,0.0178795222817429,0.0151646338913582,0.0115070046294001,0.0258742142031265,0.0178795222817429,0.0151646338913582,0.0115070046294001,0.0058510979774257
2024-04-24,0.00893127746628286,0.00628157740169188,0.0075002681267559,0.00506223236636683,0.00893127746628286,0.00628157740169188,0.0075002681267559,0.00506223236636683,0.00497802880534586
2024-04-25,-0.00249701953495363,0.00292704270456201,0.00391455961854496,0.0123723270216946,-0.00249701953495363,0.00292704270456201,0.00391455961854496,0.0123723270216946,0.00508562411321735
2024-04-26,0.00590997637891633,0.00290265364550368,0.00388122066544572,0.00213026537104458,0.00590997637891633,0.00290265364550368,0.00388122066544572,0.00213026537104458,0.000330379980453162
2024-04-29,-0.0100010291049594,0.00049133926183792,0.00262368583826796,0.00837140306295955,-0.0100010291049594,0.00049133926183792,0.00262368583826796,0.00837140306295955,0.00546254746992552
2024-04-30,0.0144679644679644,0.0120110341127123,0.00712445481788863,0.00654922450717096,0.0144679644679644,0.0120110341127123,0.00712445481788863,0.00654922450717096,0.00227475138764068
2024-05-02,0.0118195858873499,0.00747166073969671,0.00561571543855936,0.0035734643538603,0.0118195858873499,0.00747166073969671,0.00561571543855936,0.0035734643538603,0.00278767405028969
2024-05-03,-0.00424087958102737,-0.00779067499764569,-0.00863315622875967,-0.00836874526702081,-0.00424087958102737,-0.00779067499764569,-0.00863315622875967,-0.00836874526702081,-0.00490238598251041
2024-05-06,-0.0177017845142985,-0.0160039338977075,-0.00146793307753242,-0.0102611540622237,-0.0177017845142985,-0.0160039338977075,-0.00146793307753242,-0.0102611540622237,-0.00551567535884093
2024-05-07,-0.0291724181965231,-0.0284324170183277,-0.0305730827828954,-0.0286986818359716,-0.0291724181965231,-0.0284324170183277,-0.0305730827828954,-0.0286986818359716,-0.0144773743324805
2024-05-08,0.0090517399995147,0.0134500229578132,0.0111001064663741,0.0105176501028608,0.0090517399995147,0.0134500229578132,0.0111001064663741,0.0105176501028608,0.00314956180003383
2024-05-09,-0.0247149616612378,-0.0321737447159954,-0.0288623716762634,-0.0234796351609787,-0.0247149616612378,-0.0321737447159954,-0.0288623716762634,-0.0234796351609787,-0.0181731487756824
2024-05-10,0.0150279810521259,0.0103777753637839,0.00545812286013421,0.00337134126004843,0.0150279810521259,0.0103777753637839,0.00545812286013421,0.00337134126004843,0.00757153920393383
2024-05-13,-0.00405467581013186,-0.00444815189703485,0.00114424738625529,-0.00221823677650407,-0.00405467581013186,-0.00444815189703485,0.00114424738625529,-0.00221823677650407,0.00206822190347141
2024-05-14,0.0304831116336832,0.0357355913963221,0.0267695130179847,0.0226847841523041,0.0304831116336832,0.0357355913963221,0.0267695130179847,0.0226847841523041,0.00805769955918433
2024-05-15,0.0120179842076844,0.00778278935180965,0.00859886100413654,0.0100112181779567,0.0120179842076844,0.00778278935180965,0.00859886100413654,0.0100112181779567,0.00338511396164419
2024-05-16,-0.0002007385063999,0.011414624081605,0.0130429662278905,0.00757489919716628,-0.0002007385063999,0.011414624081605,0.0130429662278905,0.00757489919716628,0.00881473497759648
2024-05-17,0.00555462881960933,0.0113709954880891,0.0131393518822568,0.0102667347257775,0.00555462881960933,0.0113709954880891,0.0131393518822568,0.0102667347257775,0.00685550702363268
2024-05-18,0.00465921032877947,0.00731916836591429,0.0074768166861446,0.00727994431863377,0.00465921032877947,0.00731916836591429,0.0074768166861446,0.00727994431863377,0.00403752707522115
2024-05-21,0.0230281222378546,0.0251480168517974,0.0167082051476796,0.0163016436189993,0.0230281222378546,0.0251480168517974,0.0167082051476796,0.0163016436189993,0.00252045375964891
2024-05-22,0.00626046209981101,0.00748496508635987,0.00973336170241793,0.00789503260353508,0.00626046209981101,0.00748496508635987,0.00973336170241793,0.00789503260353508,0.00118341094192496
2024-05-23,0.00201916098127453,0.0117623800485089,0.0116049988593647,0.0130086156308289,0.00201916098127453,0.0117623800485089,0.0116049988593647,0.0130086156308289,0.00755520794816219
2024-05-24,-0.00108215230967812,-0.00231215284448788,-0.00372324701320178,-0.00299381529063561,-0.00108215230967812,-0.00231215284448788,-0.00372324701320178,-0.00299381529063561,-0.00122254751734859
2024-05-27,-0.00410851229218145,-0.00366137267702943,0.000395826142249164,0.00361704153590478,-0.00410851229218145,-0.00366137267702943,0.000395826142249164,0.00361704153590478,0.000418536347844236
2024-05-28,-0.0174614939909219,-0.0144707847105054,-0.0168621336680084,-0.0158545582685453,-0.0174614939909219,-0.0144707847105054,-0.0168621336680084,-0.0158545582685453,-0.00492282220930399
2024-05-29,0.00222388546359964,0.00430364531000549,-0.000119621388359858,-0.00130541689695848,0.00222388546359964,0.00430364531000549,-0.000119621388359858,-0.00130541689695848,-0.00534984284743071
2024-05-30,-0.0112093614434937,-0.0119775525248402,-0.00962423081442284,-0.00834110371734101,-0.0112093614434937,-0.0119775525248402,-0.00962423081442284,-0.00834110371734101,-0.0118200342417843
2024-05-31,0.0232980203861419,0.0189475748105692,0.0204495492078166,0.018546425684775,0.0232980203861419,0.0189475748105692,0.0204495492078166,0.018546425684775,0.00356787168996084
2024-06-03,0.0790756169264641,0.0680288581368764,0.0640654087372546,0.0580740446389307,0.0790756169264641,0.0680288581368764,0.0640654087372546,0.0580740446389307,0.0288620994059304
2024-06-04,-0.145640765870245,-0.120943226912528,-0.12108043542294,-0.119750049884914,-0.145640765870245,-0.120943226912528,-0.12108043542294,-0.119750049884914,-0.06472140767163
2024-06-05,0.0295532531644664,0.0274256848682023,0.0230538191093956,0.0227675802798741,0.0295532531644664,0.0274256848682023,0.0230538191093956,0.0227675802798741,0.0388014213214668
2024-06-06,0.0249316521810097,0.0359395579745628,0.0408632779659378,0.0405208984887618,0.0249316521810097,0.0359395579745628,0.0408632779659378,0.0405208984887618,0.0171474765308109
2024-06-07,0.0223541112364731,0.0215505534509628,0.0229286336542437,0.0217388038052198,0.0223541112364731,0.0215505534509628,0.0229286336542437,0.0217388038052198,0.0176633673582312
2024-06-10,0.0109675660702726,0.0121034929884339,0.00909383426191349,0.00836707900880362,0.0109675660702726,0.0121034929884339,0.00909383426191349,0.00836707900880362,0.0047711884903892
2024-06-11,0.00401616349550138,0.00763367253934866,0.0113780663421001,0.0113178847361067,0.00401616349550138,0.00763367253934866,0.0113780663421001,0.0113178847361067,0.00440321152441546
2024-06-12,0.0105887513699217,0.0050958448134103,0.0078708211753884,0.00888160523474429,0.0105887513699217,0.0050958448134103,0.0078708211753884,0.00888160523474429,0.00841830176700773
2024-06-13,-0.0050182867342744,0.0086750671591786,0.00588782322338029,0.00951936739915696,-0.0050182867342744,0.0086750671591786,0.00588782322338029,0.00951936739915696,0.00637032826853034
2024-06-14,0.00054712156465242,0.00436525355326423,0.005012503048844,0.010861729917812,0.00054712156465242,0.00436525355326423,0.005012503048844,0.010861729917812,0.00831833746351281
2024-06-18,0.0106141103199775,0.0146965569022051,0.0104421240133494,0.0105074963493014,0.0106141103199775,0.0146965569022051,0.0104421240133494,0.0105074963493014,0.00549431519396082
2024-06-19,-0.0148611704399829,-0.0216039438764973,-0.020756677112163,-0.0201512557643029,-0.0148611704399829,-0.0216039438764973,-0.020756677112163,-0.0201512557643029,-0.00579760266412981
2024-06-20,-0.00133407914572692,0.00945494329762703,0.00976165387792042,0.0081842173670281,-0.00133407914572692,0.00945494329762703,0.00976165387792042,0.0081842173670281,0.00355807467365634
2024-06-21,-0.00307045474281398,-0.00521988140345991,-0.00174682540077483,-0.00246302172916113,-0.00307045474281398,-0.00521988140345991,-0.00174682540077483,-0.00246302172916113,-0.00229728827714933
2024-06-24,0.00955331484273425,0.00633433971824771,0.00560626484934194,0.00781051849562053,0.00955331484273425,0.00633433971824771,0.00560626484934194,0.00781051849562053,0.000852172819335125
2024-06-25,-0.0107614477443885,-0.0141030002066825,-0.00993948081798505,-0.00800419988917161,-0.0107614477443885,-0.0141030002066825,-0.00993948081798505,-0.00800419988917161,0.00157470440274331
2024-06-26,0.0007537262934183,-0.00679797373341506,-0.0026597388161147,-0.00274088357750135,0.0007537262934183,-0.00679797373341506,-0.0026597388161147,-0.00274088357750135,0.00103427433157746
2024-06-27,0.0136628928844305,0.00658413186631857,0.00140965869675706,0.00167074286825442,0.0136628928844305,0.00658413186631857,0.00140965869675706,0.00167074286825442,0.00246609879765549
2024-06-28,-0.000354665825977207,0.00246199471829722,0.00165554021136827,0.000559903653001598,-0.000354665825977207,0.00246199471829722,0.00165554021136827,0.000559903653001598,0.00245752567374038
2024-07-01,-0.00588029093474879,-0.00549716747520845,-0.00147225982565417,0.00173332630029177,-0.00588029093474879,-0.00549716747520845,-0.00147225982565417,0.00173332630029177,0.00841582986343151
2024-07-02,0.00825711486692304,0.00357025813014389,0.00618181132474072,0.00325766108857201,0.00825711486692304,0.00357025813014389,0.00618181132474072,0.00325766108857201,-0.00431801452690651
2024-07-03,0.00334764929699349,0.00560508791660064,0.0085476692576952,0.00976662716430848,0.00334764929699349,0.00560508791660064,0.0085476692576952,0.00976662716430848,0.00831364703499182
2024-07-04,0.00507795970183267,0.00273626945052607,0.00275402758299056,0.00396741504841691,0.00507795970183267,0.00273626945052607,0.00275402758299056,0.00396741504841691,0.00299982132214336
2024-07-05,-0.000291479094471581,0.00385658396614591,0.0119386989957153,0.012014755719671,-0.000291479094471581,0.00385658396614591,0.0119386989957153,0.012014755719671,0.0040078470999369
2024-07-08,-0.00435726318517571,-0.00427204067993975,0.00591277250319337,0.0036550222166403,-0.00435726318517571,-0.00427204067993975,0.00591277250319337,0.0036550222166403,-0.00279210211354448
2024-07-09,0.0114533001447932,0.00985748509118967,0.0067994685539278,0.00433786476702228,0.0114533001447932,0.00985748509118967,0.0067994685539278,0.00433786476702228,0.00467529306939567
2024-07-10,-0.000377989737980755,0.00323130201022792,0.00742157950074729,0.00317784374215302,-0.000377989737980755,0.00323130201022792,0.00742157950074729,0.00317784374215302,-0.00181205646165863
2024-07-11,-0.0148356731968302,-0.00821062444585363,-0.000411504484098509,0.00015845295550232,-0.0148356731968302,-0.00821062444585363,-0.000411504484098509,0.00015845295550232,0.00133243706975491
2024-07-12,-0.0149610864754064,-0.0100353793461475,-0.00759477072595412,-0.00839726580410519,-0.0149610864754064,-0.0100353793461475,-0.00759477072595412,-0.00839726580410519,0.00236585109962038
2024-07-15,0.0134141387343618,0.0121844813307669,0.00811237961273988,0.00599390439296829,0.0134141387343618,0.0121844813307669,0.00811237961273988,0.00599390439296829,0.00809435963699867
2024-07-16,0.0165825404746518,0.00640745958552602,0.00311767740678607,0.000689404170075986,0.0165825404746518,0.00640745958552602,0.00311767740678607,0.000689404170075986,-0.000531299594978597
2024-07-18,-0.00317871628146527,-0.00713588970309659,-0.0121975801453637,-0.0165532585033651,-0.00317871628146527,-0.00713588970309659,-0.0121975801453637,-0.0165532585033651,-0.00172906498596739
2024-07-19,-0.0235652180933082,-0.0236705692102678,-0.0183463037114164,-0.0206072367133876,-0.0235652180933082,-0.0236705692102678,-0.0183463037114164,-0.0206072367133876,-0.0170705589884757
2024-07-22,-0.00484497726333188,0.00339828149090693,0.00781202412968973,0.00975078425958925,-0.00484497726333188,0.00339828149090693,0.00781202412968973,0.00975078425958925,0.00574689130911244
2024-07-23,-0.0228639792629027,-0.0127033259319564,-0.0153023062511836,-0.0153566912492016,-0.0228639792629027,-0.0127033259319564,-0.0153023062511836,-0.0153566912492016,-0.00390797770913125
2024-07-24,0.00777981838587904,0.00886978676132077,0.0118971184440892,0.00991739967852695,0.00777981838587904,0.00886978676132077,0.0118971184440892,0.00991739967852695,0.00661657060549131
2024-07-25,-0.00828503210239007,-0.000153069725854438,-0.00229227880230184,-0.00129758577269021,-0.00828503210239007,-0.000153069725854438,-0.00229227880230184,-0.00129758577269021,-0.000816812927522946
2024-07-26,0.0115955591475605,0.0149236793953056,0.0110970668239866,0.0130619367093667,0.0115955591475605,0.0149236793953056,0.0110970668239866,0.0130619367093667,0.0171303510869222
2024-07-29,0.0142967672486292,0.00777048645728584,0.0159471526240557,0.0169608474041355,0.0142967672486292,0.00777048645728584,0.0159471526240557,0.0169608474041355,0.00551127638447688
2024-07-30,0.00441098434598053,0.0119557774419781,0.00823906316662841,0.0052704120150672,0.00441098434598053,0.0119557774419781,0.00823906316662841,0.0052704120150672,0.0016549133022996
2024-07-31,-0.00234439491497451,0.00678573785396103,0.00537332668712835,0.00394222969496402,-0.00234439491497451,0.00678573785396103,0.00537332668712835,0.00394222969496402,0.00440976449396366
2024-08-01,-0.0143234735009054,-0.0156180814913013,-0.00213341040456827,-0.00251165696673668,-0.0143234735009054,-0.0156180814913013,-0.00213341040456827,-0.00251165696673668,-0.00332090177804691
2024-08-02,-0.0117697608977707,-0.0235430294574029,-0.0181636418444138,-0.00763780186847421,-0.0117697608977707,-0.0235430294574029,-0.0181636418444138,-0.00763780186847421,-0.00790056623043638
2024-08-05,-0.0551397070873272,-0.0492029588692726,-0.0477506541350624,-0.0433473798690284,-0.0551397070873272,-0.0492029588692726,-0.0477506541350624,-0.0433473798690284,-0.0311823553359744
2024-08-06,-0.0141744535013061,-0.00290600712947059,-0.00348707558046583,-0.00586989851127898,-0.0141744535013061,-0.00290600712947059,-0.00348707558046583,-0.00586989851127898,-0.0059877855089764
2024-08-07,0.0274527750235172,0.0228876731666141,0.0202232253245004,0.0249189746442964,0.0274527750235172,0.0228876731666141,0.0202232253245004,0.0249189746442964,0.0197741990235579
2024-08-08,-0.0144850146488242,-0.0132682622089592,-0.0140422813509156,-0.0103259314849307,-0.0144850146488242,-0.0132682622089592,-0.0140422813509156,-0.0103259314849307,-0.00408886361097873
2024-08-09,0.00588940985883601,0.0107024964309057,0.00935298536881768,0.0152104092719307,0.00588940985883601,0.0107024964309057,0.00935298536881768,0.0152104092719307,0.00900451197638975
2024-08-12,0.0191812786087955,0.0161499608881951,0.00717028121652063,0.00561818129243358,0.0191812786087955,0.0161499608881951,0.00717028121652063,0.00561818129243358,0.000505034096403652
2024-08-13,-0.0149604143185399,-0.0111411625026046,-0.0112032416461925,-0.0124501426167118,-0.0149604143185399,-0.0111411625026046,-0.0112032416461925,-0.0124501426167118,-0.0100969097915916
2024-08-14,-0.0152701743777534,-0.0100511839383684,-0.00932769091699792,-0.00473064271457924,-0.0152701743777534,-0.0100511839383684,-0.00932769091699792,-0.00473064271457924,-0.00240980052237846
2024-08-16,0.0162270719512632,0.0207125949157009,0.0182752562226354,0.0179626322054668,0.0162270719512632,0.0207125949157009,0.0182752562226354,0.0179626322054668,0.016471800739782
2024-08-19,0.014699824339534,0.0080918479319334,0.00919587570264483,0.00800686619144469,0.014699824339534,0.0080918479319334,0.00919587570264483,0.00800686619144469,0.00474693631855023
2024-08-20,-0.0078834977891632,-0.00281757264442001,0.00218731544843061,0.0035954184132598,-0.0078834977891632,-0.00281757264442001,0.00218731544843061,0.0035954184132598,0.00733802850501215
2024-08-21,0.00345675404723544,-0.00481675559804523,-0.00344180997186231,-0.00104614739017397,0.00345675404723544,-0.00481675559804523,-0.00344180997186231,-0.00104614739017397,0.00492705007423123
2024-08-22,0.00411384372608103,0.0044083671309747,-0.000649260093948574,0.000408732108626852,0.00411384372608103,0.0044083671309747,-0.000649260093948574,0.000408732108626852,0.00369428985495724
2024-08-23,0.00281542482443409,-0.0107365626153049,-0.00834443910513064,-0.00562765289556152,0.00281542482443409,-0.0107365626153049,-0.00834443910513064,-0.00562765289556152,-0.002857798327029
2024-08-26,0.00200781435484676,0.00980802227945698,0.00795821069399986,0.00586874787073111,0.00200781435484676,0.00980802227945698,0.00795821069399986,0.00586874787073111,0.00475118305603926
2024-08-27,0.00547166610111982,0.00373109247278558,0.00228993471030751,0.00134246585291697,0.00547166610111982,0.00373109247278558,0.00228993471030751,0.00134246585291697,0.0050031676858865
2024-08-28,0.00357555877197457,0.000877270633776295,-0.000936173559963967,0.00158912976756451,0.00357555877197457,0.000877270633776295,-0.000936173559963967,0.00158912976756451,0.00113282932944335
2024-08-29,-0.00703480537602141,-0.00432482574277576,-0.00475785650868303,-0.00448437132288962,-0.00703480537602141,-0.00432482574277576,-0.00475785650868303,-0.00448437132288962,-0.000241639023684145
2024-08-30,0.00545653867432483,0.0118516070711474,0.0103445996387753,0.00649992568323907,0.00545653867432483,0.0118516070711474,0.0103445996387753,0.00649992568323907,0.00635991833222507
2024-09-02,-0.00685293857857366,-0.00474932495404665,-0.000381608937089661,-0.00125048573247301,-0.00685293857857366,-0.00474932495404665,-0.000381608937089661,-0.00125048573247301,0.000525965218147012
2024-09-03,-0.00248678290135773,-0.00114780195950603,-0.00354057843172199,-0.00259478437522578,-0.00248678290135773,-0.00114780195950603,-0.00354057843172199,-0.00259478437522578,0.00180888857284228
2024-09-04,0.00398543675828922,-0.00102262638069028,-0.00165511357794261,-0.000990473813492349,0.00398543675828922,-0.00102262638069028,-0.00165511357794261,-0.000990473813492349,-0.000549485753122086
2024-09-05,0.0220931005082436,0.0100669806497713,0.00461403640549981,0.00877678274093438,0.0220931005082436,0.0100669806497713,0.00461403640549981,0.00877678274093438,0.00362823696000997
2024-09-06,-0.000869388584196606,-0.00800397215912491,-0.00961086406852459,-0.00771637623072705,-0.000869388584196606,-0.00800397215912491,-0.00961086406852459,-0.00771637623072705,-0.0111077963720012
2024-09-09,0.00582536378027898,-0.0026603660782441,-0.0027142800637641,-0.000917544608283277,0.00582536378027898,-0.0026603660782441,-0.0027142800637641,-0.000917544608283277,-3.2842005579403e-05
2024-09-10,0.00692084419206962,0.0106529489183074,0.0131429832439804,0.0128180003631197,0.00692084419206962,0.0106529489183074,0.0131429832439804,0.0128180003631197,0.00577483191671045
2024-09-11,0.00500774849379448,-0.00691180001299924,-0.00873294180126094,-0.00621490079042158,0.00500774849379448,-0.00691180001299924,-0.00873294180126094,-0.00621490079042158,-0.00512224414519781
2024-09-12,0.0123571207908557,0.011580800906253,0.0140414104981559,0.0142782696503392,0.0123571207908557,0.011580800906253,0.0140414104981559,0.0142782696503392,0.0144332399288136
2024-09-13,-0.0105489672008672,-0.00274386536590676,-0.00314213573136157,-0.00485714895185724,-0.0105489672008672,-0.00274386536590676,-0.00314213573136157,-0.00485714895185724,0.00390104597601729
2024-09-16,0.00988774918776358,0.00225094058454633,0.00826208545833558,0.00804662221076063,0.00988774918776358,0.00225094058454633,0.00826208545833558,0.00804662221076063,0.000481041516190636
2024-09-17,-0.00751367019358096,-0.00502708342434682,-0.00192003955809417,-0.00268658805885877,-0.00751367019358096,-0.00502708342434682,-0.00192003955809417,-0.00268658805885877,-0.000510163366839774
2024-09-18,0.00206903686334026,-0.00234191511340992,-0.00160734015608762,-0.00116969444298379,0.00206903686334026,-0.00234191511340992,-0.00160734015608762,-0.00116969444298379,-0.00278368770304109
2024-09-19,0.00861906942639235,-0.00565175912103255,-0.00377262884661763,-0.00120799194523247,0.00861906942639235,-0.00565175912103255,-0.00377262884661763,-0.00120799194523247,-0.00410897046826214
2024-09-20,0.0169674796534593,0.0247450207770292,0.0222867315832274,0.0213634905107482,0.0169674796534593,0.0247450207770292,0.0222867315832274,0.0213634905107482,0.0124529098427707
2024-09-23,0.0148443306631432,0.00820084150736766,0.00920202479430506,0.0109035276386394,0.0148443306631432,0.00820084150736766,0.00920202479430506,0.0109035276386394,0.0100311272166384
2024-09-24,-0.00507832367002348,-0.00425943142927782,0.00185917398748037,0.00041878138109,-0.00507832367002348,-0.00425943142927782,0.00185917398748037,0.00041878138109,-0.00109321945694523
2024-09-25,-0.0124091677039588,-0.00767531664365723,-0.00203117052227371,-0.00445178154470535,-0.0124091677039588,-0.00767531664365723,-0.00203117052227371,-0.00445178154470535,-0.00073509750727554
2024-09-26,0.0046688820563785,-0.00184130043616282,-0.00103345396350537,3.69109640315224e-05,0.0046688820563785,-0.00184130043616282,-0.00103345396350537,3.69109640315224e-05,0.00437664204513985
2024-09-27,-0.00300882037754524,0.000860693368092857,-0.00242467888163371,-0.00270246557333459,-0.00300882037754524,0.000860693368092857,-0.00242467888163371,-0.00270246557333459,-0.000917335769548262
2024-09-30,-0.0138570217867625,-0.00927444309566433,-0.0075858205572521,-0.00980658588938463,-0.0138570217867625,-0.00927444309566433,-0.0075858205572521,-0.00980658588938463,-0.00740148613060106
2024-10-01,0.00125766059408727,-0.0027504745446488,-0.00199149043512723,-0.00129845766905456,0.00125766059408727,-0.0027504745446488,-0.00199149043512723,-0.00129845766905456,0.000800490084114519
2024-10-03,-0.0137776370501986,-0.016765298906636,-0.0168430250188395,-0.0189485398160495,-0.0137776370501986,-0.016765298906636,-0.0168430250188395,-0.0189485398160495,-0.0196187774812075
2024-10-04,-0.00924176652267594,-0.0104911514469319,-0.0094779980898182,-0.00903260576347267,-0.00924176652267594,-0.0104911514469319,-0.0094779980898182,-0.00903260576347267,-0.00888186832295641
2024-10-07,-0.0207207955157167,-0.0284171595687947,-0.0251552781869868,-0.0274162256168207,-0.0207207955157167,-0.0284171595687947,-0.0251552781869868,-0.0274162256168207,-0.0172701727064044
2024-10-08,0.0343793073271053,0.028802005253226,0.0318298900886322,0.0319010209542244,0.0343793073271053,0.028802005253226,0.0318298900886322,0.0319010209542244,0.0157589880483598
2024-10-09,0.0191763147527808,0.0104649450201525,0.012556462709257,0.00956310762698159,0.0191763147527808,0.0104649450201525,0.012556462709257,0.00956310762698159,0.00680993074604848
2024-10-10,-0.014561066722009,-0.00480979995092973,-0.00617974020381836,-0.00480275137234462,-0.014561066722009,-0.00480979995092973,-0.00617974020381836,-0.00480275137234462,-0.00224655088722871
2024-10-11,0.00870041356580065,0.00104918961060219,0.00383459260245108,0.00253064981877094,0.00870041356580065,0.00104918961060219,0.00383459260245108,0.00253064981877094,0.00145391276872641
2024-10-14,-0.0154656394517344,-0.00718049251574565,-0.00811088783355185,-0.00566781915516901,-0.0154656394517344,-0.00718049251574565,-0.00811088783355185,-0.00566781915516901,0.00413701853781009
2024-10-15,-0.00221871139786767,-0.000559365303037518,-0.000431521431485763,0.00117143361983507,-0.00221871139786767,-0.000559365303037518,-0.000431521431485763,0.00117143361983507,0.00132685175558769
2024-10-16,-0.0164847280484792,-0.0109247622739342,-0.0125493429322675,-0.00819210417654043,-0.0164847280484792,-0.0109247622739342,-0.0125493429322675,-0.00819210417654043,-0.00287428890156511
2024-10-17,-0.0155805988049832,-0.013474084966051,-0.0142593531096847,-0.0115894420998144,-0.0155805988049832,-0.013474084966051,-0.0142593531096847,-0.0115894420998144,-0.0149291226755961
2024-10-18,-0.0109676321768432,-0.00145780423358549,-0.00421825493680835,-0.00482713463590145,-0.0109676321768432,-0.00145780423358549,-0.00421825493680835,-0.00482713463590145,0.0043360614283764
2024-10-21,-0.00974367368680962,-0.0085474908403565,-0.00836626635558128,-0.0122104742622669,-0.00974367368680962,-0.0085474908403565,-0.00836626635558128,-0.0122104742622669,-0.0103825818370212
2024-10-22,-0.0216374776915168,-0.0237100606227175,-0.0241555018775979,-0.0284704866061309,-0.0216374776915168,-0.0237100606227175,-0.0241555018775979,-0.0284704866061309,-0.0225851655831951
2024-10-23,0.0193869486031086,0.0072343198100604,0.00914178364469772,0.00576043029697257,0.0193869486031086,0.0072343198100604,0.00914178364469772,0.00576043029697257,0.00274484824029976
2024-10-24,-0.0177203953097698,-0.00655458306913215,-0.00880213770462416,-0.00869355761169968,-0.0177203953097698,-0.00655458306913215,-0.00880213770462416,-0.00869355761169968,-0.00247726450300017
2024-10-25,-0.00984367939691022,-0.0172447156867988,-0.0140100378698628,-0.0196856874969148,-0.00984367939691022,-0.0172447156867988,-0.0140100378698628,-0.0196856874969148,-0.0128992022485476
2024-10-28,0.000129973658671956,0.000628043655615418,-0.000465815481993944,0.00400578320777628,0.000129973658671956,0.000628043655615418,-0.000465815481993944,0.00400578320777628,0.00959290039134311
2024-10-29,0.00331534154082513,0.00759169941897353,0.00587675355465148,0.00838307680120198,0.00331534154082513,0.00759169941897353,0.00587675355465148,0.00838307680120198,0.00857492194341572
2024-10-30,-0.00932021173402575,-0.00539853555582265,-0.00550811283065115,0.00163333247106764,-0.00932021173402575,-0.00539853555582265,-0.00550811283065115,0.00163333247106764,-0.0014729984021883
2024-10-31,-0.0110000900694116,-0.0017104517790284,-0.00455241802123744,0.00333080144259779,-0.0110000900694116,-0.0017104517790284,-0.00455241802123744,0.00333080144259779,0.000685256798925962
2024-11-01,0.0139808985496177,0.0130432548471048,0.0127747942702798,0.0108962415237491,0.0139808985496177,0.0130432548471048,0.0127747942702798,0.0108962415237491,0.00660261439876899
2024-11-04,-0.00704617096235871,-0.0100862888349419,-0.0162623540386497,-0.0133417134108554,-0.00704617096235871,-0.0100862888349419,-0.0162623540386497,-0.0133417134108554,-0.0129871422539248
2024-11-05,-0.0074754901960784,-0.00582068982228218,-0.00393963230555476,-0.0025469086019855,-0.0074754901960784,-0.00582068982228218,-0.00393963230555476,-0.0025469086019855,0.00642004393842264
2024-11-06,0.0197320068909155,0.0205340853635396,0.0225370544832615,0.020883181743338,0.0197320068909155,0.0205340853635396,0.0225370544832615,0.020883181743338,0.0148578299522083
2024-11-07,-0.0120967509441577,-0.0125932973805111,-0.00778588160666656,-0.00925275249432869,-0.0120967509441577,-0.0125932973805111,-0.00778588160666656,-0.00925275249432869,-0.00833734216958007
2024-11-08,-0.021507321827743,-0.0156348522218821,-0.0176556210641898,-0.0149921841584763,-0.021507321827743,-0.0156348522218821,-0.0176556210641898,-0.0149921841584763,-0.0100113694123979
2024-11-11,0.018344547037912,0.0167501541645209,0.00644845007665858,0.00119889384269228,0.018344547037912,0.0167501541645209,0.00644845007665858,0.00119889384269228,-0.00378937448576965
2024-11-12,-0.0103468978342681,-0.00741891177579812,-0.00837205133416848,-0.00771319055748207,-0.0103468978342681,-0.00741891177579812,-0.00837205133416848,-0.00771319055748207,-0.0098614739903052
2024-11-13,-0.0142932392682334,-0.014948345372879,-0.0203416482037676,-0.0204968279987147,-0.0142932392682334,-0.014948345372879,-0.0203416482037676,-0.0204968279987147,-0.0204755407838623
2024-11-14,0.0146385983452018,0.0147164967388952,0.0104419431327309,0.0094298605493171,0.0146385983452018,0.0147164967388952,0.0104419431327309,0.0094298605493171,0.00434666944667116
2024-11-18,-0.0111726553993277,-0.00997456459753604,-0.00774063916267535,-0.00701271964825592,-0.0111726553993277,-0.00997456459753604,-0.00774063916267535,-0.00701271964825592,-0.00289817612658778
2024-11-19,0.00684337147508018,0.00773875598088636,0.00713184579415368,0.00653149182568735,0.00684337147508018,0.00773875598088636,0.00713184579415368,0.00653149182568735,0.00528245202985592
2024-11-21,-0.013507529444631,-0.00946338872170066,-0.0119934110116052,-0.00946196221864631,-0.013507529444631,-0.00946338872170066,-0.0119934110116052,-0.00946196221864631,-0.00836838766437191
2024-11-22,0.0180668446136882,0.0171579814320488,0.0161048304993017,0.0148365005480611,0.0180668446136882,0.0171579814320488,0.0161048304993017,0.0148365005480611,0.014929223580722
2024-11-25,0.0186694917009687,0.017507221384565,0.0243044097254918,0.0203699335713418,0.0186694917009687,0.017507221384565,0.0243044097254918,0.0203699335713418,0.0160933038654873
2024-11-26,0.00671624448059482,0.00661846193342497,0.00353047226455372,0.00158950428915364,0.00671624448059482,0.00661846193342497,0.00353047226455372,0.00158950428915364,0.000256835126768436
2024-11-27,0.0127946166809021,0.0121216847131026,0.013393257163723,0.00916424224375728,0.0127946166809021,0.0121216847131026,0.013393257163723,0.00916424224375728,0.00571906650217361
2024-11-28,0.000450160405258249,-0.00106447464019455,0.0017124123127128,-0.000142492027184193,0.000450160405258249,-0.00106447464019455,0.0017124123127128,-0.000142492027184193,-0.00465778168597672
2024-11-29,-0.0025886815665368,-0.00126582116533625,0.00127263934043609,0.0056747285423408,-0.0025886815665368,-0.00126582116533625,0.00127263934043609,0.0056747285423408,0.00675865073587947
2024-12-02,0.00742929747169763,0.00696688799228973,0.00510346187060493,0.00735347204048785,0.00742929747169763,0.00696688799228973,0.00510346187060493,0.00735347204048785,0.00745744785764306
2024-12-03,0.0045601793462704,0.00513943176472864,0.00761289029978192,0.0063047132071648,0.0045601793462704,0.00513943176472864,0.00761289029978192,0.0063047132071648,0.0088186875108276
2024-12-04,0.00402882244403946,0.00502418241367319,0.00394156346775147,0.00504869454684642,0.00402882244403946,0.00502418241367319,0.00394156346775147,0.00504869454684642,0.00656453741776872
2024-12-05,0.0156094572798238,0.0159083901647304,0.0105665081349455,0.00907176711268962,0.0156094572798238,0.0159083901647304,0.0105665081349455,0.00907176711268962,0.0047446463450608
2024-12-06,-0.000348616187411555,0.00264113781918984,0.0023950731210914,0.0018743957328749,-0.000348616187411555,0.00264113781918984,0.0023950731210914,0.0018743957328749,0.00263428692249253
2024-12-09,-0.00702734270127847,-0.00579383586045518,-0.000938939314232094,-0.000896931174641985,-0.00702734270127847,-0.00579383586045518,-0.000938939314232094,-0.000896931174641985,-0.000695404782957783
2024-12-10,0.00299639874680846,0.00182968981867959,0.0014293890185102,0.00131704950379108,0.00299639874680846,0.00182968981867959,0.0014293890185102,0.00131704950379108,0.00138418499804856
2024-12-11,-0.00247610737024051,-0.00035542901151947,0.00165970168946931,0.00160642819285786,-0.00247610737024051,-0.00035542901151947,0.00165970168946931,0.00160642819285786,0.00170957244839405
2024-12-12,-0.00946098042056231,-0.00981895186316722,-0.00801667609429383,-0.00643533710355346,-0.00946098042056231,-0.00981895186316722,-0.00801667609429383,-0.00643533710355346,-0.00522342782488899
2024-12-13,0.00240189901899024,0.00371874051203369,0.00143551028020509,-0.00042156575868818,0.00240189901899024,0.00371874051203369,0.00143551028020509,-0.00042156575868818,0.00106830941425322
2024-12-16,0.00794318838627861,0.00803761673742276,0.00821712813972023,0.00682644354307016,0.00794318838627861,0.00803761673742276,0.00821712813972023,0.00682644354307016,0.00286904689086318
2024-12-17,-0.0029312125421378,-0.00134124377149686,-0.00454997124129186,-0.00371659202814895,-0.0029312125421378,-0.00134124377149686,-0.00454997124129186,-0.00371659202814895,-0.00966541889446027
2024-12-18,-0.00173932950662226,-0.00159055975814748,-0.00586101465904609,-0.00327528298517926,-0.00173932950662226,-0.00159055975814748,-0.00586101465904609,-0.00327528298517926,-0.00697414293556329
2024-12-19,-0.0092907224221882,-0.00784723824439448,-0.00883392986289433,-0.0052016287059683,-0.0092907224221882,-0.00784723824439448,-0.00883392986289433,-0.0052016287059683,-0.00483019244451383
2024-12-20,-0.0244721783880375,-0.0245191185173945,-0.0262408644309896,-0.0230886228313646,-0.0244721783880375,-0.0245191185173945,-0.0262408644309896,-0.0230886228313646,-0.0194289753340241
2024-12-23,-0.0018896316231154,-0.0012901514235561,-0.00151830999680439,-0.00131317417331597,-0.0018896316231154,-0.0012901514235561,-0.00151830999680439,-0.00131317417331597,0.0025780080446704
2024-12-24,0.00456631595427304,0.00471986952521497,0.00200388157645196,0.00132829944009022,0.00456631595427304,0.00471986952521497,0.00200388157645196,0.00132829944009022,-0.00088765601033315
2024-12-26,-2.02024866375883e-05,0.000353750230162375,0.00105382453319621,0.00143917261808085,-2.02024866375883e-05,0.000353750230162375,0.00105382453319621,0.00143917261808085,0.0012330581169576
2024-12-27,0.00203183398992746,0.00163870615209905,0.000429435071079657,0.00210366855592445,0.00203183398992746,0.00163870615209905,0.000429435071079657,0.00210366855592445,0.000313171452097063
2024-12-30,0.00661887329379685,0.00751125513115125,-0.00110443851200219,0.00344206072812725,0.00661887329379685,0.00751125513115125,-0.00110443851200219,0.00344206072812725,-0.0013931190632637
2024-12-31,0.00115598005076012,0.00103683777156638,0.00553003960546635,0.0046715463417103,0.00115598005076012,0.00103683777156638,0.00553003960546635,0.0046715463417103,0.000947517756761985
2025-01-01,0.000225784601490142,0.00101581950252949,0.00173858875532923,0.00322924363975323,0.000225784601490142,0.00101581950252949,0.00173858875532923,0.00322924363975323,0.00419756061071327
2025-01-02,0.0198074120638911,0.0194102155465645,0.0152100774164414,0.0161400388807454,0.0198074120638911,0.0194102155465645,0.0152100774164414,0.0161400388807454,0.0143691852590196
2025-01-03,0.0138637497128062,0.00796301365655316,0.00502428866048266,0.00549878183445704,0.0138637497128062,0.00796301365655316,0.00502428866048266,0.00549878183445704,-0.00102222292188327
2025-01-06,-0.027580489152964,-0.0277358598535791,-0.0213567262820206,-0.0201354086710423,-0.027580489152964,-0.0277358598535791,-0.0213567262820206,-0.0201354086710423,-0.0222366023792319
2025-01-07,-0.0208145053570921,-0.0177645189126154,-0.00668097816644101,-0.0040936422906038,-0.0208145053570921,-0.0177645189126154,-0.00668097816644101,-0.0040936422906038,0.00657229680357997
2025-01-08,-0.0137369175668851,-0.0143569216704215,-0.0131617431057629,-0.0152655617407966,-0.0137369175668851,-0.0143569216704215,-0.0131617431057629,-0.0152655617407966,-0.00708346915420466
2025-01-09,-0.0122361416426093,-0.0126176836103299,-0.0114088878000099,-0.0110432536993618,-0.0122361416426093,-0.0126176836103299,-0.0114088878000099,-0.0110432536993618,-0.00878543780821738
2025-01-10,-0.0150869196049516,-0.0145270777844392,-0.0201472238629387,-0.0196194795031107,-0.0150869196049516,-0.0145270777844392,-0.0201472238629387,-0.0196194795031107,-0.0177150369133605
2025-01-13,-0.0556004246939572,-0.0544944249764401,-0.0469496148213202,-0.0450570097122391,-0.0556004246939572,-0.0544944249764401,-0.0469496148213202,-0.0450570097122391,-0.0315004053547863
2025-01-14,0.00795298036577941,0.00896927186062102,0.00807679415807653,0.00707448466544974,0.00795298036577941,0.00896927186062102,0.00807679415807653,0.00707448466544974,0.0159977039155936
2025-01-15,0.0243062286101059,0.0247888806189813,0.010602210171544,0.00920438056842224,0.0243062286101059,0.0247888806189813,0.010602210171544,0.00920438056842224,0.00195621460102092
2025-01-16,0.00187999081720647,-0.000778122351162813,0.000269585188470053,-0.000510083667815825,0.00187999081720647,-0.000778122351162813,0.000269585188470053,-0.000510083667815825,0.010635079506836
2025-01-17,0.0083635755601521,0.00866960944102546,0.00565812628573944,0.00529638009681405,0.0083635755601521,0.00866960944102546,0.00565812628573944,0.00529638009681405,0.000738467966638124
2025-01-20,-0.0100261324309301,-0.0110831695150338,-0.0017573696622812,0.000787903360195324,-0.0100261324309301,-0.0110831695150338,-0.0017573696622812,0.000787903360195324,0.00746214451188053
2025-01-21,-0.0439196734329248,-0.044854622984413,-0.0325101371360245,-0.0345258553147396,-0.0439196734329248,-0.044854622984413,-0.0325101371360245,-0.0345258553147396,-0.017816356279899
2025-01-22,-0.0140741341552437,-0.0110322048194381,-0.00874023176287194,-0.00886796588932467,-0.0140741341552437,-0.0110322048194381,-0.00874023176287194,-0.00886796588932467,-0.00633831816846341
2025-01-23,0.021452052901243,0.0192927895548195,0.0175590430184075,0.0180944480927678,0.021452052901243,0.0192927895548195,0.0175590430184075,0.0180944480927678,0.00994519307989902
2025-01-24,-0.0226252069869783,-0.021792564900448,-0.0224136341203024,-0.0197872841413207,-0.0226252069869783,-0.021792564900448,-0.0224136341203024,-0.0197872841413207,-0.0135197939164054
2025-01-27,-0.026946137390691,-0.0286995679198845,-0.0303096214000377,-0.0280850816536997,-0.026946137390691,-0.0286995679198845,-0.0303096214000377,-0.0280850816536997,-0.0229890097574422
2025-01-28,0.0063446790059889,0.00539822138545454,-0.00301607861762817,-0.0046874470415188,0.0063446790059889,0.00539822138545454,-0.00301607861762817,-0.0046874470415188,-0.000328612481219658
2025-01-29,0.0323952053480365,0.0331280808525438,0.0300333940684119,0.0260599968371719,0.0323952053480365,0.0331280808525438,0.0300333940684119,0.0260599968371719,0.0189545839740885
2025-01-30,-0.0019530167424725,-0.00424581936895779,0.00166727292540277,-0.00334385026720255,-0.0019530167424725,-0.00424581936895779,0.00166727292540277,-0.00334385026720255,0.00224589143264659
2025-01-31,0.0165236878728283,0.017325418166468,0.0126764097992636,0.0156030956754509,0.0165236878728283,0.017325418166468,0.0126764097992636,0.0156030956754509,0.0133984954797006
2025-02-01,0.00176206927697237,-0.00778109516353131,-0.00345072797643864,-0.00460942388566197,0.00176206927697237,-0.00778109516353131,-0.00345072797643864,-0.00460942388566197,0.00242439252435937
2025-02-03,0.00142496585141005,0.00409002509841327,0.00318943807821019,-0.000390262626809218,0.00142496585141005,0.00409002509841327,0.00318943807821019,-0.000390262626809218,-0.00648059366977529
2025-02-04,0.0111505592119112,0.0120266788397633,0.0135916328580268,0.0150174954455269,0.0111505592119112,0.0120266788397633,0.0135916328580268,0.0150174954455269,0.0136255409488274
2025-02-05,0.0247836393007621,0.0127195391298468,0.014419809256118,0.0155379733475632,0.0247836393007621,0.0127195391298468,0.014419809256118,0.0155379733475632,0.00524004133459482
2025-02-06,-0.011687210697522,-0.00429752252813503,-0.00276955096740894,-0.00505897664717542,-0.011687210697522,-0.00429752252813503,-0.00276955096740894,-0.00505897664717542,-0.00590860669465607
2025-02-07,-0.0033516766604913,-0.00282966537136442,-0.00137196970486338,0.000691574726208399,-0.0033516766604913,-0.00282966537136442,-0.00137196970486338,0.000691574726208399,0.0002524313826539
2025-02-10,-0.030417770005142,-0.018996294331965,-0.0225369548882198,-0.0225760587349912,-0.030417770005142,-0.018996294331965,-0.0225369548882198,-0.0225760587349912,-0.0177096890307162
2025-02-11,-0.0389924193223617,-0.0268702658209345,-0.0288479307149802,-0.0310357222115334,-0.0389924193223617,-0.0268702658209345,-0.0288479307149802,-0.0310357222115334,-0.0237671592433328
2025-02-12,-0.00106534300503458,-0.00333587499815663,-0.00600912096114962,-0.00255773089207029,-0.00106534300503458,-0.00333587499815663,-0.00600912096114962,-0.00255773089207029,-0.00256185920520107
2025-02-13,-0.00382573553089094,-0.00691440542174887,-0.00368762363159233,-0.00157559196489834,-0.00382573553089094,-0.00691440542174887,-0.00368762363159233,-0.00157559196489834,0.00239039941322656
2025-02-14,-0.0124554421385401,-0.00628093631724708,-0.0130831365702822,-0.0153612288368849,-0.0124554421385401,-0.00628093631724708,-0.0130831365702822,-0.0153612288368849,-0.0181794948861567
2025-02-17,0.00132131338550523,-0.00221958985074383,0.00411706422288401,0.00296341656792379,0.00132131338550523,-0.00221958985074383,0.00411706422288401,0.00296341656792379,0.00210835332734434
2025-02-18,0.000398869968390336,0.00496101562773354,0.00332129879596965,0.000906919709773163,0.000398869968390336,0.00496101562773354,0.00332129879596965,0.000906919709773163,-0.0024796767445693
2025-02-19,0.000989282769991773,-0.00601777828748801,-0.00450090234162615,0.00202919076493449,0.000989282769991773,-0.00601777828748801,-0.00450090234162615,0.00202919076493449,0.00794515633624116
2025-02-20,0.0114074362468366,0.00499141576897683,0.00483153156485842,0.00733001617424625,0.0114074362468366,0.00499141576897683,0.00483153156485842,0.00733001617424625,0.00662307597834395
2025-02-21,-0.0031121007716588,-0.00548892530803707,-0.00895997244203946,-0.00923941981161855,-0.0031121007716588,-0.00548892530803707,-0.00895997244203946,-0.00923941981161855,-0.00885998484984015
2025-02-24,-0.0193012003101024,-0.0231906565372709,-0.0175690259639352,-0.015855927242681,-0.0193012003101024,-0.0231906565372709,-0.0175690259639352,-0.015855927242681,-0.00997848392015271
2025-02-25,0.0141050686777822,0.00305626606227372,0.00411589286346925,0.000207692416837435,0.0141050686777822,0.00305626606227372,0.00411589286346925,0.000207692416837435,-0.00315430556032522
2025-02-27,-0.00125141119759142,-0.00298504640491282,-0.00464247755432582,-0.004592982122542,-0.00125141119759142,-0.00298504640491282,-0.00464247755432582,-0.004592982122542,-0.00566283277614807
2025-02-28,-0.0222515946328233,-0.0320303994332804,-0.0274868914997413,-0.0278663090706843,-0.0222515946328233,-0.0320303994332804,-0.0274868914997413,-0.0278663090706843,-0.0214065918632001
2025-03-03,0.00543487634410561,0.0134823053431614,0.0115817418603185,0.00946949003928631,0.00543487634410561,0.0134823053431614,0.0115817418603185,0.00946949003928631,0.00213945034416689
2025-03-04,-0.00897224707068045,-0.00177440868708828,0.00157255103888757,0.00229982952526533,-0.00897224707068045,-0.00177440868708828,0.00157255103888757,0.00229982952526533,0.00297498151460239
2025-03-05,0.0213356396194015,0.0209755594206157,0.0225713615067871,0.0212418846635569,0.0213356396194015,0.0209755594206157,0.0225713615067871,0.0212418846635569,0.019897019219419
2025-03-06,0.00191837758779068,0.000858281210617373,0.001599600807444,0.00375472988399722,0.00191837758779068,0.000858281210617373,0.001599600807444,0.00375472988399722,0.00703741695481065
2025-03-07,-0.00851635802405493,-0.013217363163121,-0.0111881179068066,-0.0096422772021407,-0.00851635802405493,-0.013217363163121,-0.0111881179068066,-0.0096422772021407,-0.00195217246075393
2025-03-10,-0.0046548013532991,-0.0060926336355448,-0.00701707619816239,-0.00712539726007039,-0.0046548013532991,-0.0060926336355448,-0.00701707619816239,-0.00712539726007039,-0.0105699696319151
2025-03-11,-0.00648949566664192,0.00020689169545518,-9.10539708994427e-05,0.000345723733255865,-0.00648949566664192,0.00020689169545518,-9.10539708994427e-05,0.000345723733255865,0.00399312506878942
2025-03-12,-0.0291303266439207,-0.0144742474563966,-0.00974712144158522,-0.00685260507933041,-0.0291303266439207,-0.0144742474563966,-0.00974712144158522,-0.00685260507933041,-0.00299513130872165
2025-03-13,-0.00518172158786145,-0.00242843410946175,-0.00274579046591613,-0.00263394179464924,-0.00518172158786145,-0.00242843410946175,-0.00274579046591613,-0.00263394179464924,-0.00528595619162696
2025-03-17,0.000407750182943367,0.00294486631732038,0.00512602975684939,0.00689694997778723,0.000407750182943367,0.00294486631732038,0.00512602975684939,0.00689694997778723,0.00683315692597984
2025-03-18,0.013341055005438,0.0153479502029872,0.015132374196014,0.015357527259814,0.013341055005438,0.0153479502029872,0.015132374196014,0.015357527259814,0.0198617124234199
2025-03-19,-0.0108095105417232,0.00523623825745712,0.0105171947021159,0.0112818035890995,-0.0108095105417232,0.00523623825745712,0.0105171947021159,0.0112818035890995,0.0145605897395174
2025-03-20,0.012510069106491,0.0167441561534782,0.0163982065814542,0.0153397344922439,0.012510069106491,0.0167441561534782,0.0163982065814542,0.0153397344922439,0.0081757239133974
2025-03-21,0.000713503422671957,0.00831753438196903,0.0122002618008586,0.0129018461725536,0.000713503422671957,0.00831753438196903,0.0122002618008586,0.0129018461725536,0.0131512667513473
2025-03-24,0.0140113198622791,0.01171139672332,0.0087031468162649,0.00754433770822205,0.0140113198622791,0.01171139672332,0.0087031468162649,0.00754433770822205,0.0107447962598941
2025-03-25,0.0131616409891491,0.00834587246554919,0.00536809112964879,0.00266668255104996,0.0131616409891491,0.00834587246554919,0.00536809112964879,0.00266668255104996,-0.00754570245463519
2025-03-26,-0.00981775451859235,-0.0151823664999536,-0.0157542703793266,-0.0153457004890576,-0.00981775451859235,-0.0151823664999536,-0.0157542703793266,-0.0153457004890576,-0.00875244192020226
2025-03-27,0.00566667336916304,0.00841731247534461,0.00729206548884857,0.00601291734459014,0.00566667336916304,0.00841731247534461,0.00729206548884857,0.00601291734459014,0.00823033972933417
2025-03-28,-0.0176344932882366,-0.00138063665299781,-0.000280584305932955,-0.000690174565694174,-0.0176344932882366,-0.00138063665299781,-0.000280584305932955,-0.000690174565694174,-0.00425102523013709
2025-04-01,-0.0115761549076317,-0.0157250416786349,-0.0157071774182155,-0.0157060822207484,-0.0115761549076317,-0.0157250416786349,-0.0157071774182155,-0.0157060822207484,-0.00804761801082513
2025-04-02,-0.00254803106690282,0.0013624567846241,0.00313397532336834,0.00462772473722622,-0.00254803106690282,0.0013624567846241,0.00313397532336834,0.00462772473722622,0.0103837501981581
2025-04-03,0.00185238309905333,0.0100862950881392,0.0124491479819947,0.00945531660096188,0.00185238309905333,0.0100862950881392,0.0124491479819947,0.00945531660096188,0.00324673272991239
2025-04-04,-0.00025907230298905,-0.0143978854468318,-0.0196475497135234,-0.0181782178546988,-0.00025907230298905,-0.0143978854468318,-0.0196475497135234,-0.0181782178546988,-0.0220314947181695
2025-04-07,-0.0266313509620892,-0.0303162740526314,-0.0300611894514731,-0.0315864399129304,-0.0266313509620892,-0.0303162740526314,-0.0300611894514731,-0.0315864399129304,-0.0347090305456038
2025-04-08,0.0176916502024747,0.0177091992009709,0.018125122083505,0.0219529695011529,0.0176916502024747,0.0177091992009709,0.018125122083505,0.0219529695011529,0.0213158315703632
2025-04-09,0.0161504400409751,0.00467532913031105,2.16706209083353e-05,-0.00254322743328184,0.0161504400409751,0.00467532913031105,2.16706209083353e-05,-0.00254322743328184,-0.00737287266079499
2025-04-11,0.000983705181118344,0.00899861611766661,0.0123823998510798,0.0141098473109452,0.000983705181118344,0.00899861611766661,0.0123823998510798,0.0141098473109452,0.0175542610358549
2025-04-15,0.0126402365069738,0.0162802325264825,0.0178195180635892,0.0221930940780697,0.0126402365069738,0.0162802325264825,0.0178195180635892,0.0221930940780697,0.0265709809380316
2025-04-16,0.00514911307463017,0.00372303751761516,0.00286055610408353,0.00360532367201488,0.00514911307463017,0.00372303751761516,0.00286055610408353,0.00360532367201488,0.00768133478240451
2025-04-17,0.00992097794776736,0.00798820379955845,0.00795897871539819,0.00861643519129651,0.00992097794776736,0.00798820379955845,0.00795897871539819,0.00861643519129651,0.0103592834549873
2025-04-21,-0.00321832178477277,0.0017443185871151,0.00377953322540625,0.00867207898168382,-0.00321832178477277,0.0017443185871151,0.00377953322540625,0.00867207898168382,0.0167780994820395
2025-04-22,0.0149995112014141,0.0147540285297074,0.0127066394132986,0.00914158453702382,0.0149995112014141,0.0147540285297074,0.0127066394132986,0.00914158453702382,0.00485966626612597
2025-04-23,0.0025328252064265,0.00489550093942948,0.00633613721721401,0.0064485630119589,0.0025328252064265,0.00489550093942948,0.00633613721721401,0.0064485630119589,0.005560761020673
2025-04-24,-0.010261496797177,-0.00772568356532338,-0.00391377057403564,-0.00319703730136747,-0.010261496797177,-0.00772568356532338,-0.00391377057403564,-0.00319703730136747,-0.00151552980061754
2025-04-25,-0.0199618549912508,-0.0232863391482576,-0.023591744531885,-0.0235956373164426,-0.0199618549912508,-0.0232863391482576,-0.023591744531885,-0.0235956373164426,-0.0196440823141908
2025-04-28,0.014476614699332,0.0143705896083888,0.0149755397805427,0.0126150039583305,0.014476614699332,0.0143705896083888,0.0149755397805427,0.0126150039583305,0.0103787682563756
2025-04-29,-0.00547791944608633,-0.00597343187671168,-0.00642289756014798,-0.00502366323185616,-0.00547791944608633,-0.00597343187671168,-0.00642289756014798,-0.00502366323185616,-0.00112205085009685
2025-04-30,0.000326346511010822,-0.000176255517538748,0.000277213188196142,-0.00345383477334724,0.000326346511010822,-0.000176255517538748,0.000277213188196142,-0.00345383477334724,-0.00521138435279746
2025-05-02,-0.00347458908342457,-0.00588826906136952,-0.00608136821456029,-0.00670428435473276,-0.00347458908342457,-0.00588826906136952,-0.00608136821456029,-0.00670428435473276,-0.00348061312410692
2025-05-05,0.0125601190270233,0.0139332148000176,0.0124940223599318,0.0116693078736045,0.0125601190270233,0.0139332148000176,0.0124940223599318,0.0116693078736045,0.00943994522831387
2025-05-06,0.0051756949993691,4.10562891506872e-05,-0.00213704673548276,-0.00299362773618128,0.0051756949993691,4.10562891506872e-05,-0.00213704673548276,-0.00299362773618128,-0.0154560310692194
2025-05-07,-0.000991106194806135,0.001072831958771,0.000566186334596264,-0.000457225836456687,-0.000991106194806135,0.001072831958771,0.000566186334596264,-0.000457225836456687,0.00771447955196299
2025-05-08,-0.0217029385742182,-0.0216573573063868,-0.0205626464229898,-0.0202913818640169,-0.0217029385742182,-0.0216573573063868,-0.0205626464229898,-0.0202913818640169,-0.0137323106277361
2025-05-09,-0.00254193524219293,-4.23915110543405e-05,-0.000352881284351292,-0.000692647519486778,-0.00254193524219293,-4.23915110543405e-05,-0.000352881284351292,-0.000692647519486778,-0.00501233175997955
2025-05-12,0.0258167664124513,0.0199058094378862,0.0166316685009557,0.014168696492074,0.0258167664124513,0.0199058094378862,0.0166316685009557,0.014168696492074,0.0362868580404125
2025-05-13,0.00139119519880748,0.00588592132689125,0.00718611281759377,0.00782193174451479,0.00139119519880748,0.00588592132689125,0.00718611281759377,0.00782193174451479,-0.00189468847438768
2025-05-14,0.0105474268613377,0.0095476381243732,0.0083925167120118,0.00785132324857257,0.0105474268613377,0.0095476381243732,0.0083925167120118,0.00785132324857257,0.00904729696213843
2025-05-15,0.0103649838749689,0.00619573824540398,0.0061593126783804,0.00691316229215672,0.0103649838749689,0.00619573824540398,0.0061593126783804,0.00691316229215672,0.0112068223678564
2025-05-16,-0.00768567752892035,-0.00635983272893026,-0.00527800071310206,-0.00470183611588293,-0.00768567752892035,-0.00635983272893026,-0.00527800071310206,-0.00470183611588293,0.00538784735355179
2025-05-19,-0.00392801727915215,6.72172568734752e-05,0.0016450523218761,0.00219482350648317,-0.00392801727915215,6.72172568734752e-05,0.0016450523218761,0.00219482350648317,0.000918120192999078
2025-05-20,-0.0104875562156819,-0.0101632015506961,-0.0105144101710603,-0.0114109647989071,-0.0104875562156819,-0.0101632015506961,-0.0105144101710603,-0.0114109647989071,-0.0128573482547068
2025-05-21,-0.00378394633961388,0.000641888973038851,0.00326063544667591,0.00451850898700562,-0.00378394633961388,0.000641888973038851,0.00326063544667591,0.00451850898700562,0.00693916037236307
2025-05-22,0.0181437323799474,0.0088254743634944,0.00524898212843713,0.00284892954552038,0.0181437323799474,0.0088254743634944,0.00524898212843713,0.00284892954552038,-0.0038541972817097
2025-05-23,0.007322040889989,0.00567219237585381,0.00423373785293268,0.00316034094091186,0.007322040889989,0.00567219237585381,0.00423373785293268,0.00316034094091186,0.00734601523996875
2025-05-26,-0.0030303805891837,-0.00254797461207323,-0.000485615204112462,0.000204395681862757,-0.0030303805891837,-0.00254797461207323,-0.000485615204112462,0.000204395681862757,0.00381846112611214
2025-05-27,-0.0072164630859044,-0.00403741626393617,-0.00292416518815834,-0.00232507555729883,-0.0072164630859044,-0.00403741626393617,-0.00292416518815834,-0.00232507555729883,-0.00210961007653665
2025-05-28,-0.00489507777045117,-0.00354728773704821,-0.00378533907060981,-0.00447878488498593,-0.00489507777045117,-0.00354728773704821,-0.00378533907060981,-0.00447878488498593,8.9268083540338e-05
2025-05-29,-0.00193855860631653,0.000165384366084376,0.00133852375116043,0.0023715517275904,-0.00193855860631653,0.000165384366084376,0.00133852375116043,0.0023715517275904,0.00350466642997511
2025-05-30,0.00121069788271067,-0.0015433795708592,-0.00232711126095938,-0.00351550454463642,0.00121069788271067,-0.0015433795708592,-0.00232711126095938,-0.00351550454463642,-0.00176766602913091
2025-06-02,0.00664428500471992,0.0126566293668745,0.00904629568502809,0.00567994721285926,0.00664428500471992,0.0126566293668745,0.00904629568502809,0.00567994721285926,0.00320598583178521
2025-06-03,-0.000147250294500578,-0.00192256044701433,-0.00287567241955885,-0.00398541478822032,-0.000147250294500578,-0.00192256044701433,-0.00287567241955885,-0.00398541478822032,-0.00391366276958966
2025-06-04,0.0070664713375137,0.00746169614717396,0.0058095512263722,0.00444850645886491,0.0070664713375137,0.00746169614717396,0.0058095512263722,0.00444850645886491,0.00388569465949931
2025-06-05,0.00305305125534283,0.00636172268502,0.00701521021896216,0.00642825160872706,0.00305305125534283,0.00636172268502,0.00701521021896216,0.00642825160872706,0.00607642423535822
2025-06-06,0.0105252657533685,0.0171787824482266,0.0207246830316207,0.0199277586299451,0.0105252657533685,0.0171787824482266,0.0207246830316207,0.0199277586299451,0.0125793386507728
2025-06-09,0.00355371963581974,0.0123209658109853,0.0146570446020803,0.0123330134807575,0.00355371963581974,0.0123209658109853,0.0146570446020803,0.0123330134807575,0.0089174777458651
2025-06-10,0.00117028977282763,-0.00321469584936146,-0.00410692263164281,-0.00424515072066012,0.00117028977282763,-0.00321469584936146,-0.00410692263164281,-0.00424515072066012,0.000139263103888322
2025-06-11,0.000455980269406409,-0.00495378215931042,-0.00599573199682749,-0.00521412010033853,0.000455980269406409,-0.00495378215931042,-0.00599573199682749,-0.00521412010033853,-0.000832558202869411
2025-06-12,0.00150329364839541,-0.00858767599627441,-0.0120513089798049,-0.0109970057828317,0.00150329364839541,-0.00858767599627441,-0.0120513089798049,-0.0109970057828317,-0.0122950794731909
2025-06-13,0.00971274121566412,0.00172732090663597,-0.000651959357752418,-0.0027702220203428,0.00971274121566412,0.00172732090663597,-0.000651959357752418,-0.0027702220203428,-0.00420992767272709
2025-06-16,0.0145970497126409,0.0116155049912146,0.0109152643546112,0.0102670304038407,0.0145970497126409,0.0116155049912146,0.0109152643546112,0.0102670304038407,0.00843038683757665
2025-06-17,-0.0171996563995582,-0.0109798384391327,-0.00958729911709462,-0.00816144232764737,-0.0171996563995582,-0.0109798384391327,-0.00958729911709462,-0.00816144232764737,-0.00744832167897366
2025-06-18,-0.00831081654771482,-0.00548739994506398,-0.00560663938812637,-0.00469329450251887,-0.00831081654771482,-0.00548739994506398,-0.00560663938812637,-0.00469329450251887,-0.00293974747240706
2025-06-19,-0.00894705298730336,-0.013180466197328,-0.0139761894052026,-0.0114321105787694,-0.00894705298730336,-0.013180466197328,-0.0139761894052026,-0.0114321105787694,-0.0105896809854817
2025-06-20,0.00766844275728529,0.0131496686293887,0.0150322679271906,0.0146045272257379,0.00766844275728529,0.0131496686293887,0.0150322679271906,0.0146045272257379,0.0117486504388414
2025-06-23,0.00027737222596258,0.00542735695846641,0.00604136199141999,0.00366623918333145,0.00027737222596258,0.00542735695846641,0.00604136199141999,0.00366623918333145,0.00226441769938093
2025-06-24,0.00268724365939077,0.00566051906800835,0.00676490403417233,0.00689886490192343,0.00268724365939077,0.00566051906800835,0.00676490403417233,0.00689886490192343,0.00550919737642482
2025-06-25,0.0225842541262837,0.0126882854842582,0.00991068033671823,0.00837516323200382,0.0225842541262837,0.0126882854842582,0.00991068033671823,0.00837516323200382,0.00933556247405463
2025-06-26,0.0155161307770604,0.0110479157041574,0.0126720597431296,0.0132021773635104,0.0155161307770604,0.0110479157041574,0.0126720597431296,0.0132021773635104,0.0073202028800861
2025-06-27,0.0110132211916745,0.00578055255426635,0.00443734693459152,0.00510867309357238,0.0110132211916745,0.00578055255426635,0.00443734693459152,0.00510867309357238,0.00399643538662908
2025-06-30,0.000991384058352862,0.00490990041043116,0.0040222400828902,0.00146632812634701,0.000991384058352862,0.00490990041043116,0.0040222400828902,0.00146632812634701,0.00227414574904956
2025-07-01,0.00143058094026016,0.00494981864685262,0.00321421190188487,0.00194819708642982,0.00143058094026016,0.00494981864685262,0.00321421190188487,0.00194819708642982,-0.00124459962822712
2025-07-02,-0.00341845631972493,-0.00672038766026256,-0.00902284289522489,-0.00918654063990246,-0.00341845631972493,-0.00672038766026256,-0.00902284289522489,-0.00918654063990246,-0.00253345285751162
2025-07-03,0.0193825671953765,0.0108422350797593,0.00541674958142309,0.00288263755987334,0.0193825671953765,0.0108422350797593,0.00541674958142309,0.00288263755987334,-0.000435554280575414
2025-07-04,0.00317684267456775,-0.00377754512040496,-0.00385797187701442,-0.00164944127769395,0.00317684267456775,-0.00377754512040496,-0.00385797187701442,-0.00164944127769395,0.000832354732465071
2025-07-07,0.00126343128246487,-0.000666414004770133,-0.000371206339110993,-0.000584119927611093,0.00126343128246487,-0.000666414004770133,-0.000371206339110993,-0.000584119927611093,-0.0018504644103427
2025-07-08,-0.00577776217064074,-0.00697126609145321,-0.00508475219853873,-0.00210482866622752,-0.00577776217064074,-0.00697126609145321,-0.00508475219853873,-0.00210482866622752,-0.000311730592338207
2025-07-09,-0.00964710480895348,-0.00401362600171984,-0.000739990831521838,-0.000169872751747346,-0.00964710480895348,-0.00401362600171984,-0.000739990831521838,-0.000169872751747346,-0.000718610893798465
2025-07-10,-0.00393494852469134,-0.00406321385066544,-0.00308278783574734,-0.00299687380011215,-0.00393494852469134,-0.00406321385066544,-0.00308278783574734,-0.00299687380011215,-0.00285184219255465
2025-07-11,-0.010438373494695,-0.0124314176202643,-0.0119955665502988,-0.0101896332265377,-0.010438373494695,-0.0124314176202643,-0.0119955665502988,-0.0101896332265377,-0.00642113042016773
2025-07-14,0.0111491164168449,0.0106071456509705,0.00744526618648248,0.00511072323733403,0.0111491164168449,0.0106071456509705,0.00744526618648248,0.00511072323733403,0.00478195722139147
2025-07-15,0.00933241726783463,0.0106304548341684,0.01043784955288,0.0090101553087889,0.00933241726783463,0.0106304548341684,0.01043784955288,0.0090101553087889,0.006433890142619
2025-07-16,0.00334203112296039,0.00227094608177625,0.000135063208969462,-1.52439113192404e-05,0.00334203112296039,0.00227094608177625,0.000135063208969462,-1.52439113192404e-05,0.0013869677316237
2025-07-17,9.89375986431007e-05,-0.00221296946358651,-0.00276087321048072,-0.00306417932976785,9.89375986431007e-05,-0.00221296946358651,-0.00276087321048072,-0.00306417932976785,-0.000912918247062869
2025-07-18,-0.00729474834649235,-0.00574179469519664,-0.00505744343366584,-0.00613474279508483,-0.00729474834649235,-0.00574179469519664,-0.00505744343366584,-0.00613474279508483,-0.00516504353310515
2025-07-21,-0.00575624918437323,-0.000348132015805969,0.00301152282790521,0.00631409561690627,-0.00575624918437323,-0.000348132015805969,0.00301152282790521,0.00631409561690627,0.00456883614277237
2025-07-22,0.00622391290340274,0.0019343670082913,0.000603214900769126,0.000484797053458358,0.00622391290340274,0.0019343670082913,0.000603214900769126,0.000484797053458358,-0.00262459866609529
2025-07-23,0.0164928599719665,0.00926894370101661,0.00847943473725402,0.00844753525377817,0.0164928599719665,0.00926894370101661,0.00847943473725402,0.00844753525377817,0.00271249271701328
2025-07-24,0.0130380712614124,0.00349086947434879,-0.00074031335021918,-0.00211121287093094,0.0130380712614124,0.00349086947434879,-0.00074031335021918,-0.00211121287093094,-0.00391199678294596
2025-07-25,-0.00243678298581917,-0.0112762733735084,-0.0140824623416729,-0.0125605266829224,-0.00243678298581917,-0.0112762733735084,-0.0140824623416729,-0.0125605266829224,-0.0116820939148024
2025-07-28,-0.00484391197840794,-0.00857797610637728,-0.00964182426850824,-0.0090292591673089,-0.00484391197840794,-0.00857797610637728,-0.00964182426850824,-0.0090292591673089,-0.00863501186909961
2025-07-29,0.00385130259870126,0.00251444327888561,0.00368667513676169,0.00356813328448535,0.00385130259870126,0.00251444327888561,0.00368667513676169,0.00356813328448535,0.00647772684245558
2025-07-30,-0.00584492573084683,-0.00446356563038519,-0.00358692829132634,-0.00266407587786777,-0.00584492573084683,-0.00446356563038519,-0.00358692829132634,-0.00266407587786777,-0.000389486381134432
2025-07-31,0.00384048503559198,-0.00146375980758423,-0.00224911428151253,-0.0021878055401876,0.00384048503559198,-0.00146375980758423,-0.00224911428151253,-0.0021878055401876,-0.00614755710246483
2025-08-01,-0.00158172883192931,-0.00788740344060651,-0.0080189439451447,-0.00666626654324616,-0.00158172883192931,-0.00788740344060651,-0.0080189439451447,-0.00666626654324616,-0.0137773302440838
2025-08-04,-0.00807890091690766,0.0064433223167974,0.00409600617359666,0.00515273016098564,-0.00807890091690766,0.0064433223167974,0.00409600617359666,0.00515273016098564,0.00940675959566703
2025-08-05,0.00522869703488937,-0.00248809523102966,-0.00295667951937051,-0.00197671039723057,0.00522869703488937,-0.00248809523102966,-0.00295667951937051,-0.00197671039723057,-0.00190792602903713
2025-08-06,-0.0048199946030949,-0.00440351183099225,-0.00296553612513898,-0.00331404454251061,-0.0048199946030949,-0.00440351183099225,-0.00296553612513898,-0.00331404454251061,-0.00743011715465578
2025-08-07,0.00273255977036202,0.00689962133723765,0.00501345227087639,0.00336057401121492,0.00273255977036202,0.00689962133723765,0.00501345227087639,0.00336057401121492,0.00211052669860609
2025-08-08,-0.00539894119210294,-0.00772806996716147,-0.00813836063589879,-0.00894557223183703,-0.00539894119210294,-0.00772806996716147,-0.00813836063589879,-0.00894557223183703,-0.0104489526823109
2025-08-11,0.0181058789613202,0.0145609020963643,0.0127571171269621,0.0117072436560606,0.0181058789613202,0.0145609020963643,0.0127571171269621,0.0117072436560606,0.00902195115933354
2025-08-12,0.00771440805558243,0.00135992780209282,-0.00193414122088235,-0.00101272729815965,0.00771440805558243,0.00135992780209282,-0.00193414122088235,-0.00101272729815965,-0.00123297367365063
2025-08-13,0.02006931165802,0.0168199070090754,0.0125279532518535,0.00878862615217263,0.02006931165802,0.0168199070090754,0.0125279532518535,0.00878862615217263,0.00621853489658644
2025-08-14,-0.00900747562248339,-0.0038852804263253,-0.00135833097291482,-0.00116090991150977,-0.00900747562248339,-0.0038852804263253,-0.00135833097291482,-0.00116090991150977,-0.000903132834994383
2025-08-18,0.00459665172114554,0.0115872855818189,0.0112544637988673,0.0158354922079817,0.00459665172114554,0.0115872855818189,0.0112544637988673,0.0158354922079817,0.01150600471403
2025-08-19,0.00798821226913815,0.00884649553546568,0.00568723489867266,0.00475403527052654,0.00798821226913815,0.00884649553546568,0.00568723489867266,0.00475403527052654,0.00607405395156119
2025-08-20,0.00352837991345312,0.00289820466138035,0.00062220531239543,0.0015509952298664,0.00352837991345312,0.00289820466138035,0.00062220531239543,0.0015509952298664,0.00198473801525069
2025-08-21,-0.00122091704435767,-0.00611193741435412,-0.00299830988836651,-0.00383876051847315,-0.00122091704435767,-0.00611193741435412,-0.00299830988836651,-0.00383876051847315,-0.000190373049089859
2025-08-22,-0.00909125320353676,-0.00517483687296583,-0.00664212960534298,-0.0107526663150661,-0.00909125320353676,-0.00517483687296583,-0.00664212960534298,-0.0107526663150661,-0.0040632293436953
2025-08-25,-0.00570748039458024,-0.00444585909209361,-0.00309245470821899,-0.00163082521695343,-0.00570748039458024,-0.00444585909209361,-0.00309245470821899,-0.00163082521695343,0.00114785982990622
2025-08-26,-0.0111957332369093,-0.0167576229881572,-0.0156609963170994,-0.012689310767733,-0.0111957332369093,-0.0167576229881572,-0.0156609963170994,-0.012689310767733,-0.0144780881531721
2025-08-28,-0.00978662327214208,-0.0143728923892819,-0.0135933212029336,-0.0119134444531098,-0.00978662327214208,-0.0143728923892819,-0.0135933212029336,-0.0119134444531098,-0.0111175543852539
2025-08-29,-0.00637962950140114,-0.00795510716812808,-0.00624719231727093,-0.00461597136722694,-0.00637962950140114,-0.00795510716812808,-0.00624719231727093,-0.00461597136722694,-0.00239218862885862
2025-09-01,0.0124067922599831,0.0113415446880448,0.0146347338873863,0.0154926950715136,0.0124067922599831,0.0113415446880448,0.0146347338873863,0.0154926950715136,0.0112553045960194
2025-09-02,0.00260880937794683,0.000778182505866365,5.99565286587556e-05,-3.0298200326212e-05,0.00260880937794683,0.000778182505866365,5.99565286587556e-05,-3.0298200326212e-05,0.00112623227637107
2025-09-03,0.0117056626572196,0.00560917421428098,0.00761664057237935,0.0070779209093742,0.0117056626572196,0.00560917421428098,0.00761664057237935,0.0070779209093742,0.00685889013790304
2025-09-04,0.00587672450648413,0.00142887978353046,-0.00087966330369608,0.000269586994055521,0.00587672450648413,0.00142887978353046,-0.00087966330369608,0.000269586994055521,-0.00282483800434659
2025-09-05,-0.00289196075388887,-0.00338459490762016,0.000349134474840418,0.00194236860027028,-0.00289196075388887,-0.00338459490762016,0.000349134474840418,0.00194236860027028,0.00114557654221301
2025-09-08,-0.00731176490488172,-0.000950904627573079,0.00110135005215543,0.00178120009059718,-0.00731176490488172,-0.000950904627573079,0.00110135005215543,0.00178120009059718,0.00167550659685247
2025-09-09,0.00284446544724237,-0.00151348449485461,-0.000349576931711041,0.000255274072255757,0.00284446544724237,-0.00151348449485461,-0.000349576931711041,0.000255274072255757,0.00273417569167713
2025-09-10,0.013921455352794,0.00375167860664438,0.00463199440581996,0.00577742336284293,0.013921455352794,0.00375167860664438,0.00463199440581996,0.00577742336284293,0.00622077098740577
2025-09-11,-0.00401519383309135,-0.00343664048142756,-0.00500385386657802,-0.00464372907601973,-0.00401519383309135,-0.00343664048142756,-0.00500385386657802,-0.00464372907601973,0.0012739036607356
2025-09-12,-0.00175657819465036,-0.00223020189521511,-0.000763642920768211,0.00237238280570315,-0.00175657819465036,-0.00223020189521511,-0.000763642920768211,0.00237238280570315,0.00334028679485606
2025-09-15,-0.00225183720250788,-9.12137437347194e-05,0.00163149165711988,0.00242109259986747,-0.00225183720250788,-9.12137437347194e-05,0.00163149165711988,0.00242109259986747,0.00303573266378474
2025-09-16,-0.00204744486089092,0.00476972939246567,0.00351304050383749,0.00273546390087898,-0.00204744486089092,0.00476972939246567,0.00351304050383749,0.00273546390087898,0.00587551317515555
2025-09-17,-0.00147835841276223,0.00426409011958362,0.00412896261219275,0.00305536524914954,-0.00147835841276223,0.00426409011958362,0.00412896261219275,0.00305536524914954,0.00215904705424099
2025-09-18,0.000886067937903023,0.000600308798486604,0.00244735854635314,0.00288529088537059,0.000886067937903023,0.000600308798486604,0.00244735854635314,0.00288529088537059,0.00408484225657047
2025-09-19,-0.00390247427709367,-0.00270559900005868,-0.00252535317215818,-0.00229005431058399,-0.00390247427709367,-0.00270559900005868,-0.00252535317215818,-0.00229005431058399,0.000262796592238778
2025-09-22,-0.000791261211423366,-0.000488552051386315,-0.00146393228152268,-0.000455116764873836,-0.000791261211423366,-0.000488552051386315,-0.00146393228152268,-0.000455116764873836,-0.00333972868338127
2025-09-23,-0.0052232828627764,-0.00551723538075721,-0.00334919616474287,-0.00239696268280865,-0.0052232828627764,-0.00551723538075721,-0.00334919616474287,-0.00239696268280865,-0.00230370327778935
2025-09-24,-0.00965062942358541,-0.0102725959524963,-0.0099895380753523,-0.00921742828452002,-0.00965062942358541,-0.0102725959524963,-0.0099895380753523,-0.00921742828452002,-0.00706629431045639
2025-09-25,-0.00135425831325753,-0.00520134927279886,-0.00493178084627869,-0.00660228336001215,-0.00135425831325753,-0.00520134927279886,-0.00493178084627869,-0.00660228336001215,-0.00680158474177822
2025-09-26,-0.0133095632359926,-0.0166914327193382,-0.016947627073393,-0.0168267786420979,-0.0133095632359926,-0.0166914327193382,-0.016947627073393,-0.0168267786420979,-0.0163138617169162
2025-09-29,0.00292174173205528,0.00202446413148361,0.0036952603516287,0.00450139541180988,0.00292174173205528,0.00202446413148361,0.0036952603516287,0.00450139541180988,0.00271955606617545
2025-09-30,-0.000643241189809851,0.00077939349702183,0.00108799205340741,0.000862077460634214,-0.000643241189809851,0.00077939349702183,0.00108799205340741,0.000862077460634214,0.000470700042736692
2025-10-01,0.00260960212312922,0.00586229457850437,0.00622534005883861,0.00789447682065823,0.00260960212312922,0.00586229457850437,0.00622534005883861,0.00789447682065823,0.0109494124209949
2025-10-03,-0.00548474134722743,-0.00178593993780474,-0.000417028919812953,0.0146022030801427,-0.00548474134722743,-0.00178593993780474,-0.000417028919812953,0.0146022030801427,0.00554075086979759
2025-10-06,0.0447888259480496,0.0342536115419335,0.0280538772091497,0.0122217244400437,0.0447888259480496,0.0342536115419335,0.0280538772091497,0.0122217244400437,0.00513861663344572
2025-10-07,-0.00731343684521568,-0.00367201001987522,-0.00163370427614521,3.58407711203712e-05,-0.00731343684521568,-0.00367201001987522,-0.00163370427614521,3.58407711203712e-05,0.00186302562279587
2025-10-08,0.0111603468299337,0.00484675398630841,0.00115996937561965,5.73882028142292e-05,0.0111603468299337,0.00484675398630841,0.00115996937561965,5.73882028142292e-05,-0.00506457826839842
2025-10-09,0.00337203441616096,0.00396307745513691,0.00540452212149489,0.00728968866624063,0.00337203441616096,0.00396307745513691,0.00540452212149489,0.00728968866624063,0.00609055877466054
2025-10-10,-0.00149809071228224,-0.00365787038632498,-0.00242124572004406,0.000303469671461859,-0.00149809071228224,-0.00365787038632498,-0.00242124572004406,0.000303469671461859,0.00483517200396004
2025-10-13,0.00725682943334416,0.00861168979465909,0.00880546576785046,0.00915930689548755,0.00725682943334416,0.00861168979465909,0.00880546576785046,0.00915930689548755,-0.00115488024425798
2025-10-14,0.000196688560239799,-0.0026274487147171,-0.00308725067386299,-0.00342835440637268,0.000196688560239799,-0.0026274487147171,-0.00308725067386299,-0.00342835440637268,-0.00627458271812953
2025-10-15,0.00473506399959334,0.0147083948192478,0.0168639903554987,0.0150415623137368,0.00473506399959334,0.0147083948192478,0.0168639903554987,0.0150415623137368,0.0102812407857079
2025-10-16,0.00983453699386883,0.00289574747764376,0.00141455273717817,0.000650927015019009,0.00983453699386883,0.00289574747764376,0.00141455273717817,0.000650927015019009,0.00566191897623154
2025-10-17,0.00305969564194819,0.00156805186429654,0.000159104413825569,-0.00139476903535626,0.00305969564194819,0.00156805186429654,0.000159104413825569,-0.00139476903535626,-0.00124659638717277
2025-10-20,0.0079048894813516,0.00877062571897946,0.00835355227466109,0.0113476808204938,0.0079048894813516,0.00877062571897946,0.00835355227466109,0.0113476808204938,0.00558656410126574
2025-10-21,0.00287350132043196,0.00227409241315502,0.00217611444185143,0.00134932200622781,0.00287350132043196,0.00227409241315502,0.00217611444185143,0.00134932200622781,0.00238363243678936
2025-10-23,-0.0129345155248553,-0.00557432980118178,-0.00298539710549324,-0.00145939608764367,-0.0129345155248553,-0.00557432980118178,-0.00298539710549324,-0.00145939608764367,-0.000638202089316581
2025-10-24,-0.0131366498822771,-0.00414096094987471,-0.00367839644650814,-0.00394848414069882,-0.0131366498822771,-0.00414096094987471,-0.00367839644650814,-0.00394848414069882,-0.00240575063760269
2025-10-27,0.0015501072727151,0.000281194928203166,0.0023986235699374,0.00479986827873682,0.0015501072727151,0.000281194928203166,0.0023986235699374,0.00479986827873682,0.00648179542122539
2025-10-28,0.00330456606930563,0.00188355984993072,0.000597031935429408,0.00147019932996942,0.00330456606930563,0.00188355984993072,0.000597031935429408,0.00147019932996942,-0.00084752719147989
2025-10-29,0.0057206053703911,0.00590103700988831,0.00447776623182058,0.00230738881507586,0.0057206053703911,0.00590103700988831,0.00447776623182058,0.00230738881507586,0.00622508998912054
2025-10-30,-0.00747935975982261,-0.00539263826572772,-0.0044191993440128,-0.00305407856428069,-0.00747935975982261,-0.00539263826572772,-0.0044191993440128,-0.00305407856428069,-0.00472969442956139
2025-10-31,-0.020749615300066,-0.0108843841087073,-0.00938745272328427,-0.00705947586676683,-0.020749615300066,-0.0108843841087073,-0.00938745272328427,-0.00705947586676683,-0.00598964945305564
2025-11-03,0.0170652261486987,0.0181219612317957,0.0145506669545803,0.0142193387497612,0.0170652261486987,0.0181219612317957,0.0145506669545803,0.0142193387497612,0.00784314036303119
2025-11-04,0.00465312258744932,0.00178419706073241,-0.000656802386550896,-0.000923077851537724,0.00465312258744932,0.00178419706073241,-0.000656802386550896,-0.000923077851537724,-0.00500858743733346
2025-11-06,-0.0129136214407128,-0.00956877356879543,-0.00903224077432988,-0.00962855050890352,-0.0129136214407128,-0.00956877356879543,-0.00903224077432988,-0.00962855050890352,-0.0102194177646383
2025-11-07,0.0207257764090933,0.0146947238287546,0.0179461408192968,0.0190162084066764,0.0207257764090933,0.0146947238287546,0.0179461408192968,0.0190162084066764,0.00271852855802164
2025-11-10,0.0110421550499293,0.00483576448626905,0.00356179772768676,0.00385616143741588,0.0110421550499293,0.00483576448626905,0.00356179772768676,0.00385616143741588,0.000140535131374504
2025-11-11,-0.0124691538974568,-0.00819919793436458,-0.00580350739573769,-0.00798677109353763,-0.0124691538974568,-0.00819919793436458,-0.00580350739573769,-0.00798677109353763,0.00138062431212447
2025-11-12,-0.00513620020038807,0.000551213765582315,0.00450015281699205,0.00561281403239089,-0.00513620020038807,0.000551213765582315,0.00450015281699205,0.00561281403239089,0.00526744885015502
2025-11-13,-0.00189773986227681,-0.0043411538348852,-0.00454373160974597,-0.00411188491260867,-0.00189773986227681,-0.0043411538348852,-0.00454373160974597,-0.00411188491260867,-0.000851300287020304
2025-11-14,0.00842065773540179,0.0100429860918174,0.0084285189650369,0.00764246480861802,0.00842065773540179,0.0100429860918174,0.0084285189650369,0.00764246480861802,0.00150661631117848
2025-11-17,0.00697423561167376,0.00894675562379887,0.0100062929182867,0.0091364351974097,0.00697423561167376,0.00894675562379887,0.0100062929182867,0.0091364351974097,0.00608781231894696
2025-11-18,-0.0063645687808368,-0.00400022675335143,-0.00423717457436908,-0.00526211317015027,-0.0063645687808368,-0.00400022675335143,-0.00423717457436908,-0.00526211317015027,-0.00695377671972333
2025-11-19,-0.00298213312195439,0.00432744134923313,0.00419133551688811,0.00338242997262966,-0.00298213312195439,0.00432744134923313,0.00419133551688811,0.00338242997262966,0.00167106948622716
2025-11-20,0.00848268679543618,-0.000190844554431413,-0.000351367735842434,0.00196678131313061,0.00848268679543618,-0.000190844554431413,-0.000351367735842434,0.00196678131313061,0.000499335708647733
2025-11-21,-0.0109061299163898,-0.0126110111287822,-0.0118805144153775,-0.0123377179727172,-0.0109061299163898,-0.0126110111287822,-0.0118805144153775,-0.0123377179727172,-0.00921752277257812
2025-11-24,4.89046411344951e-05,-0.000745836176341108,-0.00178462202530194,-0.00300415493830661,4.89046411344951e-05,-0.000745836176341108,-0.00178462202530194,-0.00300415493830661,-0.00502173777711059
2025-11-25,0.00774897480427206,0.0110905825442431,0.0103727667860996,0.00842793744194292,0.00774897480427206,0.0110905825442431,0.0103727667860996,0.00842793744194292,0.00115375435967709
2025-11-26,0.0156692419397806,0.0116907387900921,0.0135532256461788,0.0150352095292006,0.0156692419397806,0.0116907387900921,0.0135532256461788,0.0150352095292006,0.0123181816962726
2025-11-27,0.0096531251672729,0.00191037894429757,0.00189510160867649,0.00305750994865694,0.0096531251672729,0.00191037894429757,0.00189510160867649,0.00305750994865694,-0.000865705827333168
2025-11-28,0.000114302078019879,0.000780440261482718,0.000116173958251882,-0.00107981590155384,0.000114302078019879,0.000780440261482718,0.000116173958251882,-0.00107981590155384,-0.00108568705508888
2025-12-01,0.000213429242180432,-0.0016129079892627,0.000592348473163917,0.000238512462711254,0.000213429242180432,-0.0016129079892627,0.000592348473163917,0.000238512462711254,-0.00130008202129826
2025-12-02,-0.00379913987555425,-0.00477767531838941,-0.003997834243567,-0.00399868391854641,-0.00379913987555425,-0.00477767531838941,-0.003997834243567,-0.00399868391854641,-0.00266482702194551
2025-12-03,-0.0157768200439165,-0.0149449208081719,-0.0202071171154169,-0.0184765623983616,-0.0157768200439165,-0.0149449208081719,-0.0202071171154169,-0.0184765623983616,-0.00566577476552447
2025-12-04,0.00031128040355366,-0.000734964851730247,-0.000348603147268034,0.000571500298539501,0.00031128040355366,-0.000734964851730247,-0.000348603147268034,0.000571500298539501,0.00061498884977702
2025-12-05,0.0110353156644416,0.0192106217746154,0.0178555573378332,0.0170860074000938,0.0110353156644416,0.0192106217746154,0.0178555573378332,0.0170860074000938,0.00367796841881819
2025-12-08,-0.0163994170355103,-0.018566452548015,-0.0217493236198422,-0.0200478519263554,-0.0163994170355103,-0.018566452548015,-0.0217493236198422,-0.0200478519263554,-0.0169033064806094
2025-12-09,0.00534701138061755,0.00469923956538565,0.00743849879029231,0.0052633722085853,0.00534701138061755,0.00469923956538565,0.00743849879029231,0.0052633722085853,0.00253790439095774
2025-12-10,-0.0128693744519861,-0.00916004804278925,-0.00844063233534964,-0.00842024144388578,-0.0128693744519861,-0.00916004804278925,-0.00844063233534964,-0.00842024144388578,-0.00466287862405153
2025-12-11,0.0117741358992416,0.00633836383725106,0.00592694462906662,0.00631673137358968,0.0117741358992416,0.00633836383725106,0.00592694462906662,0.00631673137358968,0.00672364022259723
2025-12-12,0.00940140417713486,0.00970541699569338,0.0069734334112624,0.00735276043694766,0.00940140417713486,0.00970541699569338,0.0069734334112624,0.00735276043694766,0.00815286335739356
2025-12-15,-0.00377453290458507,-0.00130593413966185,0.000662370402702228,-0.000802939517249163,-0.00377453290458507,-0.00130593413966185,0.000662370402702228,-0.000802939517249163,-8.66719662161339e-05
2025-12-16,-0.0135751768592086,-0.0111598489726039,-0.0104053512830134,-0.0111796906610143,-0.0135751768592086,-0.0111598489726039,-0.0104053512830134,-0.0111796906610143,-0.00716707666416519
2025-12-17,-0.0055014143169354,-0.00275574211763763,0.00247684126963713,0.000341402513535621,-0.0055014143169354,-0.00275574211763763,0.00247684126963713,0.000341402513535621,-0.00448735143607492
2025-12-18,0.0114987398932633,0.00750079468199361,0.00528665105401031,0.00604681674451485,0.0114987398932633,0.00750079468199361,0.00528665105401031,0.00604681674451485,-0.000414559739992905
2025-12-19,0.00938367450953037,0.0123709864738187,0.00952362937746883,0.00977226659937924,0.00938367450953037,0.0123709864738187,0.00952362937746883,0.00977226659937924,0.00943596346285879
2025-12-22,0.00895854524087913,0.00833299759458106,0.00631924750932315,0.00644522269182285,0.00895854524087913,0.00833299759458106,0.00631924750932315,0.00644522269182285,0.00641865611217279
2025-12-23,-0.000820198568593389,0.00771728793291504,0.00399547260608146,0.00499351904050102,-0.000820198568593389,0.00771728793291504,0.00399547260608146,0.00499351904050102,0.00190922805184495
2025-12-24,-0.00567135295043664,0.00239324223600323,7.40871350913459e-05,-0.000401806688299533,-0.00567135295043664,0.00239324223600323,7.40871350913459e-05,-0.000401806688299533,-0.000743679814669628
2025-12-26,-0.00242642853208352,-0.00434252150360737,-0.00377901585116943,-0.00402056165653808,-0.00242642853208352,-0.00434252150360737,-0.00377901585116943,-0.00402056165653808,-0.00239593679905422
2025-12-29,-0.00534008347852422,-0.00482959625725077,-0.0030597565285065,-0.00388319187101074,-0.00534008347852422,-0.00482959625725077,-0.0030597565285065,-0.00388319187101074,-0.00412214925246451
2025-12-30,-0.000438522068902492,0.00453919826509919,0.00865824385722084,0.00582383814567983,-0.000438522068902492,0.00453919826509919,0.00865824385722084,0.00582383814567983,-0.00132396118633632
2025-12-31,0.0113300802330496,0.0105086387520208,0.0110226518175297,0.0105340550259189,0.0113300802330496,0.0105086387520208,0.0110226518175297,0.0105340550259189,0.00874431272152068
2026-01-01,0.00199335971730958,0.00132444713490873,0.00367158439616773,0.00470868416816848,0.00199335971730958,0.00132444713490873,0.00367158439616773,0.00470868416816848,0.00326021933679498
2026-01-02,0.0149813535698753,0.0125982876359357,0.0104418751812601,0.0106677707933087,0.0149813535698753,0.0125982876359357,0.0104418751812601,0.0106677707933087,0.00856546202440063
2026-01-05,0.00458689672565749,0.00347988110721087,0.00127472599980013,0.0017414325606937,0.00458689672565749,0.00347988110721087,0.00127472599980013,0.0017414325606937,0.000477032782716368
2026-01-06,0.00585395834890168,0.00416070924201539,0.00385109155131946,0.00313231438337624,0.00585395834890168,0.00416070924201539,0.00385109155131946,0.00313231438337624,0.000361033132968377
2026-01-07,-0.00264783244195776,0.000195112008974985,-0.00253130657195425,-0.00388612396530283,-0.00264783244195776,0.000195112008974985,-0.00253130657195425,-0.00388612396530283,0.00120739152328514
2026-01-08,-0.0207969775416412,-0.0193891191522495,-0.016421391197572,-0.0147336301232412,-0.0207969775416412,-0.0193891191522495,-0.016421391197572,-0.0147336301232412,-0.0148692112081961
2026-01-09,0.00183086155626655,-0.00394801710920623,-0.00798592316180195,-0.00886908026789357,0.00183086155626655,-0.00394801710920623,-0.00798592316180195,-0.00886908026789357,-0.00933590881357176
2026-01-12,0.00653025425673781,0.00565799116823584,0.00357086063410687,0.00200273817534968,0.00653025425673781,0.00565799116823584,0.00357086063410687,0.00200273817534968,-0.000357049105133414
2026-01-13,0.00783225413799848,0.00334023149066309,0.00349627167054215,0.00175950641914394,0.00783225413799848,0.00334023149066309,0.00349627167054215,0.00175950641914394,1.82254394988551e-05
2026-01-14,0.0212762736369163,0.0179158131580129,0.0110545173990902,0.00656039759023577,0.0212762736369163,0.0179158131580129,0.0110545173990902,0.00656039759023577,0.00157039688040284
2026-01-16,0.0116267003987569,0.0130600495072311,0.00987877932038073,0.00627651736536414,0.0116267003987569,0.0130600495072311,0.00987877932038073,0.00627651736536414,-0.000718776749644879
2026-01-19,-0.00305928400705968,-0.00372307587487314,0.000836787833878749,0.000955545641174421,-0.00305928400705968,-0.00372307587487314,0.000836787833878749,0.000955545641174421,-0.00599510321227361
2026-01-20,-0.0125947834210057,-0.0182756386541273,-0.0209428491844155,-0.0218990414727891,-0.0125947834210057,-0.0182756386541273,-0.0209428491844155,-0.0218990414727891,-0.0210272135153526
2026-01-21,-0.0100859238676492,-0.0109317513913705,-0.0106800617453794,-0.0087228376753728,-0.0100859238676492,-0.0109317513913705,-0.0106800617453794,-0.0087228376753728,-0.00618506190225875
2026-01-22,0.0233957163408283,0.0187688222215591,0.0147900124573238,0.0133157209701552,0.0233957163408283,0.0187688222215591,0.0147900124573238,0.0133157209701552,0.00737954754286475
2026-01-23,-0.0226314857157317,-0.0223940793177462,-0.0194272875598122,-0.0173890578396955,-0.0226314857157317,-0.0223940793177462,-0.0194272875598122,-0.0173890578396955,-0.0154035923796012
2026-01-27,0.017621388212596,0.0136629438372601,0.00867077242383574,0.00416620107856819,0.017621388212596,0.0136629438372601,0.00867077242383574,0.00416620107856819,0.00410911190266373
2026-01-28,0.016788507484859,0.0175741742893363,0.0159004132477765,0.0136536794141961,0.016788507484859,0.0175741742893363,0.0159004132477765,0.0136536794141961,0.0122101497104348
2026-01-29,-0.00787990132768501,-0.0018074782226371,-0.000317856880960939,-0.00194197955169789,-0.00787990132768501,-0.0018074782226371,-0.000317856880960939,-0.00194197955169789,0.000820022079285187
2026-01-30,0.000571156127398664,-0.00557886645090039,-0.00748372411922142,-0.00376200399736795,0.000571156127398664,-0.00557886645090039,-0.00748372411922142,-0.00376200399736795,0.00101768155653505
2026-02-01,-0.0556730103074676,-0.0460634655064014,-0.0450396077457604,-0.0390106659945726,-0.0556730103074676,-0.0460634655064014,-0.0450396077457604,-0.0390106659945726,-0.0190698541929946
2026-02-02,0.0087486502451517,0.00904909147434818,0.012286860555865,0.0145460808511459,0.0087486502451517,0.00904909147434818,0.012286860555865,0.0145460808511459,0.00611827888788019
2026-02-03,0.0265228146911349,0.0277439936109417,0.0280579586181395,0.0280640461403623,0.0265228146911349,0.0277439936109417,0.0280579586181395,0.0280640461403623,0.0261595709689337
2026-02-04,0.00770194744015429,0.0094301040703797,0.0105204438370867,0.0108457345275483,0.00770194744015429,0.0094301040703797,0.0105204438370867,0.0108457345275483,0.00579963428838584
2026-02-05,0.00384712187916469,0.000945089372905772,-0.00277624079208942,-0.00352796895560636,0.00384712187916469,0.000945089372905772,-0.00277624079208942,-0.00352796895560636,-0.003735497338391
2026-02-06,-0.00509832902718266,-0.00480734526156901,-0.0024335077190755,-0.00313500051169938,-0.00509832902718266,-0.00480734526156901,-0.0024335077190755,-0.00313500051169938,0.000107166315656495
2026-02-09,0.0334196773460576,0.0253815247958443,0.0221209466937013,0.0190607830802429,0.0334196773460576,0.0253815247958443,0.0221209466937013,0.0190607830802429,0.0165985943899363
2026-02-10,-0.00186692166604563,0.00295112561680633,0.00468472789057994,0.00695189717144185,-0.00186692166604563,0.00295112561680633,0.00468472789057994,0.00695189717144185,0.00392176552309306
2026-02-11,0.0103197165622519,0.00429898607660262,0.004180763653529,0.00666598267544583,0.0103197165622519,0.00429898607660262,0.004180763653529,0.00666598267544583,0.00364069319858238
2026-02-12,-0.00224456301981346,-8.83305280920399e-05,1.25722293914388e-05,-0.000293839445492716,-0.00224456301981346,-8.83305280920399e-05,1.25722293914388e-05,-0.000293839445492716,-0.0042272323685805
2026-02-13,-0.00682273832899316,-0.0131397156503573,-0.0197785111520677,-0.0172000298540685,-0.00682273832899316,-0.0131397156503573,-0.0197785111520677,-0.0172000298540685,-0.0141535525840344
2026-02-16,0.0150457693824793,0.00605537779416326,0.00634391695685158,0.00293306075347774,0.0150457693824793,0.00605537779416326,0.00634391695685158,0.00293306075347774,0.00580154357421037
2026-02-17,0.021105766881224,0.0120772385046019,0.00452213523139222,0.00469697489269588,0.021105766881224,0.0120772385046019,0.00452213523139222,0.00469697489269588,0.00313255935809548
2026-02-18,0.0131438575797764,0.0119458136804428,0.0123984193120309,0.0106678492653335,0.0131438575797764,0.0119458136804428,0.0123984193120309,0.0106678492653335,0.00437402233085473
2026-02-19,-0.0124384648381933,-0.0141141641701934,-0.0133960927712377,-0.0152860700327092,-0.0124384648381933,-0.0141141641701934,-0.0133960927712377,-0.0152860700327092,-0.0138907031287021
2026-02-20,0.0168169081022362,0.0119678141740647,0.0121316366086819,0.0101156912138666,0.0168169081022362,0.0119678141740647,0.0121316366086819,0.0101156912138666,0.00334821897999766
2026-02-23,0.0135598698871644,0.00301488476862022,0.00125364593085579,0.00300680098327305,0.0135598698871644,0.00301488476862022,0.00125364593085579,0.00300680098327305,0.00277627929844285
2026-02-24,0.00287841629460606,0.00198712316918859,0.00442048671369055,0.00218476263624012,0.00287841629460606,0.00198712316918859,0.00442048671369055,0.00218476263624012,-0.00686656732938742
2026-02-25,-0.00385548751949205,0.00135821768152322,0.00989291663285186,0.0120393785386149,-0.00385548751949205,0.00135821768152322,0.00989291663285186,0.0120393785386149,0.00580678121887185
2026-02-26,0.00946658034116554,0.00655078964363465,0.00567408428035591,0.00624814320676592,0.00946658034116554,0.00655078964363465,0.00567408428035591,0.00624814320676592,0.00305491972348228
2026-02-27,-0.0060098714514033,-0.0119073862857609,-0.0134917473124596,-0.014775999395318,-0.0060098714514033,-0.0119073862857609,-0.0134917473124596,-0.014775999395318,-0.0122678857223907
2026-03-02,-0.0184403381276319,-0.00927822405156422,-0.0123861305259571,-0.0130481873169443,-0.0184403381276319,-0.00927822405156422,-0.0123861305259571,-0.0130481873169443,-0.0136212194541739
2026-03-04,-0.0323784988385709,-0.0361591888832508,-0.0337638295299548,-0.0306612625998888,-0.0323784988385709,-0.0361591888832508,-0.0337638295299548,-0.0306612625998888,-0.0202992897050224
2026-03-05,0.00486328928197088,0.0138687835992768,0.0146520284882536,0.0147958171689312,0.00486328928197088,0.0138687835992768,0.0146520284882536,0.0147958171689312,0.0106934679903668
2026-03-06,-0.0200875146131563,-0.0120668312704695,-0.0148117905586171,-0.0145691670111463,-0.0200875146131563,-0.0120668312704695,-0.0148117905586171,-0.0145691670111463,-0.00853073651650296
2026-03-09,-0.0397472783794769,-0.0328584302528213,-0.0279762138561823,-0.0254174737182696,-0.0397472783794769,-0.0328584302528213,-0.0279762138561823,-0.0254174737182696,-0.0171023575179283
2026-03-10,0.0220563287518127,0.0187146061996536,0.0234679059317554,0.0226101189228984,0.0220563287518127,0.0187146061996536,0.0234679059317554,0.0226101189228984,0.0138163894990014
2026-03-11,-0.0183493553885773,-0.0111285491677651,-0.0181081866215542,-0.0177485272660259,-0.0183493553885773,-0.0111285491677651,-0.0181081866215542,-0.0177485272660259,-0.0108242603448048
2026-03-12,-0.000267720307704278,0.0016321940196849,-0.00232065238612248,-0.00369879713317151,-0.000267720307704278,0.0016321940196849,-0.00232065238612248,-0.00369879713317151,-0.00547308452567556
2026-03-13,-0.0372496186243948,-0.0427063075183608,-0.0330378458861508,-0.0299783466751064,-0.0372496186243948,-0.0427063075183608,-0.0330378458861508,-0.0299783466751064,-0.0223902395262285
2026-03-16,0.00609181119002167,0.0041754388793529,0.0034197896314081,0.00425355839653963,0.00609181119002167,0.0041754388793529,0.0034197896314081,0.00425355839653963,0.00066488170844508
2026-03-17,0.00333046593141351,0.0157733150832978,0.0109779360664463,0.0117921602675384,0.00333046593141351,0.0157733150832978,0.0109779360664463,0.0117921602675384,0.00731452116847124
2026-03-18,0.00755846291917051,0.00326870240147581,0.00646996601540809,0.00976728410991179,0.00755846291917051,0.00326870240147581,0.00646996601540809,0.00976728410991179,0.0131699318703979
2026-03-19,-0.0290485802536036,-0.0307007423132576,-0.0363705030678104,-0.0352123353067481,-0.0290485802536036,-0.0307007423132576,-0.0363705030678104,-0.0352123353067481,-0.0296388982325777
2026-03-20,0.0207255648145888,0.0176262181764092,0.00968175800885107,0.00667441452965453,0.0207255648145888,0.0176262181764092,0.00968175800885107,0.00667441452965453,0.0043167741670547
2026-03-23,-0.0411177985758404,-0.0446252965416463,-0.0443308711128846,-0.0448265535436319,-0.0411177985758404,-0.0446252965416463,-0.0443308711128846,-0.0448265535436319,-0.0321307321251592
2026-03-24,0.0152959855165693,0.0166561545503363,0.0211173138688241,0.0231488012181881,0.0152959855165693,0.0166561545503363,0.0211173138688241,0.0231488012181881,0.0195091466050249
2026-03-25,0.0267394085756356,0.0261658331920078,0.0313072192228445,0.0299974334873371,0.0267394085756356,0.0261658331920078,0.0313072192228445,0.0299974334873371,0.0202722560861307
2026-03-27,-0.0386427640435033,-0.0261268931244676,-0.0311342895682373,-0.0298813536865828,-0.0386427640435033,-0.0261268931244676,-0.0311342895682373,-0.0298813536865828,-0.0186061154093324
2026-03-30,-0.0455747271544046,-0.023829945113107,-0.0301406951687576,-0.031670057923725,-0.0455747271544046,-0.023829945113107,-0.0301406951687576,-0.031670057923725,-0.0231322320345281
2026-04-01,0.0220696287548285,0.030785600089105,0.0198084179400202,0.0117498427660313,0.0220696287548285,0.030785600089105,0.0198084179400202,0.0117498427660313,0.0211228913702183
2026-04-02,0.00390367128925795,9.11043947637857e-05,0.000324821249535996,-0.0020639126579759,0.00390367128925795,9.11043947637857e-05,0.000324821249535996,-0.0020639126579759,-0.000345561995522256
2026-04-06,0.0110752633066979,0.0171868627166428,0.0116882331721055,0.0090751694295389,0.0110752633066979,0.0171868627166428,0.0116882331721055,0.0090751694295389,0.0145546766765141
2026-04-07,0.0154655996336914,0.0041798424699554,0.00285180545459178,0.00252063216455989,0.0154655996336914,0.0041798424699554,0.00285180545459178,0.00252063216455989,0.00321383123441613
2026-04-08,0.0268915169655641,0.0407506333391365,0.0272604055196968,0.0218457689717919,0.0268915169655641,0.0407506333391365,0.0272604055196968,0.0218457689717919,0.0395414251990134
2026-04-09,0.0124795057569571,-9.58369048096874e-05,1.85304430855657e-05,0.00165290362108891,0.0124795057569571,-9.58369048096874e-05,1.85304430855657e-05,0.00165290362108891,-0.002730467018622
2026-04-10,0.0103605897342398,0.0152068334486267,0.0101378889657511,0.00793615542702492,0.0103605897342398,0.0152068334486267,0.0101378889657511,0.00793615542702492,0.0142350381401132
2026-04-13,-0.00219053430778204,-0.00476093792777993,-0.00301458899781056,-0.00299101841408522,-0.00219053430778204,-0.00476093792777993,-0.00301458899781056,-0.00299101841408522,-0.00607980876436677
2026-04-15,0.0177382453091459,0.0145208087760013,0.00986245955718197,0.0111921694350688,0.0177382453091459,0.0145208087760013,0.00986245955718197,0.0111921694350688,0.0207495061075786
2026-04-16,0.015316165012712,0.00681834852476032,0.00460707731339457,0.0037823446067228,0.015316165012712,0.00681834852476032,0.00460707731339457,0.0037823446067228,0.0042582746859391
2026-04-17,0.0109722194174626,0.00919707537677594,0.00613138358451729,0.00495758520457051,0.0109722194174626,0.00919707537677594,0.00613138358451729,0.00495758520457051,0.00933746251000655
2026-04-20,-0.00391050951352456,0.00242057688294994,0.00179821876578671,0.000898562841607248,-0.00391050951352456,0.00242057688294994,0.00179821876578671,0.000898562841607248,-0.00114815142342774
2026-04-21,0.000420095475309523,0.00418041110793543,0.0028294247709549,0.00191827513169995,0.000420095475309523,0.00418041110793543,0.0028294247709549,0.00191827513169995,0.00856697712057402
2026-04-22,0.00445515115287565,0.00282413522589187,0.00191258223013979,0.00162412098651504,0.00445515115287565,0.00282413522589187,0.00191258223013979,0.00162412098651504,0.000261349800616158
2026-04-23,-0.00821990286964891,-0.0150786892922727,-0.010018118186086,-0.00160297401481191,-0.00821990286964891,-0.0150786892922727,-0.010018118186086,-0.00160297401481191,-0.00711624755563239
2026-04-24,-0.00309408079693851,-0.00228757120363648,-0.00148528790601243,-0.0055327028021985,-0.00309408079693851,-0.00228757120363648,-0.00148528790601243,-0.0055327028021985,-0.0101308822423539
2026-04-27,0.0183721315378165,0.0115965687699678,0.00786295957145514,0.0124490412830673,0.0183721315378165,0.0115965687699678,0.00786295957145514,0.0124490412830673,0.0128121512462116
2026-04-28,0.00505407530241864,-0.00823877516703719,-0.00545729348947025,-0.0042407958945315,0.00505407530241864,-0.00823877516703719,-0.00545729348947025,-0.0042407958945315,-0.00237949909224611
2026-04-29,0.00497405019255037,0.000446740912625865,0.00034027136853676,0.00136381800727292,0.00497405019255037,0.000446740912625865,0.00034027136853676,0.00136381800727292,0.00235422165706123
2026-04-30,-0.0207209958636498,-0.0187680131393925,-0.0124903379393544,-0.00929416637802449,-0.0207209958636498,-0.0187680131393925,-0.0124903379393544,-0.00929416637802449,-0.00816194776627323
2026-05-04,0.00872717582911736,0.00786452858579762,0.00887038108128694,0.0126132818945792,0.0108820860722656,0.00980463095069148,0.0055277230669746,0.00455250136653129,0.00766118235803545
2026-05-05,0.00263192843086357,0.00231914599523264,0.00198032055850568,0.000481838858163164,0.00130266968505177,0.00196729905795767,0.000660826974324939,0.00185067084648663,-0.000545917614076873
2026-05-06,-0.000867647904867708,0.00469485383837798,0.00672133111536096,0.00757526919447393,0.0107742856693269,0.00495331888222961,0.0127777681746035,0.0154584418856801,0.0186181529861244
2026-05-07,0.000955442372496673,0.0104925412811026,0.00790566136373879,0.00666920423417589,0.00273190152901126,0.00184367195075397,-0.000406613176324955,0.00377182858986369,0.0041417977512133
2026-05-08,-0.00706566526820507,-0.00529913603498577,-0.00636756318305879,-0.00274781308818572,-0.00850441747920483,-0.00778504137370495,-0.0153508154489592,-0.0116652320301665,-0.00347004239795523
2026-05-11,-0.0123833461442334,-0.0173026702035592,-0.0147156561581858,-0.00577849866931499,-0.00954162806743886,-0.0109624871058361,-0.0157054281817151,-0.0140140180993467,-0.0108596631362908
2026-05-12,-0.0324140485433118,-0.0317031629934522,-0.0222966695411557,-0.0219800834078499,-0.00348368263656285,-0.0179488655899373,-0.0156298618129192,-0.0182959781914271,-0.0231668309746864
2026-05-13,-0.00239687954481849,0.00336532647771876,0.0128386047843551,0.0115973937224514,0.0317851613976279,0.0146941409264047,0.00950026516706829,0.00767518661267946,0.00412955287894921
2026-05-14,0.0175590466048245,0.0112476644814532,0.0143060262137504,0.0139218374242777,0.0204227496783449,0.0189908981415847,0.0172165296083723,0.017482938944141,0.0106555467194211
2026-05-15,-0.00579669282250395,-0.00697957697263218,-0.0110841059921768,-0.00831307949413262,-0.0192931640312661,-0.012544928426885,-0.0124727059220773,-0.0110215287091837,-0.00363445701047832
2026-05-18,-0.00912328200657719,-0.00856857307650594,-0.0089865416164715,-0.00794879437545604,-0.00982247869640263,-0.00947288035148991,-0.0127175173354784,-0.00973419622195495,-0.00482691456793954
2026-05-19,0.00640794726449734,0.00265476265138298,0.00161250194845101,0.00267654939288084,-0.000472019457412931,0.0029679639035422,0.00466130152104501,0.00643989676892529,0.00577084544806428
2026-05-20,0.00308621004860465,0.00807965623559859,0.00596317745896295,0.0070185828839554,0.00173021990569167,0.00240821497714816,0.00305550413031012,0.00346753752397061,0.00134829945676783
2026-05-21,-0.00401383474145744,0.0041898859677662,0.00347581784034863,0.00479150851000562,0.00204768158551349,-0.000983076577971975,7.35005852967227e-05,-0.00163802600742929,0.002582499603129
2026-05-22,-0.00287948038945551,-0.000793175293428872,0.000937152946690056,-0.00278863584030656,0.00439780942692791,0.0007591645187362,0.0012501342131079,0.00187999954779208,0.00161900449624748
2026-05-25,0.0169287972369414,0.0129821037819539,0.0105137790533823,0.00779400576441741,0.00557712959623924,0.0112529634165903,0.0171579128515655,0.0168674018524106,0.0122459164380734
2026-05-26,0.0137713065628224,0.0084831399976123,0.00932440671727012,0.00572551766529528,0.0110069401565858,0.0123891233597041,0.00672710686617158,0.00712687940424003,-0.000365670196430775
2026-05-27,0.0248004174098084,0.0259808432325804,0.0228977429597799,0.0169749143157256,0.016731542414179,0.0207659799119937,0.0148689593168751,0.00857356235067563,0.0035734442756894
2026-05-29,-0.0211068272739554,-0.0162611672199885,-0.0175791162421762,-0.0185463343951182,-0.0202150142865517,-0.0206609207802536,-0.0165809535361293,-0.0166034622155226,-0.0126829771812285
2026-06-01,-0.00475500934218159,-0.0133957507942061,-0.00682485048715645,-0.00389899169150296,0.00487858469545754,6.17876766379765e-05,-0.00689941651099901,-0.0100586854448069,-0.00921593663879072
2026-06-02,0.00923645320197042,0.00254651046224702,0.00858335890301691,0.00738365600080046,0.00378454729415112,0.00651050024806077,0.00268482701032517,0.000977762188374781,0.00278695739045819
2026-06-03,0.0242862986245838,0.0103120348875361,-0.000657936335948092,-0.000907604265077772,-0.00165660805246681,0.0113148452860585,0.00638608090768548,0.00387400346838623,-0.00269433347592554
2026-06-04,0.00960643939309436,0.00468235493545655,0.00432815663840295,0.00141422538814395,-0.00732756836263304,0.00113943551523066,0.00172194805930115,0.00123102866393054,0.00404617287352722
2026-06-05,-0.0137908327753802,-0.0026876048841894,-0.00352738535774518,-0.00663406298109884,-0.0159540958511598,-0.01487246431327,-0.0111105609495928,-0.00622901496044423,0.0016022210327879
2026-06-08,-0.026448221623729,-0.0177217124153361,-0.0164829023260176,-0.0181857455451423,-0.0232942752025161,-0.0248712484131225,-0.0199694669953443,-0.017225901048244,-0.0136852763012489
2026-06-09,0.00231529429093524,-0.00138524576339571,-0.00175368387710299,0.000106309047783026,0.00568628782244107,0.00400079105668816,0.00965747585758869,0.00597166043875985,0.010066982104993
2026-06-10,-0.0194577367120695,-0.0181419528858416,-0.0171651078387055,-0.0171212860352628,-0.0169898206249346,-0.0182237786685021,-0.0183934650353064,-0.0180016410413832,-0.0093956756285412
2026-06-11,-0.000229489923519122,-0.00668946614282201,-0.00715064611050975,-0.00600664140045507,-0.00257462727029101,-0.00140205859690506,-0.00368881537926039,-0.00605397212497652,-0.00573743866529914
2026-06-12,0.0288708377836491,0.0212641134302493,0.0177168510974057,0.0165789427046437,0.0131652175263577,0.0210180276550034,0.0253166880167957,0.0224018632818092,0.0221929173777571
2026-06-15,0.00542956140071316,0.00327381228564105,0.0049407270579637,0.00816688604619309,0.0178453630108812,0.0116374622057972,0.0153168520893767,0.0117671548596748,0.0140358978870723
2026-06-16,0.00125439547874207,0.00280140648345595,0.0060482017790641,0.000669731392923784,-0.0154656797654972,-0.00710564214337756,-0.00358225555416406,-0.00159958729358059,0.00460970138432971
2026-06-17,0.00727271082607217,0.00261133873334879,0.00250350727411349,0.00439859772380294,0.0100838690728713,0.00867828994947173,0.00599673329250439,0.00398504162953464,0.00471585262993938
2026-06-18,0.0126892327863553,0.0153076514181913,0.0106665048196985,0.00798031707593955,-7.82461553372471e-05,0.006305493315509,0.00559249641021342,0.00867588982016693,0.00608045719081566
2026-06-19,0.0148646881075845,0.0085806643765709,0.00425488016196333,0.00339108207113556,0.000799687798652249,0.00783218795311835,0.00589328182668073,0.00499412153139989,0.000295130020550251
2026-06-22,0.000546121011678169,0.00560560787708997,0.00628718268370632,0.00606680857811837,0.00540568626135451,0.00297590363651634,0.00356710629848811,0.00534160340949152,0.00514346603672497
2026-06-23,-0.0211124307896529,-0.0158827113439325,-0.0148723078280262,-0.0192146481261829,-0.032241669020653,-0.0266770499051529,-0.0231262866263528,-0.0200079629443177,-0.00973879720366461
2026-06-24,-0.00758106317775686,-0.00656279952740196,-0.00219701692791274,-0.0026412493636416,-0.00397394667082818,-0.00577750492429252,-0.00231919019647579,-0.00312552661661861,0.00579206105796078
2026-06-25,-0.0005955658437371,-0.00474955271686045,-0.00377069935470242,-0.00625722414041807,-0.013716798497565,-0.00715618217065106,-0.00685685235890813,-0.00736852416667705,-0.00202298452043002
2026-06-29,0.000944478175808117,0.000728332767753637,-0.00684335879575641,-0.003137053621906,0.00798186189964523,0.00446317003772667,0.00206284851740094,0.0016751832279755,-0.00490188879102972
2026-06-30,0.000420120868998675,-0.000697346433818025,-0.00334879476299706,-0.00300677388074241,-0.00198071123397847,-0.000780295182489898,-6.34531281904493e-05,-0.000501293280301518,0.00239313888731763
2026-07-01,-0.00335057276379591,-0.00789318742993386,-0.00118715223540518,0.00158060520341144,-0.00585057276379591,-0.00664318742993386,0.000479514431261485,0.00220560520341144,0.00540984234057403
2026-07-02,-0.0102004258627101,-0.000697654217324983,-0.00140726038101461,-0.00214156075926486,-0.0102004258627101,-0.000697654217324983,-0.00140726038101461,-0.00214156075926486,0.00661226270834454
2026-07-03,0.00611230245994565,0.00683750603598077,0.00400600903396875,-0.000851978979219986,0.00611230245994565,0.00683750603598077,0.00400600903396875,-0.000851978979219986,0.00363268972965045
2026-07-06,0.00596656281181907,0.00790452842070921,0.00606110083571395,0.00235527715139683,0.00596656281181907,0.00790452842070921,0.00606110083571395,0.00235527715139683,0.00365986490979698
2026-07-07,-0.00715699505173184,-0.00866395289636185,-0.00703636452618013,-0.00634606409434227,-0.00715699505173184,-0.00866395289636185,-0.00703636452618013,-0.00634606409434227,-0.00299848536936268
2026-07-08,-0.0107449175158241,-0.00990518056582707,-0.0125042839228021,-0.0161876223397361,-0.0107449175158241,-0.00990518056582707,-0.0125042839228021,-0.0161876223397361,-0.0191822680361941
2026-07-09,0.0170401328218928,0.00990874404352604,0.0118509202474334,0.0129423137503883,0.0170401328218928,0.00990874404352604,0.0118509202474334,0.0129423137503883,0.0107470135165623
2026-07-10,0.00624386421565548,0.0109926664752665,0.0140345255676769,0.0180960410808754,0.00624386421565548,0.0109926664752665,0.0140345255676769,0.0180960410808754,0.0127832702302409
2026-07-13,-0.00845400088165082,-0.00767405042537539,-0.00496679993814531,-0.0034587665628143,-0.00845400088165082,-0.00767405042537539,-0.00496679993814531,-0.0034587665628143,0.000909221860628323
2026-07-14,0.00193630941231437,0.00399322942248481,-0.000405615123131087,-0.00481543710080595,0.00193630941231437,0.00399322942248481,-0.000405615123131087,-0.00481543710080595,-0.00643807638904817
2026-07-15,0.00332005162522631,-0.0038918979923398,-0.00124882444967667,0.00143870148478198,0.00332005162522631,-0.0038918979923398,-0.00124882444967667,0.00143870148478198,0.00387722139446369
2026-07-16,0.00193290724065709,-0.00066866473682331,-0.00555503411306098,-0.00532690596017549,0.00193290724065709,-0.00066866473682331,-0.00555503411306098,-0.00532690596017549,-0.00212376574163088
2026-07-17,-0.0145685452068545,-0.00964307378358864,-0.00628017749882304,-0.00369701671346395,-0.0145685452068545,-0.00964307378358864,-0.00628017749882304,-0.00369701671346395,0.00114572083745064
2026-07-20,-0.00331512817131363,0.00263560617029385,0.00327685312359164,0.00941697369343245,-0.00331512817131363,0.00263560617029385,0.00327685312359164,0.00941697369343245,0.0030751051210021
2026-07-21,0.0106537331410947,0.00849783655335579,0.00619619173718163,0.00244973511742491,0.0106537331410947,0.00849783655335579,0.00619619173718163,0.00244973511742491,0.00233865987848337
2026-07-22,-0.00623456595051175,-0.00551123291474487,-0.00842836999285793,-0.0109226928947977,-0.00623456595051175,-0.00551123291474487,-0.00842836999285793,-0.0109226928947977,-0.0116562966999196
2026-07-23,-0.01432815750979,-0.0108727463693438,-0.0113491983490057,-0.0110208674339737,-0.01432815750979,-0.0108727463693438,-0.0113491983490057,-0.0110208674339737,-0.00802438105134773
2026-07-24,-0.00437383625536925,-0.00491822044544016,-0.00231291375849448,-0.000288398523052319,-0.00437383625536925,-0.00491822044544016,-0.00231291375849448,-0.000288398523052319,-0.00153365288545467
2026-07-27,-0.00831392953528098,-0.00113679665331978,0.0038323534357844,0.00342719538928976,-0.00831392953528098,-0.00113679665331978,0.0038323534357844,0.00342719538928976,0.0123723580168981
2026-07-28,-0.00984703141994225,-0.00797757703609009,-0.00630178884676028,-0.00711606928972322,-0.00984703141994225,-0.00797757703609009,-0.00630178884676028,-0.00711606928972322,0.000356506409059018
2026-07-29,0.0156446309238982,0.0193762958125422,0.0153574278737601,0.0125134352508768,0.0156446309238982,0.0193762958125422,0.0153574278737601,0.0125134352508768,0.00898343315051753
2026-07-30,-0.00145286767299802,-0.000135205922272619,-0.00261895014679847,-0.00164913991785856,-0.00145286767299802,-0.000135205922272619,-0.00261895014679847,-0.00164913991785856,-0.00267482834593442
2026-07-31,0.00871129539844628,0.00503160798094304,0.00644857273537195,0.00602384530623995,0.00871129539844628,0.00503160798094304,0.00644857273537195,0.00602384530623995,0.00434078114628288
