"SHARPE","RET","ID"
1.28565662367545,27.3857054092434,"SVM"
1.42966971286093,31.3704931619613,"NAIVE"
0.905888381926689,14.6702742441212,"BENCH"
