"SHARPE","RET","ID"
1.44378740992475,30.3323686986509,"SVM"
1.43276807233161,31.3960620270002,"NAIVE"
0.902921128791948,14.6160959352098,"BENCH"
