"SHARPE","RET","ID"
1.26471070300298,27.2196074504606,"SVM"
1.42966971286093,31.3704931619613,"NAIVE"
0.905888381926689,14.6702742441212,"BENCH"
