"SHARPE","RET","ID"
1.37160528247393,28.6968986772016,"SVM"
1.42966971286093,31.3704931619613,"NAIVE"
0.905888381926689,14.6702742441212,"BENCH"
