"STRATEGY","REBAL_FREQ","FORMATION_PERIOD","SIZE","SHARPE","RET"
"MOM_1",1,12,"20",1.46728775783977,0.410225029360206
"MOM_0",1,12,"20",1.45221111411109,0.407532685215458
"MOM_0",1,12,"30",1.50934731603031,0.356142886465331
"MOM_1",1,12,"30",1.44277625021767,0.349636110448893
"MOM_1",1,12,"40",1.43499092546583,0.320425611424646
