"THRESH","DRAG","CUMULATIVE"
0.05,0,2.91136941661515
0.05,1,3.2503060522543
0.1,0,2.97720494398023
0.1,1,3.27681646126937
0.15,0,3.14368392804333
0.15,1,3.40251780929376
0.2,0,3.34752558987613
0.2,1,3.46740572621429
