"THRESH","DRAG","CUMULATIVE"
0.05,0,5.47987344375253
0.05,1,3.78188815706685
0.1,0,5.45787140733076
0.1,1,4.46456447751203
0.2,0,5.57445978142629
0.2,1,4.97159994189894
0.4,0,6.35148838252205
0.4,1,5.75098191474417
0.6,0,5.59333251365655
0.6,1,5.32561004260235
0.8,0,6.41435356253308
0.8,1,6.01409308247235
1,0,5.23052379676697
1,1,5.23052379676697
