"THRESH","DRAG","CUMULATIVE"
0.05,0,3.51419921960683
0.05,1,-0.810312794843786
0.1,0,3.80139627892605
0.1,1,0.530016578087571
0.2,0,3.57009770172142
0.2,1,1.80754804611779
0.4,0,3.05575064554393
0.4,1,2.61189891061998
0.6,0,3.79495513467012
0.6,1,3.02843004226177
0.8,0,3.49768300692436
0.8,1,2.92872112338674
1,0,2.7749940413082
1,1,3.14093773632659
