"THRESH","DRAG","CUMULATIVE"
0.05,0,5.47987344375253
0.05,1,3.78188815706685
0.1,0,5.45787140733076
0.1,1,4.46456447751203
0.15,0,5.46778684402801
0.15,1,4.75129541309063
0.2,0,5.57445978142629
0.2,1,4.97159994189894
