"THRESH","DRAG","CUMULATIVE"
0.05,0,5.97558144160849
0.05,1,1.45799683888977
0.1,0,5.99289720238487
0.1,1,2.94118047443611
0.2,0,6.04615384097679
0.2,1,3.96597605516461
0.4,0,5.98718253077549
0.4,1,4.93999417089859
0.6,0,7.31627634098333
0.6,1,5.47469893170318
0.8,0,5.48013571013642
0.8,1,5.09043321928392
1,0,5.51814293601226
1,1,5.51814293601226
