"THRESH","DRAG","CUMULATIVE"
0.05,0,3.9128828121818
0.05,1,1.02999778526551
0.1,0,3.88884334234258
0.1,1,2.03334525804406
0.15,0,4.06626715904823
0.15,1,2.27107343862765
0.2,0,4.15340968653336
0.2,1,2.57041951638312
