"THRESH","DRAG","CUMULATIVE"
0.05,0,3.14195980452838
0.05,1,1.41931046675555
0.1,0,3.29536045289775
0.1,1,2.66972965641634
0.15,0,2.98991202701148
0.15,1,2.46715496033257
0.2,0,2.98980668046505
0.2,1,3.08216422584901
