"THRESH","DRAG","CUMULATIVE"
0.05,0,2.24061375447111
0.05,1,1.897004094442
0.1,0,2.26924850480131
0.1,1,2.05521458087866
0.2,0,2.30277137450459
0.2,1,2.16472889307869
0.4,0,2.38765237527742
0.4,1,2.29346867142753
0.6,0,2.49074084594525
0.6,1,2.41907313130165
0.8,0,2.59745445991633
0.8,1,2.49935315932317
1,0,2.66486357116576
1,1,2.66486357116576
