"THRESH","DRAG","CUMULATIVE"
0.05,0,3.57835306807562
0.05,1,-0.864587424871016
0.1,0,3.25216163021014
0.1,1,0.30497712050844
0.15,0,3.52121414925384
0.15,1,1.13774288722665
0.2,0,3.69043054985669
0.2,1,1.66481223518874
