"THRESH","DRAG","CUMULATIVE"
0.05,0,3.64386968446065
0.05,1,-0.852427625997309
0.1,0,3.32000863301802
0.1,1,0.446590381453335
0.2,0,3.29938703843653
0.2,1,1.99828960819091
0.4,0,3.49967559261685
0.4,1,2.48687070758493
0.6,0,3.93399106759837
0.6,1,2.47620798863305
0.8,0,3.02941956388528
0.8,1,2.79562360636442
1,0,2.94248113342092
1,1,3.07648747707672
