"THRESH","DRAG","CUMULATIVE"
0.5,0,3.45227053756784
0.5,1,2.64895684763757
0.1,0,3.58536436317214
0.1,1,0.313174710514117
0.2,0,3.91972867077548
0.2,1,1.65435672243577
0.4,0,3.28423077660017
0.4,1,2.38169245146619
0.6,0,4.46006085622852
0.6,1,3.19618337434044
0.8,0,3.74416261542917
0.8,1,3.18465943077162
1,0,3.12810956878424
1,1,2.71041341322887
