"THRESH","DRAG","CUMULATIVE"
0.05,0,2.71223442725452
0.05,1,2.77653487446789
0.1,0,3.01065849881131
0.1,1,2.57847317514473
0.15,0,3.01227543190656
0.15,1,3.50094045278127
0.2,0,3.45468671816734
0.2,1,3.27607878215201
