"THRESH","DRAG","CUMULATIVE"
0.05,0,2.77442133431499
0.05,1,1.32906712362684
0.1,0,2.63768786166065
0.1,1,2.18637435142881
0.15,0,3.19562863267056
0.15,1,2.42719835452805
0.2,0,2.93508880419358
0.2,1,2.69250883847287
